order_id,order_date,customer_id,product_id,store_id,quantity,sales,discount,profit,payment_mode,order_status
1,2025-03-02,362,26,20,1,5327.2,20,2586.2,Debit Card,Delivered
2,2023-11-04,198,41,13,5,23709.0,30,-381.0,Debit Card,Delivered
3,2023-10-17,336,1,9,5,12138.75,25,-716.25,Debit Card,Delivered
4,2023-06-23,383,51,2,4,16461.6,5,5493.6,Debit Card,Cancelled
5,2024-11-03,426,25,5,4,11376.0,25,8000.0,Credit Card,Returned
6,2025-05-17,29,14,19,5,20330.0,0,-4250.0,Net Banking,Delivered
7,2024-09-24,151,19,10,1,5051.7,10,3444.7,Credit Card,Delivered
8,2025-09-22,222,48,4,3,5880.0,30,-2160.0,Credit Card,Delivered
9,2023-06-08,76,1,17,2,6150.3,5,1008.3,Debit Card,Delivered
10,2025-12-14,372,24,19,5,16947.0,30,-453.0,UPI,Returned
11,2023-09-26,85,29,2,3,2467.5,30,-2263.5,Net Banking,Delivered
12,2024-01-06,68,50,8,2,2198.3,5,-6513.7,Net Banking,Delivered
13,2025-04-21,235,20,15,4,24796.0,0,8920.0,Debit Card,Returned
14,2024-08-06,373,29,7,2,1997.5,15,-1156.5,Cash,Delivered
15,2024-09-25,175,24,6,5,22999.5,5,5599.5,Cash,Delivered
16,2025-06-21,133,61,13,3,7161.75,25,1935.75,Cash,Delivered
17,2025-12-16,250,44,7,4,18201.6,20,6813.6,Cash,Delivered
18,2023-10-11,229,21,5,2,1779.4,30,-4548.6,Debit Card,Delivered
19,2025-01-30,261,57,8,4,14851.2,30,-1108.8,Net Banking,Delivered
20,2023-09-13,389,1,14,5,11329.5,30,-1525.5,Debit Card,Delivered
21,2025-07-09,2,34,4,2,4473.0,10,1655.0,Net Banking,Delivered
22,2024-03-30,384,59,1,4,16936.0,0,14792.0,Cash,Delivered
23,2023-04-20,302,21,2,1,1080.35,15,-2083.65,Cash,Cancelled
24,2025-03-01,195,58,14,3,18818.55,5,4598.55,UPI,Delivered
25,2024-10-14,358,24,1,2,9684.0,0,2724.0,UPI,Returned
26,2023-10-27,254,60,5,3,12366.9,30,-2282.1,Credit Card,Delivered
27,2025-08-25,119,13,19,3,6539.4,30,4028.4,Credit Card,Returned
28,2023-01-11,171,2,2,4,2084.2,15,-2643.8,UPI,Delivered
29,2023-11-03,362,5,9,3,10442.4,5,6668.4,Net Banking,Returned
30,2025-05-16,198,65,13,5,25604.0,20,10539.0,UPI,Delivered
31,2023-09-07,162,45,17,2,3214.8,10,-2363.2,UPI,Delivered
32,2025-07-25,452,11,14,4,12369.0,25,10185.0,UPI,Delivered
33,2023-02-03,341,21,11,4,4067.2,20,-8588.8,Net Banking,Cancelled
34,2023-10-22,400,24,9,2,7263.0,25,303.0,Debit Card,Delivered
35,2024-12-23,36,53,12,1,2856.0,20,2190.0,Credit Card,Cancelled
36,2023-06-25,202,17,11,4,14698.4,5,10126.4,Net Banking,Delivered
37,2025-11-05,209,45,20,1,1428.8,20,-1360.2,Net Banking,Cancelled
38,2025-08-20,312,46,6,1,942.65,15,-2859.35,UPI,Returned
39,2024-06-03,100,50,7,4,4165.2,10,-13258.8,UPI,Delivered
40,2024-05-08,166,35,7,1,1574.1,10,532.1,UPI,Cancelled
41,2023-04-01,304,48,15,3,7980.0,5,-60.0,Debit Card,Cancelled
42,2023-12-25,21,54,18,3,2473.8,30,-5179.2,Cash,Returned
43,2024-01-09,486,53,13,4,10710.0,25,8046.0,Credit Card,Delivered
44,2024-08-23,272,22,9,4,5668.0,0,-9440.0,Credit Card,Delivered
45,2024-10-08,65,23,10,2,8238.0,0,3852.0,Debit Card,Cancelled
46,2025-08-27,276,60,8,4,16489.2,30,-3042.8,Debit Card,Delivered
47,2025-01-01,132,21,18,2,2287.8,10,-4040.2,UPI,Returned
48,2023-09-12,435,18,7,3,8667.0,10,7557.0,Debit Card,Delivered
49,2025-06-19,363,25,10,4,11376.0,25,8000.0,Cash,Delivered
50,2025-10-15,57,24,11,2,8231.4,15,1271.4,Debit Card,Cancelled
51,2023-06-19,78,25,15,3,7963.2,30,5431.2,Cash,Delivered
52,2024-01-05,230,20,9,4,19836.8,20,3960.8,Net Banking,Delivered
53,2023-06-13,150,20,15,3,18597.0,0,6690.0,Debit Card,Returned
54,2025-07-02,113,31,3,3,13219.2,10,9817.2,Net Banking,Returned
55,2025-06-28,46,36,12,4,8230.8,5,-953.2,Debit Card,Delivered
56,2024-12-23,427,30,2,1,4302.75,25,-78.25,Net Banking,Delivered
57,2023-04-28,455,35,1,3,3935.25,25,809.25,UPI,Returned
58,2025-11-16,78,65,17,4,23043.6,10,10991.6,Credit Card,Delivered
59,2025-06-16,498,36,11,2,3032.4,30,-1559.6,UPI,Delivered
60,2025-01-20,478,66,16,1,4448.85,5,3558.85,Debit Card,Delivered
61,2023-11-11,388,46,12,5,5545.0,0,-13465.0,Cash,Delivered
62,2023-06-07,254,54,19,3,3003.9,15,-4649.1,Net Banking,Delivered
63,2025-03-26,100,34,2,5,11182.5,10,4137.5,Debit Card,Returned
64,2023-08-21,496,8,18,3,17162.7,5,2831.7,UPI,Returned
65,2025-11-26,257,31,9,2,8323.2,15,6055.2,Cash,Cancelled
66,2024-06-17,277,66,15,1,4214.7,10,3324.7,Cash,Delivered
67,2025-10-02,217,62,3,5,20956.5,10,476.5,Credit Card,Delivered
68,2023-06-01,202,23,5,2,5766.6,30,1380.6,Cash,Delivered
69,2024-10-16,201,21,3,4,5084.0,0,-7572.0,Debit Card,Returned
70,2024-08-17,15,20,6,1,4959.2,20,990.2,Debit Card,Delivered
71,2025-01-10,99,11,14,2,5772.2,30,4680.2,Net Banking,Delivered
72,2023-10-12,165,35,2,1,1661.55,5,619.55,Credit Card,Delivered
73,2025-01-25,225,45,2,1,1607.4,10,-1181.6,Cash,Cancelled
74,2023-06-26,94,35,14,2,2798.4,20,714.4,UPI,Delivered
75,2025-09-07,490,33,12,4,10278.0,25,-1970.0,Net Banking,Delivered
76,2023-06-01,190,51,11,4,12129.6,30,1161.6,Credit Card,Delivered
77,2025-08-12,284,29,20,1,998.75,15,-578.25,Net Banking,Delivered
78,2024-01-08,118,41,10,2,9483.6,30,-152.4,Credit Card,Delivered
79,2023-04-24,291,40,1,5,15225.0,30,-6010.0,UPI,Cancelled
80,2023-12-04,466,50,7,2,2082.6,10,-6629.4,Credit Card,Delivered
81,2025-11-28,468,15,7,2,6953.4,10,-2840.6,Debit Card,Delivered
82,2024-07-16,64,7,14,3,13246.8,5,6991.8,Credit Card,Returned
83,2025-12-28,103,18,10,3,7704.0,20,6594.0,UPI,Cancelled
84,2023-11-12,335,25,18,2,6067.2,20,4379.2,Credit Card,Returned
85,2024-11-22,152,63,13,5,3960.0,25,-3215.0,Net Banking,Delivered
86,2023-04-04,467,34,20,1,2485.0,0,1076.0,Net Banking,Delivered
87,2025-05-03,404,14,4,2,5692.4,30,-4139.6,Net Banking,Returned
88,2024-08-16,261,18,3,1,2728.5,15,2358.5,Debit Card,Delivered
89,2025-04-11,199,45,2,2,2500.4,30,-3077.6,Debit Card,Delivered
90,2023-05-03,42,10,11,1,4971.0,25,1519.0,Credit Card,Delivered
91,2025-08-09,488,50,14,4,3933.8,15,-13490.2,Credit Card,Delivered
92,2024-10-02,56,21,17,5,6037.25,5,-9782.75,Debit Card,Returned
93,2023-09-25,448,25,19,3,9669.6,15,7137.6,Debit Card,Cancelled
94,2024-10-15,431,54,6,5,5890.0,0,-6865.0,Credit Card,Delivered
95,2025-07-09,474,16,16,1,2628.9,10,-992.1,Credit Card,Delivered
96,2024-08-17,338,34,12,1,2485.0,0,1076.0,Cash,Cancelled
97,2023-11-24,462,30,10,4,21800.6,5,4276.6,Debit Card,Cancelled
98,2023-11-23,236,53,5,3,10174.5,5,8176.5,Cash,Cancelled
99,2024-09-23,46,12,13,4,14674.4,15,13262.4,Cash,Delivered
100,2025-11-01,270,9,1,1,969.0,15,-2132.0,Cash,Delivered
101,2024-12-23,249,56,1,2,5918.4,20,-2787.6,UPI,Delivered
102,2025-08-21,134,7,6,3,11852.4,15,5597.4,Debit Card,Cancelled
103,2023-08-09,120,16,11,1,2044.7,30,-1576.3,Cash,Delivered
104,2025-01-19,383,1,3,3,7283.25,25,-429.75,Cash,Delivered
105,2023-04-15,94,17,12,1,3287.8,15,2144.8,Net Banking,Cancelled
106,2024-08-14,84,28,18,2,12477.6,10,6621.6,UPI,Delivered
107,2024-07-26,173,35,8,5,7433.25,15,2223.25,Net Banking,Returned
108,2023-09-21,214,47,9,5,20860.0,0,655.0,UPI,Delivered
109,2024-11-25,175,2,13,3,1287.3,30,-2258.7,Net Banking,Delivered
110,2025-11-08,35,23,3,2,7826.1,5,3440.1,Cash,Cancelled
111,2023-03-21,355,37,18,1,5484.0,0,3863.0,Credit Card,Returned
112,2025-08-28,272,48,7,3,5880.0,30,-2160.0,Net Banking,Delivered
113,2025-11-21,142,19,2,2,8980.8,20,5766.8,Credit Card,Delivered
114,2023-11-29,71,20,14,5,27895.5,10,8050.5,Cash,Cancelled
115,2024-11-19,317,7,3,3,11155.2,20,4900.2,Net Banking,Cancelled
116,2024-09-05,372,39,2,5,8504.25,15,4419.25,Cash,Delivered
117,2023-08-13,485,16,15,3,7886.7,10,-2976.3,Cash,Cancelled
118,2023-02-24,488,32,18,3,4489.8,30,-8641.2,Net Banking,Delivered
119,2024-04-11,345,56,20,3,8322.75,25,-4736.25,UPI,Cancelled
120,2025-12-09,127,24,12,4,18399.6,5,4479.6,Net Banking,Delivered
121,2024-05-11,396,27,12,2,3311.0,30,-2651.0,UPI,Cancelled
122,2023-02-08,466,30,7,1,5450.15,5,1069.15,Cash,Delivered
123,2025-04-25,363,34,4,4,9443.0,5,3807.0,Credit Card,Delivered
124,2025-08-23,315,41,8,5,23709.0,30,-381.0,UPI,Returned
125,2024-02-29,234,12,18,2,6905.6,20,6199.6,Net Banking,Delivered
126,2025-02-10,448,36,1,4,6931.2,20,-2252.8,Debit Card,Delivered
127,2024-12-02,267,51,4,4,13862.4,20,2894.4,Net Banking,Delivered
128,2025-09-18,73,36,16,3,5198.4,20,-1689.6,Credit Card,Delivered
129,2024-09-03,298,63,17,3,2534.4,20,-1770.6,Credit Card,Delivered
130,2024-02-29,127,22,1,3,3188.25,25,-8142.75,Cash,Delivered
131,2024-07-14,431,35,12,4,6296.4,10,2128.4,Debit Card,Delivered
132,2025-02-16,254,62,2,5,17463.75,25,-3016.25,Cash,Delivered
133,2023-03-28,472,65,12,2,11521.8,10,5495.8,Debit Card,Returned
134,2025-06-24,252,23,18,1,3707.1,10,1514.1,Debit Card,Returned
135,2024-02-18,209,11,17,4,15667.4,5,13483.4,Net Banking,Delivered
136,2024-07-10,50,5,11,5,13740.0,25,7450.0,Credit Card,Delivered
137,2024-05-05,149,59,11,5,15877.5,25,13197.5,Credit Card,Delivered
138,2024-04-21,279,46,8,5,5267.75,5,-13742.25,UPI,Delivered
139,2025-08-25,130,5,16,4,13190.4,10,8158.4,UPI,Returned
140,2023-11-20,220,37,19,2,10968.0,0,7726.0,Cash,Returned
141,2024-02-13,311,30,18,4,19505.8,15,1981.8,Debit Card,Delivered
142,2023-05-02,344,47,7,3,9387.0,25,-2736.0,UPI,Returned
143,2025-12-31,480,18,11,5,15247.5,5,13397.5,UPI,Delivered
144,2023-12-27,144,46,14,4,3105.2,30,-12102.8,UPI,Delivered
145,2024-08-15,362,57,7,4,20155.2,5,4195.2,UPI,Delivered
146,2023-08-08,237,18,20,3,7704.0,20,6594.0,Debit Card,Delivered
147,2025-12-09,170,8,3,4,18066.0,25,-1042.0,Cash,Delivered
148,2024-07-12,490,49,13,5,14590.25,15,11290.25,Credit Card,Delivered
149,2025-07-28,179,44,12,3,16210.8,5,7669.8,Debit Card,Returned
150,2024-11-21,318,1,14,2,6474.0,0,1332.0,Debit Card,Cancelled
151,2025-04-10,295,38,19,2,12876.3,5,9972.3,Cash,Cancelled
152,2025-03-31,50,58,17,3,19809.0,0,5589.0,UPI,Delivered
153,2024-10-24,435,19,8,2,9542.1,15,6328.1,Credit Card,Delivered
154,2024-04-27,270,34,12,3,6336.75,15,2109.75,Cash,Delivered
155,2023-01-24,118,23,11,3,11121.3,10,4542.3,Debit Card,Returned
156,2024-04-28,38,19,8,3,12629.25,25,7808.25,UPI,Returned
157,2024-09-20,439,50,20,1,983.45,15,-3372.55,Credit Card,Delivered
158,2024-09-28,21,58,3,5,24761.25,25,1061.25,UPI,Returned
159,2024-03-28,98,38,12,3,18297.9,10,13941.9,Credit Card,Delivered
160,2025-07-20,450,64,9,4,5308.6,5,-10251.4,Net Banking,Delivered
161,2025-08-22,294,56,20,4,11097.0,25,-6315.0,Net Banking,Returned
162,2024-05-21,355,45,14,2,2500.4,30,-3077.6,Net Banking,Delivered
163,2025-12-17,193,47,12,5,17731.0,15,-2474.0,Debit Card,Delivered
164,2023-05-07,376,2,7,5,3065.0,0,-2845.0,Net Banking,Cancelled
165,2023-11-03,65,47,5,2,6675.2,20,-1406.8,Credit Card,Delivered
166,2023-08-27,274,54,4,5,5006.5,15,-7748.5,Credit Card,Returned
167,2023-07-06,176,1,12,5,13757.25,15,902.25,Net Banking,Delivered
168,2023-09-28,352,27,19,1,2010.25,15,-970.75,Net Banking,Delivered
169,2023-04-29,179,28,4,4,22182.4,20,10470.4,Net Banking,Delivered
170,2023-02-14,426,19,13,3,12629.25,25,7808.25,Cash,Delivered
171,2024-03-22,186,16,11,1,2190.75,25,-1430.25,Net Banking,Delivered
172,2024-12-06,118,28,10,1,5892.2,15,2964.2,UPI,Cancelled
173,2025-08-24,406,55,4,1,5588.0,0,4649.0,UPI,Delivered
174,2023-10-05,263,15,12,4,14679.4,5,-4908.6,Cash,Delivered
175,2025-02-12,86,38,2,4,23041.8,15,17233.8,Cash,Delivered
176,2024-12-13,160,52,5,5,4075.5,5,-15434.5,UPI,Delivered
177,2025-12-19,347,23,9,5,17505.75,15,6540.75,Credit Card,Returned
178,2023-01-08,429,55,3,2,7823.2,30,5945.2,UPI,Delivered
179,2025-05-18,67,12,3,4,12948.0,25,11536.0,Net Banking,Delivered
180,2025-08-01,144,11,6,2,7833.7,5,6741.7,Debit Card,Delivered
181,2023-08-20,356,49,5,3,9784.05,5,7804.05,UPI,Returned
182,2023-02-02,199,6,1,4,20204.8,20,1956.8,Credit Card,Delivered
183,2023-03-10,167,61,2,1,3183.0,0,1441.0,Cash,Cancelled
184,2023-04-01,231,23,16,1,3913.05,5,1720.05,Cash,Delivered
185,2024-03-20,362,45,10,2,2857.6,20,-2720.4,UPI,Delivered
186,2024-04-24,323,36,5,5,9747.0,10,-1733.0,Net Banking,Delivered
187,2024-10-18,493,3,9,5,26676.0,20,5306.0,Credit Card,Delivered
188,2025-12-03,67,48,10,2,4200.0,25,-1160.0,Credit Card,Delivered
189,2023-05-05,224,40,10,3,11745.0,10,-996.0,Net Banking,Cancelled
190,2025-05-24,105,14,1,2,6099.0,25,-3733.0,Net Banking,Delivered
191,2025-02-19,278,18,12,1,2889.0,10,2519.0,Net Banking,Delivered
192,2023-11-02,461,9,12,4,3876.0,15,-8528.0,Debit Card,Delivered
193,2025-08-27,369,37,5,2,7677.6,30,4435.6,Credit Card,Delivered
194,2023-10-23,301,7,17,3,9760.8,30,3505.8,Cash,Delivered
195,2025-05-03,480,48,17,5,11900.0,15,-1500.0,Net Banking,Cancelled
196,2024-05-12,402,30,19,2,9752.9,15,990.9,Debit Card,Delivered
197,2023-06-11,355,48,5,3,6300.0,25,-1740.0,Cash,Delivered
198,2024-01-26,407,37,20,1,4387.2,20,2766.2,UPI,Delivered
199,2023-03-22,169,28,8,4,20796.0,25,9084.0,UPI,Delivered
200,2024-03-20,498,39,18,5,7503.75,25,3418.75,Cash,Delivered
201,2023-02-01,160,47,19,3,11264.4,10,-858.6,Credit Card,Delivered
202,2025-09-07,204,63,2,1,792.0,25,-643.0,Credit Card,Returned
203,2024-02-23,342,59,8,5,15877.5,25,13197.5,Cash,Delivered
204,2024-08-02,190,51,17,5,19494.0,10,5784.0,Cash,Delivered
205,2025-01-05,375,58,14,5,24761.25,25,1061.25,Debit Card,Delivered
206,2025-10-15,400,24,15,3,11620.8,20,1180.8,Cash,Delivered
207,2024-10-17,45,10,7,4,18558.4,30,4750.4,Credit Card,Delivered
208,2023-04-04,23,59,3,3,10796.7,15,9188.7,Net Banking,Delivered
209,2024-06-18,389,8,9,2,12044.0,0,2490.0,Net Banking,Cancelled
210,2025-05-05,465,5,9,5,13740.0,25,7450.0,Debit Card,Delivered
211,2024-04-16,241,29,5,2,2115.0,10,-1039.0,Cash,Cancelled
212,2024-11-22,177,11,8,2,7009.1,15,5917.1,Debit Card,Delivered
213,2023-12-11,240,46,3,4,3770.6,15,-11437.4,Debit Card,Delivered
214,2025-09-27,11,56,12,2,5548.5,25,-3157.5,Credit Card,Cancelled
215,2023-03-11,94,44,14,1,4550.4,20,1703.4,UPI,Returned
216,2023-01-14,118,63,2,1,739.2,30,-695.8,Cash,Delivered
217,2023-11-06,403,17,10,2,7736.0,0,5450.0,UPI,Delivered
218,2025-02-03,330,40,20,5,18487.5,15,-2747.5,UPI,Cancelled
219,2025-09-26,374,55,18,5,23749.0,15,19054.0,UPI,Delivered
220,2025-04-22,290,34,13,5,9940.0,20,2895.0,UPI,Delivered
221,2024-07-16,334,62,10,5,17463.75,25,-3016.25,Net Banking,Delivered
222,2025-05-31,325,39,19,1,1600.8,20,783.8,Credit Card,Delivered
223,2023-11-01,118,44,11,1,4550.4,20,1703.4,Credit Card,Delivered
224,2024-05-31,175,8,1,5,24088.0,20,203.0,Debit Card,Delivered
225,2025-02-03,186,57,15,4,21216.0,0,5256.0,Cash,Delivered
226,2024-04-07,111,11,6,5,19584.25,5,16854.25,Debit Card,Returned
227,2023-03-06,237,9,18,1,855.0,25,-2246.0,UPI,Delivered
228,2025-09-01,138,62,19,4,15833.8,15,-550.2,UPI,Returned
229,2023-12-17,243,15,15,1,2897.25,25,-1999.75,UPI,Delivered
230,2024-11-09,33,41,9,4,20322.0,25,1050.0,Net Banking,Delivered
231,2024-04-15,117,7,13,5,23240.0,0,12815.0,Credit Card,Returned
232,2024-07-09,364,38,7,5,28802.25,15,21542.25,UPI,Delivered
233,2023-03-09,166,46,10,3,2661.6,20,-8744.4,Credit Card,Delivered
234,2023-10-23,363,7,6,1,4415.6,5,2330.6,Cash,Delivered
235,2024-05-07,92,63,2,3,3009.6,5,-1295.4,Net Banking,Delivered
236,2025-02-25,292,58,18,5,29713.5,10,6013.5,Credit Card,Returned
237,2024-12-09,325,47,20,1,3337.6,20,-703.4,UPI,Delivered
238,2023-06-05,46,50,2,4,4396.6,5,-13027.4,Debit Card,Cancelled
239,2025-03-23,96,27,14,5,9460.0,20,-5445.0,Debit Card,Delivered
240,2025-07-11,113,12,18,3,9063.6,30,8004.6,Cash,Delivered
241,2025-02-07,361,6,6,3,15153.6,20,1467.6,Cash,Delivered
242,2025-02-17,263,27,19,5,8868.75,25,-6036.25,UPI,Cancelled
243,2024-05-19,166,47,10,3,8761.2,30,-3361.8,UPI,Delivered
244,2025-02-17,477,40,19,3,12397.5,5,-343.5,Credit Card,Returned
245,2025-01-08,383,54,8,4,4240.8,10,-5963.2,UPI,Delivered
246,2025-06-29,354,4,20,1,1790.1,10,-1936.9,Debit Card,Delivered
247,2023-06-28,109,16,18,1,2774.95,5,-846.05,Credit Card,Delivered
248,2025-11-15,393,35,14,4,5596.8,20,1428.8,Cash,Delivered
249,2024-12-25,233,36,14,1,2166.0,0,-130.0,Net Banking,Delivered
250,2024-10-26,414,16,12,5,11684.0,20,-6421.0,Cash,Delivered
251,2025-03-05,445,1,1,3,8254.35,15,541.35,UPI,Returned
252,2025-12-03,240,56,6,5,17570.25,5,-4194.75,Credit Card,Returned
253,2023-10-12,1,43,18,4,22104.6,5,2808.6,Debit Card,Delivered
254,2023-10-26,321,34,5,3,6336.75,15,2109.75,UPI,Delivered
255,2025-05-12,135,66,6,4,16858.8,10,13298.8,Debit Card,Delivered
256,2024-05-30,89,23,19,1,3707.1,10,1514.1,Credit Card,Returned
257,2024-02-05,211,59,3,4,13548.8,20,11404.8,Cash,Delivered
258,2023-01-14,456,49,11,2,6179.4,10,4859.4,Cash,Delivered
259,2024-11-05,41,35,3,5,7433.25,15,2223.25,Cash,Delivered
260,2023-10-06,230,12,15,4,12084.8,30,10672.8,Debit Card,Delivered
261,2024-02-16,64,2,3,5,2298.75,25,-3611.25,Cash,Delivered
262,2024-10-15,132,64,20,2,2374.9,15,-5405.1,Debit Card,Returned
263,2024-05-11,409,58,8,4,21129.6,20,2169.6,Debit Card,Delivered
264,2025-03-15,211,37,1,3,11516.4,30,6653.4,Debit Card,Delivered
265,2024-01-04,370,7,4,5,22078.0,5,11653.0,Net Banking,Delivered
266,2024-03-05,138,14,17,4,12198.0,25,-7466.0,Cash,Delivered
267,2025-04-17,278,57,12,1,3712.8,30,-277.2,Cash,Delivered
268,2024-06-01,324,16,9,3,8324.85,5,-2538.15,Credit Card,Returned
269,2025-02-11,108,22,18,4,3967.6,30,-11140.4,UPI,Delivered
270,2025-03-31,436,53,20,5,15172.5,15,11842.5,Net Banking,Cancelled
271,2023-03-17,90,49,16,4,10985.6,20,8345.6,Debit Card,Returned
272,2023-06-24,444,23,17,5,16476.0,20,5511.0,UPI,Delivered
273,2023-04-01,435,54,16,3,3357.3,5,-4295.7,Net Banking,Returned
274,2024-11-10,103,65,14,4,17922.8,30,5870.8,Cash,Delivered
275,2024-06-13,284,30,9,1,5737.0,0,1356.0,Credit Card,Cancelled
276,2024-03-28,107,3,18,5,26676.0,20,5306.0,Cash,Delivered
277,2025-10-21,376,55,14,4,18999.2,15,15243.2,Credit Card,Delivered
278,2023-08-03,7,34,14,1,2112.25,15,703.25,Debit Card,Delivered
279,2023-10-18,487,14,13,1,4066.0,0,-850.0,Debit Card,Delivered
280,2024-02-28,164,38,2,3,17281.35,15,12925.35,Net Banking,Delivered
281,2023-07-19,156,29,18,3,2996.25,15,-1734.75,Cash,Returned
282,2023-05-18,126,7,4,4,16732.8,10,8392.8,Debit Card,Delivered
283,2024-12-03,131,40,7,1,4350.0,0,103.0,UPI,Returned
284,2024-05-14,468,10,1,2,9942.0,25,3038.0,Net Banking,Delivered
285,2024-11-08,242,42,2,5,20078.25,5,-4656.75,Net Banking,Delivered
286,2025-04-09,474,25,18,4,14409.6,5,11033.6,Credit Card,Delivered
287,2023-03-01,306,61,12,4,10822.2,15,3854.2,Net Banking,Delivered
288,2025-05-29,445,16,6,4,9347.2,20,-5136.8,Cash,Delivered
289,2024-07-24,151,40,15,2,8265.0,5,-229.0,UPI,Cancelled
290,2024-01-18,309,58,14,1,4622.1,30,-117.9,Debit Card,Delivered
291,2023-08-22,212,25,5,2,6446.4,15,4758.4,Debit Card,Returned
292,2024-10-03,247,31,2,4,15667.2,20,11131.2,Net Banking,Delivered
293,2023-08-22,472,3,2,5,28343.25,15,6973.25,Debit Card,Delivered
294,2023-12-20,429,42,8,4,13526.4,20,-6261.6,Debit Card,Cancelled
295,2023-10-02,244,46,20,5,5545.0,0,-13465.0,Debit Card,Delivered
296,2023-08-28,277,22,1,2,2550.6,10,-5003.4,Credit Card,Delivered
297,2025-03-06,112,17,10,2,6188.8,20,3902.8,Cash,Cancelled
298,2025-02-24,111,60,6,2,9422.4,20,-343.6,Cash,Delivered
299,2023-12-21,105,43,20,4,17451.0,25,-1845.0,Net Banking,Delivered
300,2023-10-15,299,19,8,4,20206.8,10,13778.8,Credit Card,Delivered
301,2023-04-20,193,42,18,4,13526.4,20,-6261.6,Debit Card,Delivered
302,2024-02-04,290,55,15,4,21234.4,5,17478.4,Cash,Cancelled
303,2025-10-10,275,25,12,5,14220.0,25,10000.0,Cash,Returned
304,2025-06-28,408,43,16,4,19777.8,15,481.8,Cash,Delivered
305,2023-03-05,14,14,19,1,3252.8,20,-1663.2,Credit Card,Delivered
306,2024-04-05,338,57,6,1,4773.6,10,783.6,Net Banking,Delivered
307,2025-07-25,38,14,3,2,5692.4,30,-4139.6,Net Banking,Returned
308,2025-11-12,276,19,2,4,17961.6,20,11533.6,UPI,Cancelled
309,2025-01-21,326,1,18,1,2913.3,10,342.3,Net Banking,Delivered
310,2024-03-23,420,54,13,4,3769.6,20,-6434.4,Cash,Delivered
311,2023-03-08,276,25,12,2,6825.6,10,5137.6,Cash,Delivered
312,2023-06-28,266,55,16,3,11734.8,30,8917.8,Cash,Delivered
313,2024-12-19,377,16,20,2,5549.9,5,-1692.1,Net Banking,Returned
314,2023-10-13,179,59,20,4,16089.2,5,13945.2,Credit Card,Delivered
315,2024-12-19,261,48,15,1,2240.0,20,-440.0,Net Banking,Delivered
316,2023-12-11,399,46,3,5,4436.0,20,-14574.0,Debit Card,Returned
317,2024-07-01,46,26,18,3,17979.3,10,9756.3,Net Banking,Returned
318,2025-04-22,196,3,17,1,6335.55,5,2061.55,UPI,Delivered
319,2023-09-29,245,57,20,2,7956.0,25,-24.0,Credit Card,Delivered
320,2024-05-21,262,50,18,3,2429.7,30,-10638.3,Cash,Delivered
321,2024-07-04,478,65,3,2,10241.6,20,4215.6,Cash,Delivered
322,2023-07-10,357,53,7,4,14280.0,0,11616.0,Cash,Cancelled
323,2025-01-25,289,10,6,3,14913.0,25,4557.0,Cash,Delivered
324,2023-01-06,290,41,17,3,16257.6,20,1803.6,UPI,Returned
325,2025-01-03,69,13,17,4,9342.0,25,5994.0,UPI,Cancelled
326,2025-05-29,493,9,7,4,4332.0,5,-8072.0,Credit Card,Delivered
327,2024-08-03,487,1,8,3,8739.9,10,1026.9,Debit Card,Cancelled
328,2025-09-20,33,52,20,5,4075.5,5,-15434.5,Debit Card,Returned
329,2023-07-23,118,50,10,1,1157.0,0,-3199.0,Cash,Delivered
330,2023-11-20,300,44,12,1,3981.6,30,1134.6,Cash,Delivered
331,2024-02-19,373,59,16,1,3598.9,15,3062.9,Credit Card,Returned
332,2024-07-15,83,65,6,3,18242.85,5,9203.85,UPI,Returned
333,2023-06-18,62,66,5,3,12644.1,10,9974.1,Debit Card,Returned
334,2025-03-22,396,41,12,2,13548.0,0,3912.0,Debit Card,Returned
335,2023-07-06,454,29,17,2,1997.5,15,-1156.5,UPI,Delivered
336,2023-06-09,473,58,11,2,11225.1,15,1745.1,Credit Card,Cancelled
337,2025-06-30,448,27,6,2,3784.0,20,-2178.0,UPI,Delivered
338,2023-09-04,125,57,5,3,11138.4,30,-831.6,Cash,Returned
339,2023-05-26,251,39,1,2,3401.7,15,1767.7,Credit Card,Delivered
340,2023-07-29,265,62,4,1,3492.75,25,-603.25,UPI,Delivered
341,2023-10-08,290,8,11,3,16259.4,10,1928.4,Cash,Delivered
342,2025-12-22,42,28,18,2,13864.0,0,8008.0,Net Banking,Delivered
343,2023-12-03,490,50,6,5,4338.75,25,-17441.25,Cash,Delivered
344,2023-11-07,424,33,13,2,5139.0,25,-985.0,Cash,Cancelled
345,2024-03-20,238,18,13,4,8988.0,30,7508.0,UPI,Delivered
346,2023-09-10,270,45,12,2,2500.4,30,-3077.6,Net Banking,Returned
347,2025-05-29,231,63,18,4,3801.6,10,-1938.4,Debit Card,Delivered
348,2023-06-22,61,19,9,2,10103.4,10,6889.4,Credit Card,Cancelled
349,2024-08-06,346,21,17,5,5084.0,20,-10736.0,UPI,Returned
350,2025-11-26,275,53,10,3,10174.5,5,8176.5,Net Banking,Cancelled
351,2025-03-13,423,62,11,2,6985.5,25,-1206.5,Debit Card,Returned
352,2024-05-05,39,38,19,1,4743.9,30,3291.9,Cash,Delivered
353,2025-10-20,293,16,16,1,2774.95,5,-846.05,Net Banking,Delivered
354,2025-01-09,457,12,9,5,21580.0,0,19815.0,Debit Card,Delivered
355,2025-05-11,304,2,5,4,1716.4,30,-3011.6,Debit Card,Cancelled
356,2025-08-22,154,20,20,2,8678.6,30,740.6,UPI,Delivered
357,2023-01-29,240,19,6,5,28065.0,0,20030.0,Debit Card,Delivered
358,2025-03-26,434,37,17,1,5484.0,0,3863.0,Net Banking,Delivered
359,2025-04-30,456,15,7,5,13520.5,30,-10964.5,Cash,Returned
360,2023-11-09,428,10,16,4,26512.0,0,12704.0,Debit Card,Delivered
361,2025-11-13,364,48,13,3,8400.0,0,360.0,Credit Card,Delivered
362,2025-03-11,449,39,18,5,9004.5,10,4919.5,Net Banking,Returned
363,2025-06-14,50,32,13,1,1924.2,10,-2452.8,Credit Card,Delivered
364,2025-06-08,447,22,3,2,2834.0,0,-4720.0,UPI,Delivered
365,2023-04-23,366,8,15,5,24088.0,20,203.0,Debit Card,Returned
366,2023-01-26,499,10,7,2,13256.0,0,6352.0,Credit Card,Returned
367,2025-10-13,39,11,13,1,3916.85,5,3370.85,Debit Card,Cancelled
368,2024-06-14,171,13,20,5,10899.0,30,6714.0,Credit Card,Delivered
369,2024-07-04,449,13,13,2,4671.0,25,2997.0,UPI,Delivered
370,2025-05-29,368,21,16,3,2669.1,30,-6822.9,Debit Card,Cancelled
371,2023-06-07,424,61,16,1,2864.7,10,1122.7,Cash,Delivered
372,2023-04-24,191,54,1,5,5301.0,10,-7454.0,Cash,Cancelled
373,2023-11-19,357,20,5,2,11158.2,10,3220.2,Debit Card,Delivered
374,2023-08-25,173,56,5,5,13871.25,25,-7893.75,Credit Card,Returned
375,2023-04-01,273,33,8,5,17130.0,0,1820.0,UPI,Delivered
376,2025-01-15,47,57,18,1,4508.4,15,518.4,Cash,Delivered
377,2023-03-14,29,20,10,2,8678.6,30,740.6,Net Banking,Returned
378,2024-10-21,108,57,7,4,20155.2,5,4195.2,Credit Card,Delivered
379,2023-06-09,393,30,12,3,15489.9,10,2346.9,Net Banking,Delivered
380,2023-04-18,223,6,13,1,5051.2,20,489.2,Credit Card,Delivered
381,2025-04-01,134,8,13,5,30110.0,0,6225.0,UPI,Delivered
382,2024-09-28,145,28,2,3,14557.2,30,5773.2,Debit Card,Delivered
383,2023-01-17,434,39,12,5,8504.25,15,4419.25,Debit Card,Delivered
384,2024-09-14,475,60,16,3,14133.6,20,-515.4,Net Banking,Delivered
385,2025-10-07,491,44,7,4,20476.8,10,9088.8,Credit Card,Returned
386,2024-05-17,99,8,14,5,21077.0,30,-2808.0,Credit Card,Delivered
387,2024-04-22,339,34,4,4,9940.0,0,4304.0,Net Banking,Delivered
388,2023-01-03,90,48,13,1,2520.0,10,-160.0,Cash,Returned
389,2024-02-25,251,54,18,3,3534.0,0,-4119.0,Net Banking,Delivered
390,2023-05-03,229,6,6,4,21467.6,15,3219.6,Credit Card,Returned
391,2023-03-31,136,20,20,3,18597.0,0,6690.0,Credit Card,Cancelled
392,2025-02-01,326,54,6,4,3534.0,25,-6670.0,Cash,Returned
393,2023-07-15,66,1,14,1,2589.6,20,18.6,Net Banking,Delivered
394,2023-05-08,36,59,8,4,16936.0,0,14792.0,Cash,Returned
395,2024-08-20,149,7,3,2,8831.2,5,4661.2,Debit Card,Delivered
396,2024-10-30,39,52,3,4,2574.0,25,-13034.0,Debit Card,Delivered
397,2023-06-02,294,46,13,3,3160.65,5,-8245.35,Credit Card,Delivered
398,2023-11-15,66,41,9,5,33870.0,0,9780.0,UPI,Delivered
399,2024-10-05,175,19,12,4,19084.2,15,12656.2,Cash,Delivered
400,2024-03-01,275,53,17,5,16065.0,10,12735.0,Cash,Delivered
401,2023-09-03,482,42,9,4,15217.2,10,-4570.8,UPI,Delivered
402,2023-03-24,390,56,8,3,7767.9,30,-5291.1,Credit Card,Delivered
403,2024-05-23,453,49,12,2,6866.0,0,5546.0,Debit Card,Delivered
404,2024-09-04,449,56,3,5,18495.0,0,-3270.0,Debit Card,Delivered
405,2025-07-15,223,10,6,1,5633.8,15,2181.8,Net Banking,Returned
406,2023-07-13,215,27,12,5,11233.75,5,-3671.25,Cash,Delivered
407,2023-01-25,304,64,12,2,2794.0,0,-4986.0,UPI,Delivered
408,2025-03-31,344,36,18,2,4115.4,5,-476.6,Debit Card,Returned
409,2024-06-14,375,24,12,1,3873.6,20,393.6,UPI,Delivered
410,2025-06-27,421,65,8,1,6080.95,5,3067.95,Credit Card,Delivered
411,2023-03-29,170,52,20,3,2574.0,0,-9132.0,Cash,Delivered
412,2025-06-06,341,66,11,2,7492.8,20,5712.8,Cash,Delivered
413,2025-05-23,348,2,16,1,521.05,15,-660.95,Credit Card,Delivered
414,2024-07-17,425,32,4,2,4062.2,5,-4691.8,Debit Card,Delivered
415,2024-05-18,437,6,9,2,12628.0,0,3504.0,Debit Card,Delivered
416,2025-09-08,450,63,11,4,3379.2,20,-2360.8,UPI,Delivered
417,2023-10-09,284,31,10,3,12484.8,15,9082.8,Cash,Delivered
418,2023-02-09,268,19,4,5,26661.75,5,18626.75,Cash,Returned
419,2025-09-19,111,51,16,3,11046.6,15,2820.6,Debit Card,Cancelled
420,2025-03-06,207,45,12,5,8037.0,10,-5908.0,Debit Card,Delivered
421,2024-03-24,220,20,5,1,5579.1,10,1610.1,UPI,Delivered
422,2025-08-24,196,8,6,1,4215.4,30,-561.6,Net Banking,Delivered
423,2023-11-23,362,33,11,5,16273.5,5,963.5,UPI,Delivered
424,2025-12-28,225,27,20,2,4257.0,10,-1705.0,UPI,Delivered
425,2025-03-06,339,42,17,5,14794.5,30,-9940.5,Debit Card,Delivered
426,2024-10-13,165,61,10,2,6047.7,5,2563.7,Debit Card,Cancelled
427,2024-12-21,180,63,1,1,792.0,25,-643.0,Net Banking,Cancelled
428,2024-01-21,42,23,3,2,6590.4,20,2204.4,Cash,Cancelled
429,2025-10-01,154,53,16,3,10174.5,5,8176.5,UPI,Delivered
430,2024-03-24,335,31,10,1,4651.2,5,3517.2,UPI,Cancelled
431,2024-11-10,485,45,11,4,7144.0,0,-4012.0,Net Banking,Delivered
432,2023-12-30,240,15,13,2,6953.4,10,-2840.6,Debit Card,Delivered
433,2023-10-18,377,3,13,1,6335.55,5,2061.55,UPI,Cancelled
434,2025-02-04,372,5,5,3,10992.0,0,7218.0,Cash,Cancelled
435,2024-09-10,183,37,11,1,4935.6,10,3314.6,Debit Card,Delivered
436,2025-06-13,473,9,5,2,1710.0,25,-4492.0,Cash,Returned
437,2024-12-31,299,37,8,3,15629.4,5,10766.4,Credit Card,Returned
438,2023-12-26,242,49,10,5,12015.5,30,8715.5,Cash,Delivered
439,2023-12-30,62,12,16,3,12300.6,5,11241.6,UPI,Returned
440,2023-03-08,296,40,5,5,18487.5,15,-2747.5,Credit Card,Cancelled
441,2024-03-28,362,46,3,3,2328.9,30,-9077.1,Net Banking,Delivered
442,2024-11-09,342,30,2,4,21800.6,5,4276.6,UPI,Delivered
443,2023-12-10,420,17,4,3,10443.6,10,7014.6,UPI,Returned
444,2023-01-24,347,59,7,3,10796.7,15,9188.7,Debit Card,Delivered
445,2023-05-19,4,59,1,2,6351.0,25,5279.0,Debit Card,Delivered
446,2023-01-03,102,39,13,1,1500.75,25,683.75,UPI,Delivered
447,2025-05-09,111,64,5,4,4191.0,25,-11369.0,Credit Card,Delivered
448,2024-12-20,434,15,4,4,13134.2,15,-6453.8,Net Banking,Delivered
449,2025-09-08,356,54,8,1,824.6,30,-1726.4,Net Banking,Returned
450,2025-07-13,31,57,1,2,10077.6,5,2097.6,UPI,Delivered
451,2024-10-14,26,32,5,3,6414.0,0,-6717.0,Debit Card,Delivered
452,2023-12-15,291,2,5,1,551.7,10,-630.3,Cash,Delivered
453,2023-07-10,22,54,2,1,942.4,20,-1608.6,Debit Card,Cancelled
454,2023-03-05,364,38,3,5,28802.25,15,21542.25,Cash,Returned
455,2025-06-08,190,32,1,2,3420.8,20,-5333.2,Credit Card,Delivered
456,2024-02-25,204,4,6,1,1790.1,10,-1936.9,Credit Card,Delivered
457,2024-06-27,246,37,17,5,20565.0,25,12460.0,Debit Card,Delivered
458,2023-04-12,170,3,14,2,13338.0,0,4790.0,Cash,Cancelled
459,2025-10-02,147,49,17,5,12015.5,30,8715.5,Credit Card,Delivered
460,2025-05-25,489,59,17,3,12702.0,0,11094.0,UPI,Delivered
461,2024-02-13,446,55,20,5,23749.0,15,19054.0,UPI,Delivered
462,2024-08-20,144,34,11,2,4721.5,5,1903.5,UPI,Delivered
463,2025-03-25,40,53,11,1,3213.0,10,2547.0,Cash,Delivered
464,2025-03-04,183,32,17,3,6414.0,0,-6717.0,Credit Card,Delivered
465,2024-01-18,247,7,4,4,16732.8,10,8392.8,Cash,Delivered
466,2025-08-10,107,26,4,3,16980.45,15,8757.45,Debit Card,Delivered
467,2023-05-07,133,4,15,3,4773.6,20,-6407.4,Credit Card,Returned
468,2024-12-05,176,53,14,1,3570.0,0,2904.0,Net Banking,Delivered
469,2023-05-05,4,29,20,5,5581.25,5,-2303.75,Cash,Cancelled
470,2025-08-30,475,4,12,4,6364.8,20,-8543.2,Net Banking,Delivered
471,2023-06-11,150,50,4,4,4165.2,10,-13258.8,Cash,Returned
472,2025-11-24,414,8,5,1,4817.6,20,40.6,Net Banking,Returned
473,2023-09-04,41,34,14,5,11803.75,5,4758.75,Cash,Delivered
474,2024-01-30,68,17,12,2,7349.2,5,5063.2,Credit Card,Delivered
475,2025-06-10,324,50,15,4,4628.0,0,-12796.0,Credit Card,Returned
476,2024-06-12,451,47,3,2,5840.8,30,-2241.2,Debit Card,Returned
477,2025-03-05,279,38,19,1,6777.0,0,5325.0,Net Banking,Delivered
478,2024-07-19,456,47,15,5,18774.0,10,-1431.0,Net Banking,Delivered
479,2025-12-06,321,47,4,1,2920.4,30,-1120.6,Cash,Delivered
480,2023-10-31,171,55,10,4,21234.4,5,17478.4,Net Banking,Cancelled
481,2023-07-25,107,54,10,5,4123.0,30,-8632.0,UPI,Cancelled
482,2024-08-08,493,13,18,1,2179.8,30,1342.8,Net Banking,Delivered
483,2025-02-23,57,19,12,4,20206.8,10,13778.8,Cash,Cancelled
484,2023-03-18,159,38,9,5,28802.25,15,21542.25,Credit Card,Delivered
485,2025-04-02,95,57,6,4,20155.2,5,4195.2,UPI,Delivered
486,2024-05-01,206,47,3,3,9387.0,25,-2736.0,UPI,Returned
487,2025-02-01,145,9,20,4,4104.0,10,-8300.0,UPI,Delivered
488,2024-07-28,124,60,14,3,15900.3,10,1251.3,Cash,Returned
489,2024-04-11,266,11,9,1,2886.1,30,2340.1,Credit Card,Delivered
490,2024-10-19,56,62,19,4,13039.6,30,-3344.4,Debit Card,Returned
491,2023-07-02,214,7,19,4,14873.6,20,6533.6,Credit Card,Delivered
492,2025-04-13,394,53,15,2,4998.0,30,3666.0,Cash,Cancelled
493,2023-04-26,281,66,16,3,9834.3,30,7164.3,Net Banking,Delivered
494,2025-11-03,319,50,15,1,1041.3,10,-3314.7,Cash,Delivered
495,2023-03-01,384,21,15,5,5084.0,20,-10736.0,Credit Card,Delivered
496,2023-04-29,278,51,16,2,6064.8,30,580.8,Credit Card,Delivered
497,2025-01-08,94,54,16,4,4712.0,0,-5492.0,Credit Card,Delivered
498,2025-08-08,323,50,3,3,2429.7,30,-10638.3,Net Banking,Delivered
499,2023-03-04,22,27,19,1,1773.75,25,-1207.25,Credit Card,Delivered
500,2025-07-02,107,43,20,4,18614.4,20,-681.6,Credit Card,Delivered
501,2024-12-17,176,49,16,5,13732.0,20,10432.0,Debit Card,Delivered
502,2023-07-05,255,55,3,3,12573.0,25,9756.0,Debit Card,Delivered
503,2023-11-30,334,4,14,4,7956.0,0,-6952.0,Net Banking,Delivered
504,2024-04-06,214,13,9,2,4671.0,25,2997.0,Credit Card,Delivered
505,2023-02-11,369,16,3,4,9347.2,20,-5136.8,UPI,Delivered
506,2023-12-21,155,49,2,2,5149.5,25,3829.5,Net Banking,Delivered
507,2024-09-17,461,59,9,2,7621.2,10,6549.2,Debit Card,Delivered
508,2024-12-15,424,41,1,4,18967.2,30,-304.8,Cash,Delivered
509,2024-09-10,157,6,13,2,10733.8,15,1609.8,Net Banking,Cancelled
510,2023-07-29,364,20,17,4,19836.8,20,3960.8,UPI,Cancelled
511,2024-08-01,31,41,6,3,16257.6,20,1803.6,Debit Card,Returned
512,2023-05-11,66,24,20,1,4115.7,15,635.7,Debit Card,Delivered
513,2024-07-21,486,6,5,3,13259.4,30,-426.6,Debit Card,Returned
514,2023-11-04,255,35,4,3,4984.65,5,1858.65,Net Banking,Delivered
515,2025-04-07,377,46,16,1,776.3,30,-3025.7,Debit Card,Returned
516,2023-02-22,36,13,2,2,4671.0,25,2997.0,Cash,Delivered
517,2025-04-08,309,49,10,3,8754.15,15,6774.15,Cash,Returned
518,2024-01-24,379,4,14,1,1591.2,20,-2135.8,Debit Card,Returned
519,2025-12-30,295,4,3,2,2983.5,25,-4470.5,Cash,Returned
520,2024-09-06,369,49,19,3,8239.2,20,6259.2,Credit Card,Returned
521,2024-08-24,2,15,2,5,18349.25,5,-6135.75,UPI,Delivered
522,2024-06-13,138,48,10,2,4200.0,25,-1160.0,Net Banking,Delivered
523,2023-07-02,272,53,14,3,8032.5,25,6034.5,Credit Card,Delivered
524,2024-09-20,82,15,18,2,5794.5,25,-3999.5,Cash,Delivered
525,2024-08-25,437,23,3,3,11121.3,10,4542.3,Cash,Delivered
526,2023-05-26,190,36,20,4,8664.0,0,-520.0,Cash,Delivered
527,2025-02-20,329,55,18,5,27940.0,0,23245.0,Net Banking,Delivered
528,2023-11-05,316,27,2,4,9460.0,0,-2464.0,Credit Card,Delivered
529,2025-07-26,59,35,1,3,4459.95,15,1333.95,Credit Card,Delivered
530,2023-06-15,330,48,7,2,3920.0,30,-1440.0,Cash,Delivered
531,2023-04-29,362,29,9,2,2115.0,10,-1039.0,UPI,Delivered
532,2023-12-12,13,61,5,3,9071.55,5,3845.55,Net Banking,Delivered
533,2023-06-30,457,41,15,4,18967.2,30,-304.8,Credit Card,Cancelled
534,2025-05-29,245,46,18,4,3327.0,25,-11881.0,Cash,Delivered
535,2023-01-10,147,30,8,4,19505.8,15,1981.8,UPI,Cancelled
536,2025-02-03,336,63,15,2,1584.0,25,-1286.0,UPI,Delivered
537,2023-02-06,395,36,1,5,10288.5,5,-1191.5,UPI,Returned
538,2024-12-06,110,55,9,2,10617.2,5,8739.2,Debit Card,Delivered
539,2025-10-27,134,63,13,1,897.6,15,-537.4,Net Banking,Delivered
540,2023-04-04,112,65,10,2,12802.0,0,6776.0,Debit Card,Delivered
541,2025-12-01,152,42,20,4,12681.0,25,-7107.0,Net Banking,Cancelled
542,2023-10-02,499,7,4,3,11852.4,15,5597.4,Debit Card,Delivered
543,2024-01-21,264,43,12,3,12215.7,30,-2256.3,Credit Card,Delivered
544,2024-04-04,99,31,2,1,4651.2,5,3517.2,Credit Card,Delivered
545,2025-10-30,353,17,4,1,3094.4,20,1951.4,Credit Card,Delivered
546,2023-03-18,332,66,13,3,10536.75,25,7866.75,Cash,Returned
547,2025-12-31,95,26,6,3,13983.9,30,5760.9,Net Banking,Delivered
548,2023-08-10,361,8,7,5,30110.0,0,6225.0,UPI,Delivered
549,2025-06-28,471,41,12,1,5757.9,15,939.9,Cash,Delivered
550,2025-08-29,287,49,17,5,15448.5,10,12148.5,Credit Card,Delivered
551,2025-05-11,165,48,3,1,2520.0,10,-160.0,UPI,Returned
552,2023-10-08,471,29,16,5,5287.5,10,-2597.5,Cash,Delivered
553,2023-08-30,196,28,7,5,25995.0,25,11355.0,Debit Card,Delivered
554,2024-02-11,289,19,12,1,4771.05,15,3164.05,Net Banking,Delivered
555,2025-12-07,161,62,8,3,9779.7,30,-2508.3,Credit Card,Delivered
556,2023-11-25,392,45,12,4,6429.6,10,-4726.4,UPI,Cancelled
557,2025-09-11,475,1,11,4,12300.6,5,2016.6,Debit Card,Delivered
558,2023-07-02,113,24,15,1,4842.0,0,1362.0,UPI,Cancelled
559,2023-07-04,290,61,13,4,12095.4,5,5127.4,Net Banking,Delivered
560,2024-04-18,159,52,4,1,772.2,10,-3129.8,Cash,Delivered
561,2023-04-13,67,52,11,3,2187.9,15,-9518.1,UPI,Delivered
562,2024-08-18,239,3,6,1,4668.3,30,394.3,Debit Card,Returned
563,2023-08-26,162,18,3,3,8185.5,15,7075.5,UPI,Delivered
564,2023-10-11,358,31,16,1,3427.2,30,2293.2,Credit Card,Delivered
565,2024-07-03,321,17,17,3,9863.4,15,6434.4,UPI,Delivered
566,2023-08-22,344,33,1,3,9764.1,5,578.1,Cash,Delivered
567,2025-02-28,65,11,14,4,14842.8,10,12658.8,Cash,Delivered
568,2023-09-29,162,58,19,2,13206.0,0,3726.0,UPI,Delivered
569,2025-09-15,63,41,10,1,5757.9,15,939.9,Net Banking,Returned
570,2025-02-16,76,43,1,4,22104.6,5,2808.6,Debit Card,Cancelled
571,2023-09-25,138,37,3,1,3838.8,30,2217.8,Cash,Delivered
572,2025-06-21,75,29,9,1,998.75,15,-578.25,UPI,Delivered
573,2024-10-05,123,46,9,3,2495.25,25,-8910.75,UPI,Returned
574,2024-04-03,173,43,17,5,20359.5,30,-3760.5,Debit Card,Cancelled
575,2023-07-15,276,31,5,5,18360.0,25,12690.0,Cash,Returned
576,2024-12-09,470,55,3,2,9499.6,15,7621.6,Cash,Delivered
577,2023-04-22,196,2,15,5,2452.0,20,-3458.0,UPI,Returned
578,2025-08-19,284,7,17,2,7436.8,20,3266.8,Cash,Delivered
579,2025-10-03,105,35,1,1,1224.3,30,182.3,Debit Card,Delivered
580,2023-04-14,9,45,2,3,4822.2,10,-3544.8,Net Banking,Delivered
581,2025-02-14,254,56,8,5,13871.25,25,-7893.75,Cash,Delivered
582,2025-06-28,355,28,2,1,5892.2,15,2964.2,Net Banking,Delivered
583,2025-10-17,416,62,19,1,3259.9,30,-836.1,Cash,Delivered
584,2023-02-06,59,58,5,1,5612.55,15,872.55,UPI,Delivered
585,2023-01-01,425,41,18,4,27096.0,0,7824.0,UPI,Cancelled
586,2024-09-15,210,53,13,5,13387.5,25,10057.5,Net Banking,Cancelled
587,2025-07-23,96,26,16,2,9988.5,25,4506.5,Debit Card,Delivered
588,2024-04-01,209,3,14,1,4668.3,30,394.3,Cash,Delivered
589,2025-08-26,94,32,6,5,7483.0,30,-14402.0,Debit Card,Returned
590,2023-07-19,454,31,16,4,19584.0,0,15048.0,Credit Card,Delivered
591,2024-08-20,478,48,5,3,7560.0,10,-480.0,Net Banking,Cancelled
592,2023-08-06,180,6,5,3,14206.5,25,520.5,UPI,Delivered
593,2025-04-18,270,8,18,4,22883.6,5,3775.6,UPI,Delivered
594,2024-01-20,83,17,20,5,18373.0,5,12658.0,UPI,Delivered
595,2024-01-26,179,33,11,2,5824.2,15,-299.8,Debit Card,Delivered
596,2023-09-10,181,35,20,4,6996.0,0,2828.0,Cash,Delivered
597,2023-10-03,282,42,14,5,16908.0,20,-7827.0,Cash,Delivered
598,2023-04-10,124,13,6,5,11677.5,25,7492.5,Net Banking,Delivered
599,2025-11-07,197,17,12,5,16439.0,15,10724.0,Credit Card,Returned
600,2023-09-20,362,14,12,5,19313.5,5,-5266.5,UPI,Delivered
601,2024-10-21,148,6,9,5,25256.0,20,2446.0,Net Banking,Delivered
602,2024-05-23,432,52,19,4,2745.6,20,-12862.4,Debit Card,Delivered
603,2025-07-16,68,60,18,3,15900.3,10,1251.3,Credit Card,Delivered
604,2025-11-15,154,15,11,4,12361.6,20,-7226.4,Debit Card,Returned
605,2024-10-04,359,23,17,5,14416.5,30,3451.5,Net Banking,Returned
606,2024-03-05,114,41,1,2,12870.6,5,3234.6,Net Banking,Returned
607,2024-12-08,425,44,2,3,12798.0,25,4257.0,Credit Card,Returned
608,2024-10-22,15,34,3,2,3976.0,20,1158.0,UPI,Delivered
609,2025-05-04,237,15,14,5,16417.75,15,-8067.25,Net Banking,Delivered
610,2023-01-27,457,43,14,4,16287.6,30,-3008.4,Net Banking,Delivered
611,2023-10-25,196,27,19,1,2010.25,15,-970.75,UPI,Returned
612,2024-06-30,82,5,9,1,3480.8,5,2222.8,Credit Card,Delivered
613,2023-05-08,439,13,15,3,8874.9,5,6363.9,Debit Card,Delivered
614,2025-01-04,313,31,8,5,24480.0,0,18810.0,Cash,Delivered
615,2024-04-04,218,44,13,5,19908.0,30,5673.0,Net Banking,Delivered
616,2024-08-12,181,40,17,2,6960.0,20,-1534.0,UPI,Delivered
617,2024-10-02,347,1,3,4,11005.8,15,721.8,Net Banking,Delivered
618,2024-05-29,73,14,2,1,3049.5,25,-1866.5,Credit Card,Cancelled
619,2024-04-06,368,30,19,4,16063.6,30,-1460.4,Debit Card,Cancelled
620,2024-02-07,436,31,1,5,18360.0,25,12690.0,Credit Card,Delivered
621,2023-06-02,364,4,7,4,7558.2,5,-7349.8,Credit Card,Delivered
622,2025-02-11,66,8,16,5,30110.0,0,6225.0,UPI,Delivered
623,2024-06-25,100,46,14,3,2661.6,20,-8744.4,Credit Card,Delivered
624,2024-06-06,151,28,8,5,24262.0,30,9622.0,UPI,Delivered
625,2023-11-14,413,34,19,4,7455.0,25,1819.0,UPI,Delivered
626,2023-04-15,425,20,16,3,14877.6,20,2970.6,Net Banking,Returned
627,2025-01-03,286,57,9,3,13525.2,15,1555.2,UPI,Returned
628,2024-03-26,57,12,20,3,10358.4,20,9299.4,Credit Card,Cancelled
629,2025-10-31,191,9,10,1,798.0,30,-2303.0,Credit Card,Delivered
630,2025-04-06,471,5,15,5,14656.0,20,8366.0,UPI,Delivered
631,2024-11-10,263,18,5,2,6099.0,5,5359.0,Debit Card,Delivered
632,2025-12-22,19,9,8,3,3249.0,5,-6054.0,Cash,Cancelled
633,2024-12-09,195,65,3,1,6401.0,0,3388.0,Cash,Delivered
634,2024-05-14,382,59,3,5,16936.0,20,14256.0,UPI,Returned
635,2023-08-21,88,59,16,3,10796.7,15,9188.7,Cash,Delivered
636,2024-08-02,462,61,16,5,11936.25,25,3226.25,UPI,Cancelled
637,2025-11-07,447,13,7,3,7473.6,20,4962.6,Cash,Delivered
638,2024-01-30,314,30,6,1,5163.3,10,782.3,Debit Card,Cancelled
639,2023-12-09,296,47,17,1,4172.0,0,131.0,Net Banking,Cancelled
640,2023-05-15,350,62,6,1,3492.75,25,-603.25,Credit Card,Returned
641,2025-05-18,184,30,20,2,8031.8,30,-730.2,UPI,Delivered
642,2025-06-10,322,18,9,5,11235.0,30,9385.0,UPI,Returned
643,2025-07-29,260,64,4,2,2794.0,0,-4986.0,Debit Card,Delivered
644,2023-04-22,496,25,3,1,3792.0,0,2948.0,Credit Card,Delivered
645,2024-04-11,478,13,1,5,15570.0,0,11385.0,Debit Card,Delivered
646,2025-04-08,315,18,7,4,10914.0,15,9434.0,Cash,Delivered
647,2023-08-31,133,53,17,1,3034.5,15,2368.5,Net Banking,Delivered
648,2023-04-04,234,54,20,5,5890.0,0,-6865.0,UPI,Delivered
649,2024-08-16,176,34,19,5,12425.0,0,5380.0,Debit Card,Cancelled
650,2025-06-15,498,58,7,1,5942.7,10,1202.7,Cash,Delivered
651,2023-11-17,163,47,6,1,3546.2,15,-494.8,Net Banking,Delivered
652,2025-03-11,439,1,16,2,4855.5,25,-286.5,Net Banking,Delivered
653,2025-02-03,405,1,19,2,5826.6,10,684.6,UPI,Cancelled
654,2023-09-10,232,40,20,5,20662.5,5,-572.5,UPI,Delivered
655,2025-03-18,406,58,14,5,26412.0,20,2712.0,Net Banking,Cancelled
656,2024-03-06,489,17,17,1,3481.2,10,2338.2,Debit Card,Delivered
657,2025-11-15,318,42,17,4,12681.0,25,-7107.0,Credit Card,Delivered
658,2024-06-01,155,20,5,2,11778.1,5,3840.1,Credit Card,Delivered
659,2023-04-22,86,8,15,2,9033.0,25,-521.0,Net Banking,Delivered
660,2024-08-18,147,13,14,5,15570.0,0,11385.0,UPI,Delivered
661,2025-09-24,453,3,20,1,6335.55,5,2061.55,Debit Card,Delivered
662,2024-04-25,318,25,6,2,5688.0,25,4000.0,UPI,Delivered
663,2024-02-01,262,24,6,5,24210.0,0,6810.0,Debit Card,Delivered
664,2024-09-18,444,65,4,4,23043.6,10,10991.6,Net Banking,Delivered
665,2025-01-16,44,3,19,5,26676.0,20,5306.0,Debit Card,Delivered
666,2024-10-03,15,39,8,2,4002.0,0,2368.0,Credit Card,Delivered
667,2025-01-06,292,28,17,4,24955.2,10,13243.2,Credit Card,Returned
668,2025-08-05,80,47,3,3,10638.6,15,-1484.4,Cash,Delivered
669,2023-08-11,71,47,2,3,10638.6,15,-1484.4,Credit Card,Returned
670,2024-07-28,139,22,3,5,7085.0,0,-11800.0,Credit Card,Cancelled
671,2023-06-06,116,48,6,2,5040.0,10,-320.0,UPI,Delivered
672,2023-03-05,336,39,5,5,7503.75,25,3418.75,Net Banking,Cancelled
673,2024-03-11,283,61,16,4,8912.4,30,1944.4,UPI,Cancelled
674,2025-08-24,459,57,20,3,12729.6,20,759.6,Credit Card,Delivered
675,2024-08-18,32,16,6,4,11099.8,5,-3384.2,Credit Card,Delivered
676,2023-07-05,438,29,19,5,4700.0,20,-3185.0,Cash,Delivered
677,2024-05-04,236,14,2,5,20330.0,0,-4250.0,Net Banking,Returned
678,2025-11-18,404,53,15,2,4998.0,30,3666.0,Credit Card,Delivered
679,2023-10-27,24,52,19,2,1630.2,5,-6173.8,Cash,Delivered
680,2025-09-25,52,19,7,1,5332.35,5,3725.35,Credit Card,Delivered
681,2024-04-24,268,43,6,3,15705.9,10,1233.9,UPI,Returned
682,2025-01-09,415,61,7,2,5092.8,20,1608.8,Cash,Delivered
683,2023-03-23,341,29,17,4,4700.0,0,-1608.0,Debit Card,Delivered
684,2024-07-14,72,50,9,5,4338.75,25,-17441.25,Debit Card,Cancelled
685,2023-12-23,273,29,7,5,4700.0,20,-3185.0,Cash,Returned
686,2023-06-09,96,34,19,4,8946.0,10,3310.0,Net Banking,Delivered
687,2025-11-23,90,28,9,4,26341.6,5,14629.6,Cash,Delivered
688,2025-09-14,359,25,11,3,9669.6,15,7137.6,Net Banking,Delivered
689,2025-06-19,474,40,3,5,20662.5,5,-572.5,Credit Card,Delivered
690,2024-07-29,230,9,20,1,912.0,20,-2189.0,Credit Card,Delivered
691,2025-01-11,302,63,12,2,2006.4,5,-863.6,Net Banking,Returned
692,2024-04-16,155,15,3,1,2897.25,25,-1999.75,Cash,Delivered
693,2025-09-07,35,65,3,1,5440.85,15,2427.85,Cash,Delivered
694,2025-04-21,490,58,17,5,31364.25,5,7664.25,UPI,Delivered
695,2023-11-26,311,66,17,1,4448.85,5,3558.85,Credit Card,Returned
696,2023-10-28,152,63,7,5,5280.0,0,-1895.0,UPI,Delivered
697,2025-11-24,52,57,12,3,15116.4,5,3146.4,Cash,Cancelled
698,2023-02-08,367,58,13,5,24761.25,25,1061.25,Debit Card,Delivered
699,2025-08-23,140,60,17,2,10011.3,15,245.3,Cash,Delivered
700,2025-04-21,83,59,6,2,5927.6,30,4855.6,Net Banking,Delivered
701,2024-01-08,444,44,1,5,19908.0,30,5673.0,Net Banking,Returned
702,2023-12-10,375,59,6,5,19053.0,10,16373.0,Debit Card,Delivered
703,2023-05-21,276,45,11,5,7144.0,20,-6801.0,Credit Card,Delivered
704,2023-08-11,270,8,19,4,22883.6,5,3775.6,UPI,Delivered
705,2025-10-29,267,40,5,5,15225.0,30,-6010.0,Cash,Delivered
706,2023-12-30,139,10,1,5,33140.0,0,15880.0,Cash,Cancelled
707,2025-12-24,338,6,16,5,31570.0,0,8760.0,Net Banking,Delivered
708,2023-09-24,495,35,5,1,1486.65,15,444.65,Net Banking,Cancelled
709,2025-06-02,158,9,19,1,798.0,30,-2303.0,Net Banking,Delivered
710,2023-03-30,324,18,2,3,6741.0,30,5631.0,Net Banking,Delivered
711,2025-09-14,341,8,3,2,8430.8,30,-1123.2,Cash,Delivered
712,2023-07-20,17,58,18,5,23110.5,30,-589.5,Cash,Delivered
713,2024-04-21,180,52,3,3,2187.9,15,-9518.1,UPI,Delivered
714,2025-04-16,398,10,20,5,26512.0,20,9252.0,Debit Card,Delivered
715,2023-01-15,328,40,2,1,3262.5,25,-984.5,Net Banking,Cancelled
716,2023-01-15,478,62,19,1,3725.6,20,-370.4,Cash,Returned
717,2024-10-08,139,7,19,2,6972.0,25,2802.0,Cash,Delivered
718,2025-05-22,298,2,2,1,582.35,5,-599.65,Net Banking,Delivered
719,2025-05-17,270,39,7,3,4202.1,30,1751.1,Net Banking,Delivered
720,2025-03-24,263,41,14,5,30483.0,10,6393.0,Credit Card,Delivered
721,2025-09-15,349,1,14,5,11329.5,30,-1525.5,Credit Card,Delivered
722,2025-09-17,53,8,11,5,24088.0,20,203.0,Debit Card,Delivered
723,2025-03-26,440,54,1,5,5301.0,10,-7454.0,Credit Card,Returned
724,2024-04-15,114,36,14,1,1624.5,25,-671.5,Cash,Returned
725,2024-03-15,473,55,2,2,11176.0,0,9298.0,Net Banking,Delivered
726,2023-04-17,177,10,2,3,13918.8,30,3562.8,Credit Card,Delivered
727,2023-07-06,363,46,14,1,776.3,30,-3025.7,Credit Card,Delivered
728,2023-06-30,299,14,20,5,17280.5,15,-7299.5,UPI,Delivered
729,2023-06-13,170,66,16,2,8429.4,10,6649.4,Net Banking,Delivered
730,2025-12-03,325,4,14,4,6762.6,15,-8145.4,Debit Card,Returned
731,2023-12-25,112,63,7,5,5280.0,0,-1895.0,Cash,Delivered
732,2025-11-27,27,12,11,1,4100.2,5,3747.2,Debit Card,Delivered
733,2025-11-11,84,9,19,1,798.0,30,-2303.0,Net Banking,Returned
734,2023-12-14,179,62,1,2,7451.2,20,-740.8,UPI,Delivered
735,2023-01-01,147,10,10,2,9942.0,25,3038.0,Credit Card,Delivered
736,2025-03-29,9,47,4,3,8761.2,30,-3361.8,Debit Card,Returned
737,2024-02-15,6,44,12,4,19339.2,15,7951.2,Net Banking,Delivered
738,2024-08-05,89,35,9,1,1749.0,0,707.0,Net Banking,Cancelled
739,2024-07-20,303,4,9,3,5370.3,10,-5810.7,Credit Card,Cancelled
740,2025-04-07,270,34,18,2,4224.5,15,1406.5,Net Banking,Delivered
741,2025-04-13,475,62,14,3,13272.45,5,984.45,Net Banking,Delivered
742,2025-10-27,334,19,18,5,28065.0,0,20030.0,Debit Card,Delivered
743,2025-11-17,85,15,20,1,2704.1,30,-2192.9,Debit Card,Cancelled
744,2025-06-25,229,4,2,5,8950.5,10,-9684.5,Cash,Cancelled
745,2024-05-13,304,44,16,4,15926.4,30,4538.4,Debit Card,Delivered
746,2023-02-26,91,4,16,4,6364.8,20,-8543.2,Cash,Delivered
747,2025-02-22,6,12,18,3,12948.0,0,11889.0,Credit Card,Returned
748,2024-10-08,337,65,9,2,8961.4,30,2935.4,Cash,Delivered
749,2023-01-20,137,21,3,5,5084.0,20,-10736.0,Debit Card,Delivered
750,2025-03-28,423,12,8,3,12948.0,0,11889.0,Debit Card,Delivered
751,2025-09-02,154,59,10,5,20111.5,5,17431.5,Debit Card,Delivered
752,2024-07-05,456,43,3,2,9307.2,20,-340.8,Credit Card,Returned
753,2024-02-13,494,31,11,2,8323.2,15,6055.2,Credit Card,Returned
754,2024-06-27,363,28,8,2,9704.8,30,3848.8,Credit Card,Delivered
755,2024-05-26,24,38,20,2,9487.8,30,6583.8,Net Banking,Delivered
756,2023-08-07,333,16,4,2,4089.4,30,-3152.6,UPI,Delivered
757,2023-01-14,85,51,11,4,13862.4,20,2894.4,Net Banking,Delivered
758,2024-10-07,50,46,5,4,3992.4,10,-11215.6,Cash,Cancelled
759,2024-01-10,193,7,2,3,11852.4,15,5597.4,Net Banking,Delivered
760,2023-09-20,116,6,14,4,23993.2,5,5745.2,UPI,Cancelled
761,2023-03-08,276,28,14,4,23568.8,15,11856.8,Net Banking,Delivered
762,2023-12-24,250,56,20,4,10357.2,30,-7054.8,Cash,Delivered
763,2024-10-08,187,62,2,5,19792.25,15,-687.75,UPI,Delivered
764,2023-07-26,331,10,2,2,11267.6,15,4363.6,Debit Card,Delivered
765,2024-06-15,245,55,14,5,19558.0,30,14863.0,Credit Card,Cancelled
766,2024-07-05,102,55,10,3,15925.8,5,13108.8,Cash,Cancelled
767,2024-01-12,259,56,8,3,9987.3,10,-3071.7,Cash,Delivered
768,2025-02-01,38,16,12,2,4965.7,15,-2276.3,Debit Card,Delivered
769,2024-01-04,23,36,14,3,5523.3,15,-1364.7,Net Banking,Delivered
770,2024-04-13,133,35,14,5,6558.75,25,1348.75,UPI,Returned
771,2024-04-27,34,30,1,3,12047.7,30,-1095.3,Net Banking,Delivered
772,2023-10-26,399,19,14,4,21329.4,5,14901.4,Credit Card,Delivered
773,2025-05-13,23,63,19,1,1003.2,5,-431.8,Cash,Delivered
774,2024-10-08,419,44,4,5,22752.0,20,8517.0,Cash,Delivered
775,2023-04-08,185,66,11,3,11239.2,20,8569.2,Cash,Delivered
776,2024-03-17,2,66,2,2,9366.0,0,7586.0,Debit Card,Delivered
777,2024-11-16,139,21,9,1,1080.35,15,-2083.65,Debit Card,Delivered
778,2024-06-11,423,53,2,3,8568.0,20,6570.0,Debit Card,Delivered
779,2024-12-20,438,32,5,4,8552.0,0,-8956.0,Net Banking,Delivered
780,2023-12-24,354,65,5,5,25604.0,20,10539.0,Debit Card,Delivered
781,2025-11-11,97,25,12,3,8532.0,25,6000.0,Cash,Returned
782,2025-02-19,100,61,12,4,12732.0,0,5764.0,Net Banking,Delivered
783,2023-10-24,380,25,8,4,11376.0,25,8000.0,Credit Card,Returned
784,2025-04-08,385,21,20,3,3241.05,15,-6250.95,UPI,Delivered
785,2024-04-12,10,54,4,2,2120.4,10,-2981.6,Debit Card,Delivered
786,2024-07-01,38,36,5,3,4873.5,25,-2014.5,Net Banking,Returned
787,2025-06-30,284,21,2,4,4575.6,10,-8080.4,Debit Card,Returned
788,2025-07-11,240,59,3,5,16936.0,20,14256.0,Cash,Delivered
789,2023-02-17,255,8,19,2,8430.8,30,-1123.2,Credit Card,Returned
790,2024-05-30,448,18,9,2,4815.0,25,4075.0,UPI,Delivered
791,2023-07-30,493,41,16,2,11515.8,15,1879.8,UPI,Delivered
792,2023-04-21,75,59,13,4,13548.8,20,11404.8,UPI,Delivered
793,2023-06-20,251,40,14,5,15225.0,30,-6010.0,UPI,Delivered
794,2023-06-22,232,60,7,5,27972.75,5,3557.75,Cash,Delivered
795,2024-08-04,288,2,12,2,1164.7,5,-1199.3,Cash,Returned
796,2025-12-14,217,66,2,2,8897.7,5,7117.7,Credit Card,Delivered
797,2024-12-31,280,58,11,1,4952.25,25,212.25,Debit Card,Delivered
798,2024-07-11,13,3,7,4,18673.2,30,1577.2,Net Banking,Delivered
799,2023-12-29,350,11,2,2,6184.5,25,5092.5,Net Banking,Cancelled
800,2025-06-09,452,66,3,4,14049.0,25,10489.0,Net Banking,Returned
801,2024-12-12,89,47,17,5,18774.0,10,-1431.0,Cash,Cancelled
802,2023-07-03,143,35,5,2,2448.6,30,364.6,Cash,Delivered
803,2024-06-16,371,56,19,3,9432.45,15,-3626.55,Credit Card,Delivered
804,2025-12-07,421,9,3,1,1140.0,0,-1961.0,Credit Card,Delivered
805,2025-12-31,169,17,13,3,9863.4,15,6434.4,UPI,Returned
806,2025-09-04,15,7,14,4,13014.4,30,4674.4,Debit Card,Delivered
807,2024-08-22,442,58,20,4,18488.4,30,-471.6,Net Banking,Delivered
808,2025-02-04,430,34,9,1,1988.0,20,579.0,Credit Card,Delivered
809,2025-03-19,190,38,13,5,28802.25,15,21542.25,Credit Card,Delivered
810,2025-02-13,334,20,20,4,17357.2,30,1481.2,Credit Card,Delivered
811,2024-05-05,270,31,2,1,4161.6,15,3027.6,Net Banking,Cancelled
812,2025-12-25,13,25,9,3,10238.4,10,7706.4,Debit Card,Delivered
813,2023-05-21,350,53,19,2,4998.0,30,3666.0,Credit Card,Delivered
814,2025-07-21,357,23,18,3,12357.0,0,5778.0,Net Banking,Delivered
815,2025-10-04,274,17,12,3,8703.0,25,5274.0,Credit Card,Delivered
816,2023-04-12,309,14,15,1,3862.7,5,-1053.3,Net Banking,Delivered
817,2024-07-31,483,59,17,2,8468.0,0,7396.0,Debit Card,Delivered
818,2023-01-17,66,17,13,4,11604.0,25,7032.0,Credit Card,Delivered
819,2025-10-07,284,37,14,2,10968.0,0,7726.0,Credit Card,Delivered
820,2025-10-17,394,24,3,4,17431.2,10,3511.2,Debit Card,Delivered
821,2023-06-14,107,44,11,1,5119.2,10,2272.2,Credit Card,Delivered
822,2025-03-14,256,27,15,3,4966.5,30,-3976.5,UPI,Cancelled
823,2024-01-29,457,26,7,4,25304.2,5,14340.2,Debit Card,Delivered
824,2024-05-24,259,6,18,1,6314.0,0,1752.0,Cash,Delivered
825,2023-03-10,24,4,13,2,2983.5,25,-4470.5,Credit Card,Delivered
826,2024-03-02,474,24,5,1,3873.6,20,393.6,Cash,Delivered
827,2023-11-21,297,1,20,3,8739.9,10,1026.9,UPI,Returned
828,2023-09-08,367,4,4,5,7956.0,20,-10679.0,Debit Card,Delivered
829,2025-01-08,331,30,8,3,16350.45,5,3207.45,UPI,Returned
830,2024-04-28,94,52,16,2,1716.0,0,-6088.0,Cash,Delivered
831,2024-07-19,399,42,17,1,4015.65,5,-931.35,Net Banking,Delivered
832,2024-05-12,293,65,2,4,17922.8,30,5870.8,UPI,Delivered
833,2025-08-31,163,66,16,5,16390.5,30,11940.5,Net Banking,Delivered
834,2023-07-03,249,16,14,3,6134.1,30,-4728.9,Credit Card,Delivered
835,2024-11-24,420,59,10,4,16936.0,0,14792.0,UPI,Delivered
836,2023-11-12,255,30,13,3,12908.25,25,-234.75,Net Banking,Delivered
837,2024-04-21,184,27,8,2,4020.5,15,-1941.5,Debit Card,Cancelled
838,2025-06-17,216,28,12,3,14557.2,30,5773.2,Credit Card,Delivered
839,2023-10-03,86,33,8,4,12333.6,10,85.6,Debit Card,Delivered
840,2025-06-15,238,26,3,4,19977.0,25,9013.0,Net Banking,Delivered
841,2025-09-30,167,41,3,5,25402.5,25,1312.5,Credit Card,Cancelled
842,2024-12-13,291,21,4,2,2033.6,20,-4294.4,Debit Card,Returned
843,2023-11-25,190,33,8,4,12333.6,10,85.6,UPI,Cancelled
844,2024-08-28,288,20,1,2,10538.3,15,2600.3,Debit Card,Cancelled
845,2023-01-02,33,57,3,3,13525.2,15,1555.2,Net Banking,Delivered
846,2025-01-15,60,37,8,2,10968.0,0,7726.0,Net Banking,Delivered
847,2023-05-10,374,7,9,3,10458.0,25,4203.0,Net Banking,Delivered
848,2025-10-15,111,34,4,2,3976.0,20,1158.0,Net Banking,Delivered
849,2024-10-22,381,1,7,5,14566.5,10,1711.5,Cash,Returned
850,2023-07-17,62,62,3,3,13971.0,0,1683.0,Net Banking,Returned
851,2023-09-23,69,26,1,1,6659.0,0,3918.0,Credit Card,Delivered
852,2025-09-21,13,3,6,2,13338.0,0,4790.0,Credit Card,Delivered
853,2025-03-06,7,18,14,1,2568.0,20,2198.0,Cash,Cancelled
854,2024-06-08,40,5,2,5,13740.0,25,7450.0,UPI,Delivered
855,2023-05-26,344,60,9,2,9422.4,20,-343.6,UPI,Delivered
856,2023-06-13,355,28,15,4,19409.6,30,7697.6,Cash,Returned
857,2025-05-01,154,30,7,1,5163.3,10,782.3,Debit Card,Returned
858,2024-06-28,94,15,2,1,2704.1,30,-2192.9,Net Banking,Delivered
859,2024-09-14,114,46,19,1,776.3,30,-3025.7,UPI,Delivered
860,2023-07-27,102,60,12,5,29445.0,0,5030.0,Credit Card,Cancelled
861,2024-01-31,216,47,2,4,15853.6,5,-310.4,Net Banking,Returned
862,2024-01-02,56,16,1,2,4673.6,20,-2568.4,Net Banking,Returned
863,2023-08-05,459,33,7,5,14560.5,15,-749.5,Net Banking,Delivered
864,2025-05-24,52,58,3,4,19809.0,25,849.0,UPI,Delivered
865,2025-04-02,128,21,6,2,2033.6,20,-4294.4,Net Banking,Delivered
866,2025-06-26,361,44,7,2,9100.8,20,3406.8,Debit Card,Delivered
867,2025-01-31,443,41,12,5,30483.0,10,6393.0,Cash,Returned
868,2024-10-24,34,27,7,4,6622.0,30,-5302.0,Net Banking,Delivered
869,2024-03-14,254,22,12,5,5668.0,20,-13217.0,Cash,Cancelled
870,2025-07-15,80,10,18,3,17895.6,10,7539.6,Cash,Delivered
871,2023-03-12,499,50,12,1,867.75,25,-3488.25,Debit Card,Cancelled
872,2023-10-04,268,46,19,1,887.2,20,-2914.8,Debit Card,Delivered
873,2024-03-15,150,48,1,3,7980.0,5,-60.0,Debit Card,Delivered
874,2025-11-13,110,62,20,3,11176.8,20,-1111.2,Net Banking,Cancelled
875,2023-07-13,209,56,19,5,17570.25,5,-4194.75,UPI,Delivered
876,2023-10-11,323,30,17,3,16350.45,5,3207.45,Debit Card,Delivered
877,2024-04-22,271,2,1,5,2911.75,5,-2998.25,Debit Card,Delivered
878,2025-03-29,273,36,9,1,1732.8,20,-563.2,Net Banking,Delivered
879,2024-10-26,339,8,2,1,4516.5,25,-260.5,Cash,Delivered
880,2023-07-15,268,32,14,4,5986.4,30,-11521.6,Net Banking,Returned
881,2025-02-20,371,2,16,3,1839.0,0,-1707.0,UPI,Delivered
882,2025-06-08,246,41,16,3,18289.8,10,3835.8,Cash,Delivered
883,2023-01-24,160,42,9,2,6340.5,25,-3553.5,Cash,Delivered
884,2023-03-26,75,26,20,3,15981.6,20,7758.6,Debit Card,Cancelled
885,2024-10-31,231,9,5,5,5415.0,5,-10090.0,Net Banking,Returned
886,2023-04-14,469,20,4,2,11778.1,5,3840.1,Cash,Delivered
887,2025-10-30,131,64,15,5,5588.0,20,-13862.0,UPI,Delivered
888,2025-03-18,430,53,2,4,12852.0,10,10188.0,Credit Card,Delivered
889,2025-09-01,123,15,17,3,11589.0,0,-3102.0,Net Banking,Returned
890,2025-03-28,481,6,5,1,5051.2,20,489.2,Debit Card,Delivered
891,2025-06-08,324,22,6,4,4534.4,20,-10573.6,Credit Card,Delivered
892,2024-02-10,370,43,5,4,18614.4,20,-681.6,Cash,Delivered
893,2025-12-09,12,56,3,5,17570.25,5,-4194.75,Credit Card,Delivered
894,2025-05-30,78,27,16,1,2128.5,10,-852.5,Debit Card,Returned
895,2023-08-19,397,24,16,5,24210.0,0,6810.0,Cash,Delivered
896,2024-01-26,58,53,19,3,9639.0,10,7641.0,Debit Card,Delivered
897,2023-02-19,311,41,6,5,25402.5,25,1312.5,Debit Card,Delivered
898,2025-06-24,210,27,12,3,5676.0,20,-3267.0,Net Banking,Delivered
899,2024-04-23,324,30,6,4,22948.0,0,5424.0,Credit Card,Returned
900,2023-06-25,346,59,10,3,12066.9,5,10458.9,UPI,Returned
901,2023-10-30,445,66,17,1,4448.85,5,3558.85,Debit Card,Delivered
902,2023-08-16,121,22,16,3,3188.25,25,-8142.75,Debit Card,Delivered
903,2024-11-10,327,21,4,4,5084.0,0,-7572.0,Credit Card,Returned
904,2024-02-22,25,45,6,5,8483.5,5,-5461.5,Net Banking,Cancelled
905,2025-09-16,237,5,5,3,8793.6,20,5019.6,Net Banking,Returned
906,2023-02-07,69,5,5,2,5496.0,25,2980.0,Cash,Cancelled
907,2024-06-07,49,20,4,5,30995.0,0,11150.0,Credit Card,Delivered
908,2024-07-09,27,8,9,3,17162.7,5,2831.7,UPI,Delivered
909,2025-03-06,142,2,1,1,613.0,0,-569.0,Debit Card,Returned
910,2023-08-09,8,1,1,3,6797.7,30,-915.3,UPI,Delivered
911,2025-02-18,221,18,14,4,12198.0,5,10718.0,Net Banking,Returned
912,2025-09-19,398,34,8,1,2236.5,10,827.5,Net Banking,Cancelled
913,2024-02-12,437,59,12,1,4022.3,5,3486.3,Net Banking,Delivered
914,2023-02-14,32,44,19,5,21330.0,25,7095.0,UPI,Delivered
915,2024-11-14,233,4,9,5,8950.5,10,-9684.5,Cash,Delivered
916,2024-12-11,310,59,13,2,8468.0,0,7396.0,Debit Card,Delivered
917,2025-10-23,279,66,16,3,13346.55,5,10676.55,Debit Card,Delivered
918,2023-03-02,197,30,20,3,14629.35,15,1486.35,Net Banking,Delivered
919,2024-11-30,284,8,20,2,11441.8,5,1887.8,Cash,Returned
920,2025-02-21,218,50,14,2,2314.0,0,-6398.0,Net Banking,Returned
921,2024-04-10,123,65,13,5,22403.5,30,7338.5,Cash,Delivered
922,2025-05-23,5,16,9,5,13874.75,5,-4230.25,Debit Card,Cancelled
923,2023-09-27,34,29,6,3,2996.25,15,-1734.75,Credit Card,Returned
924,2024-02-19,284,33,6,2,5481.6,20,-642.4,Credit Card,Delivered
925,2025-05-30,429,59,17,5,20111.5,5,17431.5,Credit Card,Returned
926,2024-10-12,491,45,7,5,8483.5,5,-5461.5,UPI,Cancelled
927,2023-08-31,256,31,2,5,18360.0,25,12690.0,Credit Card,Delivered
928,2023-03-02,200,54,4,2,1767.0,25,-3335.0,Debit Card,Delivered
929,2025-06-26,76,28,20,4,24955.2,10,13243.2,Debit Card,Delivered
930,2023-09-27,212,8,3,2,12044.0,0,2490.0,Credit Card,Delivered
931,2024-06-30,421,32,15,5,8552.0,20,-13333.0,Net Banking,Cancelled
932,2024-04-20,311,61,1,5,15119.25,5,6409.25,Credit Card,Returned
933,2023-06-12,262,41,19,1,6096.6,10,1278.6,Cash,Delivered
934,2025-08-18,298,5,17,5,12824.0,30,6534.0,Debit Card,Delivered
935,2025-08-28,472,10,9,4,22535.2,15,8727.2,Credit Card,Delivered
936,2023-03-08,242,52,7,2,1630.2,5,-6173.8,Cash,Delivered
937,2024-03-31,485,38,12,3,17281.35,15,12925.35,Credit Card,Delivered
938,2025-06-18,471,28,18,1,6585.4,5,3657.4,Net Banking,Delivered
939,2025-07-26,265,38,15,3,14231.7,30,9875.7,Credit Card,Delivered
940,2023-03-27,81,61,8,4,8912.4,30,1944.4,Net Banking,Returned
941,2024-10-02,373,7,14,4,13944.0,25,5604.0,Cash,Cancelled
942,2025-12-11,324,28,1,5,27728.0,20,13088.0,UPI,Cancelled
943,2025-07-24,301,15,11,1,3283.55,15,-1613.45,UPI,Delivered
944,2025-03-21,194,50,18,5,4628.0,20,-17152.0,UPI,Cancelled
945,2023-04-11,409,43,1,4,18614.4,20,-681.6,Credit Card,Delivered
946,2024-09-15,8,42,12,4,14371.8,15,-5416.2,Debit Card,Delivered
947,2024-08-25,492,4,1,2,3381.3,15,-4072.7,Net Banking,Delivered
948,2025-08-07,139,7,11,5,22078.0,5,11653.0,Cash,Delivered
949,2024-01-04,472,57,17,5,26520.0,0,6570.0,Net Banking,Returned
950,2025-03-16,88,43,6,5,27630.75,5,3510.75,Cash,Delivered
951,2024-01-02,353,23,4,4,16476.0,0,7704.0,Cash,Cancelled
952,2023-07-04,351,18,6,2,5457.0,15,4717.0,Debit Card,Delivered
953,2023-09-11,59,3,6,2,10003.5,25,1455.5,UPI,Delivered
954,2025-01-13,425,34,18,4,7455.0,25,1819.0,UPI,Cancelled
955,2025-11-13,213,49,3,4,10299.0,25,7659.0,Net Banking,Delivered
956,2025-02-18,86,66,10,4,14985.6,20,11425.6,UPI,Delivered
957,2023-11-04,144,19,2,3,13471.2,20,8650.2,Credit Card,Delivered
958,2023-04-16,241,7,15,2,6507.2,30,2337.2,Cash,Delivered
959,2025-07-02,126,22,4,3,3188.25,25,-8142.75,Debit Card,Returned
960,2023-09-27,398,37,3,2,10968.0,0,7726.0,Credit Card,Delivered
961,2024-06-02,316,12,13,5,15106.0,30,13341.0,UPI,Delivered
962,2025-10-18,169,46,6,4,3105.2,30,-12102.8,Net Banking,Delivered
963,2024-05-02,279,28,6,5,29461.0,15,14821.0,Credit Card,Cancelled
964,2025-04-19,256,2,3,4,2084.2,15,-2643.8,Cash,Delivered
965,2023-01-14,108,14,5,5,16264.0,20,-8316.0,Credit Card,Cancelled
966,2024-03-01,119,17,5,3,9283.2,20,5854.2,UPI,Delivered
967,2024-12-15,273,12,10,2,8632.0,0,7926.0,UPI,Delivered
968,2024-09-03,270,58,4,1,4952.25,25,212.25,Debit Card,Delivered
969,2025-05-03,275,14,18,1,4066.0,0,-850.0,Credit Card,Delivered
970,2023-12-30,455,19,2,3,13471.2,20,8650.2,Cash,Returned
971,2023-03-15,25,1,2,5,14566.5,10,1711.5,UPI,Delivered
972,2025-02-15,479,12,6,3,11653.2,10,10594.2,UPI,Delivered
973,2024-08-22,242,5,11,5,18320.0,0,12030.0,Cash,Delivered
974,2024-07-16,283,60,5,1,4416.75,25,-466.25,Debit Card,Cancelled
975,2024-03-05,76,30,7,4,18358.4,20,834.4,Credit Card,Cancelled
976,2025-12-19,261,2,4,1,613.0,0,-569.0,UPI,Delivered
977,2024-08-11,488,62,18,5,16299.5,30,-4180.5,Cash,Cancelled
978,2025-12-12,379,47,13,3,11264.4,10,-858.6,Net Banking,Cancelled
979,2025-10-13,242,19,10,3,15997.05,5,11176.05,Net Banking,Returned
980,2024-01-04,330,62,11,4,15833.8,15,-550.2,Net Banking,Delivered
981,2023-01-04,375,9,5,3,3249.0,5,-6054.0,UPI,Delivered
982,2023-08-30,378,48,15,4,8400.0,25,-2320.0,Credit Card,Cancelled
983,2023-04-04,330,28,12,4,23568.8,15,11856.8,Debit Card,Delivered
984,2024-03-10,42,56,6,5,12946.5,30,-8818.5,UPI,Returned
985,2024-07-30,6,29,14,2,1762.5,25,-1391.5,Debit Card,Delivered
986,2025-11-03,172,40,9,3,11745.0,10,-996.0,Net Banking,Delivered
987,2024-11-13,123,35,18,1,1749.0,0,707.0,Debit Card,Delivered
988,2023-03-01,47,2,8,5,2452.0,20,-3458.0,Credit Card,Delivered
989,2024-11-23,352,23,9,3,8649.9,30,2070.9,Cash,Delivered
990,2023-10-06,357,57,16,1,3978.0,25,-12.0,Cash,Delivered
991,2024-11-17,265,41,17,4,18967.2,30,-304.8,Cash,Delivered
992,2025-12-03,14,49,6,1,2403.1,30,1743.1,Debit Card,Cancelled
993,2023-02-08,238,20,12,3,14877.6,20,2970.6,Credit Card,Cancelled
994,2024-12-25,207,49,12,3,7209.3,30,5229.3,UPI,Delivered
995,2023-03-05,217,14,17,3,8538.6,30,-6209.4,Debit Card,Delivered
996,2023-12-06,259,55,17,5,19558.0,30,14863.0,Net Banking,Cancelled
997,2023-08-28,390,25,17,4,14409.6,5,11033.6,Debit Card,Returned
998,2023-03-06,315,66,13,3,10536.75,25,7866.75,Debit Card,Delivered
999,2024-05-01,26,8,20,1,5118.7,15,341.7,Debit Card,Delivered
1000,2025-12-11,167,2,16,3,1747.05,5,-1798.95,Debit Card,Delivered
1001,2023-03-18,315,64,2,1,1257.3,10,-2632.7,Credit Card,Delivered
1002,2023-02-21,261,55,12,4,17881.6,20,14125.6,Cash,Cancelled
1003,2024-11-27,419,31,3,2,9302.4,5,7034.4,Cash,Returned
1004,2024-11-01,425,23,11,5,18535.5,10,7570.5,Credit Card,Delivered
1005,2023-09-29,463,57,8,5,19890.0,25,-60.0,Credit Card,Returned
1006,2025-03-04,214,53,13,1,3034.5,15,2368.5,Net Banking,Delivered
1007,2023-04-01,296,59,6,1,3810.6,10,3274.6,Net Banking,Delivered
1008,2023-04-05,407,9,17,3,2907.0,15,-6396.0,UPI,Cancelled
1009,2024-10-01,263,51,16,3,12996.0,0,4770.0,Credit Card,Delivered
1010,2024-08-09,435,55,19,2,10617.2,5,8739.2,Debit Card,Cancelled
1011,2025-06-22,44,57,12,3,11138.4,30,-831.6,UPI,Delivered
1012,2024-07-14,160,37,13,2,10419.6,5,7177.6,UPI,Delivered
1013,2025-11-18,199,29,4,5,4700.0,20,-3185.0,UPI,Delivered
1014,2024-10-14,415,55,6,5,25146.0,10,20451.0,Debit Card,Delivered
1015,2024-05-16,175,18,17,3,7704.0,20,6594.0,Credit Card,Delivered
1016,2024-11-24,340,47,13,3,10012.8,20,-2110.2,Net Banking,Delivered
1017,2023-03-01,80,55,4,1,5308.6,5,4369.6,Cash,Returned
1018,2025-02-24,347,12,10,1,4316.0,0,3963.0,UPI,Delivered
1019,2024-01-02,333,65,19,4,21763.4,15,9711.4,Net Banking,Cancelled
1020,2024-12-29,84,22,7,4,4534.4,20,-10573.6,Debit Card,Delivered
1021,2025-12-28,490,55,13,2,8382.0,25,6504.0,UPI,Delivered
1022,2023-07-10,175,30,19,5,27250.75,5,5345.75,Cash,Delivered
1023,2025-08-11,344,22,7,4,5101.2,10,-10006.8,Cash,Delivered
1024,2024-06-12,84,23,1,2,7826.1,5,3440.1,Debit Card,Delivered
1025,2024-11-07,77,50,18,2,1735.5,25,-6976.5,Debit Card,Delivered
1026,2023-05-14,198,59,14,4,16936.0,0,14792.0,Cash,Delivered
1027,2025-08-02,181,31,5,3,12484.8,15,9082.8,Credit Card,Delivered
1028,2023-09-18,379,52,20,3,2059.2,20,-9646.8,Net Banking,Delivered
1029,2023-08-08,226,66,13,4,13112.4,30,9552.4,Debit Card,Cancelled
1030,2024-09-10,99,35,6,1,1224.3,30,182.3,Net Banking,Delivered
1031,2025-04-26,62,41,18,4,21676.8,20,2404.8,Credit Card,Cancelled
1032,2023-11-22,441,36,9,2,3465.6,20,-1126.4,Cash,Delivered
1033,2024-03-02,328,54,18,1,1060.2,10,-1490.8,Net Banking,Delivered
1034,2024-12-01,481,64,9,4,4470.4,20,-11089.6,Net Banking,Returned
1035,2023-06-09,339,36,11,2,4115.4,5,-476.6,Net Banking,Delivered
1036,2025-08-06,88,42,8,1,3381.6,20,-1565.4,Debit Card,Cancelled
1037,2025-06-30,78,56,11,1,2589.3,30,-1763.7,Credit Card,Delivered
1038,2023-08-11,472,3,18,4,26676.0,0,9580.0,Net Banking,Delivered
1039,2023-05-06,11,40,16,3,11092.5,15,-1648.5,UPI,Delivered
1040,2023-01-01,461,18,15,2,5136.0,20,4396.0,Credit Card,Returned
1041,2025-12-24,249,22,4,2,2408.9,15,-5145.1,Debit Card,Delivered
1042,2025-07-04,429,56,6,5,14796.0,20,-6969.0,Credit Card,Delivered
1043,2024-09-15,201,62,17,3,12573.9,10,285.9,Cash,Returned
1044,2023-01-17,162,6,14,3,18942.0,0,5256.0,Net Banking,Cancelled
1045,2023-09-19,139,28,14,4,19409.6,30,7697.6,Debit Card,Delivered
1046,2023-04-19,98,64,18,3,3352.8,20,-8317.2,UPI,Returned
1047,2025-01-05,215,46,20,5,3881.5,30,-15128.5,UPI,Delivered
1048,2025-06-03,197,40,1,1,4132.5,5,-114.5,Net Banking,Delivered
1049,2025-02-22,283,9,3,3,2565.0,25,-6738.0,Cash,Delivered
1050,2024-03-08,237,49,11,4,10985.6,20,8345.6,Credit Card,Delivered
1051,2025-02-26,67,37,18,2,10419.6,5,7177.6,Debit Card,Delivered
1052,2023-09-15,137,55,13,2,10058.4,10,8180.4,Credit Card,Delivered
1053,2023-02-02,78,18,18,1,2407.5,25,2037.5,Credit Card,Returned
1054,2025-06-13,308,31,2,4,14688.0,25,10152.0,Credit Card,Delivered
1055,2025-05-01,161,37,2,2,8226.0,25,4984.0,Cash,Returned
1056,2024-01-04,206,57,6,5,22542.0,15,2592.0,Cash,Cancelled
1057,2025-07-10,18,25,8,4,12134.4,20,8758.4,Cash,Delivered
1058,2025-05-19,159,40,19,2,8265.0,5,-229.0,Net Banking,Delivered
1059,2024-04-29,431,53,4,5,15172.5,15,11842.5,Net Banking,Delivered
1060,2025-01-21,254,44,20,4,18201.6,20,6813.6,UPI,Delivered
1061,2025-01-24,241,27,17,5,10051.25,15,-4853.75,UPI,Cancelled
1062,2023-06-13,74,25,12,4,11376.0,25,8000.0,Credit Card,Returned
1063,2024-07-26,127,42,7,5,14794.5,30,-9940.5,Cash,Cancelled
1064,2023-07-01,245,1,1,1,2589.6,20,18.6,Credit Card,Delivered
1065,2024-10-01,115,57,1,1,3978.0,25,-12.0,Net Banking,Delivered
1066,2023-01-23,148,1,17,3,7768.8,20,55.8,Cash,Delivered
1067,2024-11-09,489,36,20,5,9205.5,15,-2274.5,Cash,Delivered
1068,2023-12-10,375,57,13,3,14320.8,10,2350.8,UPI,Returned
1069,2024-09-14,56,10,11,5,24855.0,25,7595.0,Net Banking,Delivered
1070,2025-08-27,36,65,14,1,4800.75,25,1787.75,Net Banking,Delivered
1071,2024-08-20,198,21,9,5,6355.0,0,-9465.0,Net Banking,Delivered
1072,2023-06-18,404,19,4,3,14313.15,15,9492.15,Credit Card,Cancelled
1073,2024-07-23,311,38,18,1,4743.9,30,3291.9,Debit Card,Delivered
1074,2024-07-17,408,12,15,5,19422.0,10,17657.0,Debit Card,Delivered
1075,2023-12-24,6,63,19,1,844.8,20,-590.2,Net Banking,Returned
1076,2025-07-03,500,42,10,2,6340.5,25,-3553.5,Debit Card,Delivered
1077,2024-04-28,48,41,17,3,14225.4,30,-228.6,Cash,Delivered
1078,2023-03-09,234,55,10,5,19558.0,30,14863.0,Debit Card,Delivered
1079,2023-11-12,296,30,3,2,9179.2,20,417.2,Cash,Delivered
1080,2025-06-20,168,43,3,4,22104.6,5,2808.6,Credit Card,Delivered
1081,2024-12-07,72,21,17,5,4766.25,25,-11053.75,UPI,Returned
1082,2023-08-26,374,23,11,3,8649.9,30,2070.9,UPI,Delivered
1083,2025-09-02,237,63,17,4,3590.4,15,-2149.6,Debit Card,Delivered
1084,2025-02-16,140,19,14,5,26661.75,5,18626.75,Cash,Delivered
1085,2025-12-22,465,3,13,3,19006.65,5,6184.65,Cash,Delivered
1086,2025-07-08,123,24,9,3,10168.2,30,-271.8,Cash,Returned
1087,2023-03-26,404,5,2,3,8793.6,20,5019.6,UPI,Cancelled
1088,2025-06-03,276,39,4,3,4202.1,30,1751.1,Net Banking,Returned
1089,2024-07-07,173,7,19,3,12549.6,10,6294.6,Debit Card,Delivered
1090,2025-03-12,396,28,14,3,15597.0,25,6813.0,Cash,Returned
1091,2024-02-04,63,57,2,2,7956.0,25,-24.0,Net Banking,Delivered
1092,2023-01-22,68,63,2,2,1900.8,10,-969.2,UPI,Delivered
1093,2023-07-20,458,28,13,1,5892.2,15,2964.2,Net Banking,Delivered
1094,2024-03-25,113,57,9,4,19094.4,10,3134.4,Debit Card,Delivered
1095,2023-02-18,33,65,14,2,12802.0,0,6776.0,Net Banking,Delivered
1096,2024-03-20,162,10,5,1,5302.4,20,1850.4,Net Banking,Returned
1097,2023-09-03,277,61,8,1,2387.25,25,645.25,UPI,Cancelled
1098,2024-01-14,31,32,14,2,3634.6,15,-5119.4,UPI,Returned
1099,2024-08-26,381,48,6,2,5040.0,10,-320.0,Cash,Returned
1100,2025-07-17,409,27,15,1,1773.75,25,-1207.25,Debit Card,Delivered
1101,2023-11-28,124,66,5,3,12644.1,10,9974.1,UPI,Delivered
1102,2025-03-06,92,8,3,1,5118.7,15,341.7,Debit Card,Delivered
1103,2024-06-26,237,36,9,3,4548.6,30,-2339.4,Credit Card,Delivered
1104,2024-02-15,53,63,3,1,897.6,15,-537.4,Net Banking,Delivered
1105,2025-10-04,21,43,8,2,8725.5,25,-922.5,UPI,Delivered
1106,2025-06-02,271,55,13,5,19558.0,30,14863.0,Credit Card,Cancelled
1107,2024-06-14,232,16,1,1,2482.85,15,-1138.15,UPI,Delivered
1108,2024-05-28,108,33,6,1,3426.0,0,364.0,Cash,Delivered
1109,2023-01-02,209,4,12,4,7558.2,5,-7349.8,UPI,Returned
1110,2023-11-07,389,29,12,4,4230.0,10,-2078.0,Debit Card,Delivered
1111,2025-11-21,231,63,15,5,5280.0,0,-1895.0,Cash,Delivered
1112,2023-05-24,225,5,8,4,12457.6,15,7425.6,Net Banking,Delivered
1113,2025-09-14,251,17,15,1,3287.8,15,2144.8,UPI,Cancelled
1114,2024-11-13,264,54,4,5,5301.0,10,-7454.0,Debit Card,Delivered
1115,2023-07-05,82,63,6,1,792.0,25,-643.0,Debit Card,Cancelled
1116,2025-07-30,80,56,14,3,11097.0,0,-1962.0,Debit Card,Returned
1117,2023-03-22,160,63,1,2,2006.4,5,-863.6,Cash,Returned
1118,2025-03-09,248,55,10,2,10058.4,10,8180.4,UPI,Returned
1119,2023-06-23,53,19,9,3,14313.15,15,9492.15,Cash,Returned
1120,2023-03-15,429,63,18,2,2006.4,5,-863.6,Credit Card,Delivered
1121,2025-09-28,288,4,8,5,9447.75,5,-9187.25,Cash,Delivered
1122,2024-09-22,247,51,10,5,16245.0,25,2535.0,Cash,Cancelled
1123,2023-03-17,304,43,1,4,23268.0,0,3972.0,Debit Card,Delivered
1124,2023-03-29,475,6,3,3,13259.4,30,-426.6,Cash,Delivered
1125,2025-12-07,223,66,19,2,6556.2,30,4776.2,Cash,Returned
1126,2024-04-22,322,65,3,5,30404.75,5,15339.75,UPI,Delivered
1127,2023-02-09,479,27,7,2,4020.5,15,-1941.5,Cash,Cancelled
1128,2023-09-25,407,15,17,1,3669.85,5,-1227.15,UPI,Delivered
1129,2023-07-19,311,53,16,1,3213.0,10,2547.0,Cash,Cancelled
1130,2023-05-11,178,8,13,2,8430.8,30,-1123.2,UPI,Delivered
1131,2024-03-27,207,55,2,4,17881.6,20,14125.6,UPI,Delivered
1132,2025-04-03,239,13,18,4,11210.4,10,7862.4,Debit Card,Delivered
1133,2023-10-09,230,16,17,5,11684.0,20,-6421.0,Debit Card,Delivered
1134,2023-12-22,104,19,18,1,4490.4,20,2883.4,Debit Card,Delivered
1135,2023-10-17,57,64,16,1,1257.3,10,-2632.7,Cash,Delivered
1136,2023-12-04,367,8,7,3,14452.8,20,121.8,Cash,Delivered
1137,2023-10-01,250,41,1,5,33870.0,0,9780.0,UPI,Returned
1138,2023-11-20,305,33,10,5,14560.5,15,-749.5,UPI,Delivered
1139,2023-01-15,390,49,15,1,3433.0,0,2773.0,Credit Card,Delivered
1140,2025-05-02,279,14,2,5,18297.0,10,-6283.0,Cash,Returned
1141,2023-10-21,437,38,13,2,12876.3,5,9972.3,Debit Card,Cancelled
1142,2024-05-04,180,8,5,4,20474.8,15,1366.8,Credit Card,Cancelled
1143,2024-01-04,374,59,9,1,3387.2,20,2851.2,Cash,Cancelled
1144,2024-09-08,18,20,3,1,4649.25,25,680.25,Debit Card,Delivered
1145,2024-04-27,89,22,6,1,1133.6,20,-2643.4,Credit Card,Delivered
1146,2025-01-11,249,39,5,5,10005.0,0,5920.0,Net Banking,Cancelled
1147,2024-03-02,438,15,8,2,6567.1,15,-3226.9,Debit Card,Delivered
1148,2023-11-02,15,56,20,2,7398.0,0,-1308.0,Cash,Delivered
1149,2023-03-30,47,39,16,2,3801.9,5,2167.9,UPI,Returned
1150,2024-03-05,214,40,8,3,11745.0,10,-996.0,Cash,Delivered
1151,2025-07-17,129,3,2,3,16005.6,20,3183.6,UPI,Delivered
1152,2023-12-27,227,9,19,1,912.0,20,-2189.0,Credit Card,Delivered
1153,2023-08-26,405,57,9,4,16972.8,20,1012.8,UPI,Delivered
1154,2024-10-29,7,41,13,4,21676.8,20,2404.8,Cash,Delivered
1155,2023-08-14,82,49,6,3,9784.05,5,7804.05,Debit Card,Delivered
1156,2025-04-24,25,50,9,1,1099.15,5,-3256.85,Credit Card,Delivered
1157,2025-08-22,294,22,9,2,2834.0,0,-4720.0,Net Banking,Delivered
1158,2023-10-24,294,1,10,1,2751.45,15,180.45,Credit Card,Cancelled
1159,2025-03-04,35,25,8,4,14409.6,5,11033.6,Debit Card,Delivered
1160,2024-02-02,339,13,16,4,9342.0,25,5994.0,Debit Card,Delivered
1161,2023-09-18,62,32,19,2,3848.4,10,-4905.6,UPI,Returned
1162,2024-07-28,162,59,12,5,21170.0,0,18490.0,Credit Card,Delivered
1163,2025-05-06,450,45,7,4,6072.4,15,-5083.6,Credit Card,Delivered
1164,2023-11-18,63,37,17,2,9871.2,10,6629.2,Net Banking,Delivered
1165,2024-04-15,367,38,3,5,27108.0,20,19848.0,UPI,Delivered
1166,2024-03-19,403,15,16,5,16417.75,15,-8067.25,Net Banking,Delivered
1167,2023-01-30,32,49,16,4,12358.8,10,9718.8,Cash,Returned
1168,2024-11-01,375,52,13,2,1630.2,5,-6173.8,Cash,Cancelled
1169,2023-11-02,110,35,1,2,2798.4,20,714.4,Net Banking,Delivered
1170,2023-03-24,294,65,10,4,25604.0,0,13552.0,Cash,Returned
1171,2025-05-21,431,3,4,5,33345.0,0,11975.0,Net Banking,Delivered
1172,2023-07-20,108,16,19,4,8178.8,30,-6305.2,Cash,Delivered
1173,2023-01-26,493,30,2,2,11474.0,0,2712.0,Cash,Delivered
1174,2024-08-28,169,46,20,2,1996.2,10,-5607.8,Credit Card,Returned
1175,2025-09-09,247,62,9,1,4657.0,0,561.0,Debit Card,Delivered
1176,2023-02-19,272,28,18,4,19409.6,30,7697.6,Cash,Delivered
1177,2025-04-10,308,54,11,2,1649.2,30,-3452.8,Credit Card,Delivered
1178,2023-01-03,420,22,6,4,4251.0,25,-10857.0,UPI,Delivered
1179,2023-03-08,287,35,20,3,4197.6,20,1071.6,Debit Card,Delivered
1180,2024-02-29,218,1,6,3,7283.25,25,-429.75,UPI,Cancelled
1181,2023-04-23,244,54,16,3,2650.5,25,-5002.5,Net Banking,Returned
1182,2023-08-16,497,12,2,3,12948.0,0,11889.0,Cash,Delivered
1183,2023-03-25,497,14,3,4,13011.2,20,-6652.8,Debit Card,Delivered
1184,2023-05-18,339,33,9,2,5139.0,25,-985.0,Net Banking,Returned
1185,2024-11-16,439,64,20,2,2654.3,5,-5125.7,Credit Card,Cancelled
1186,2025-09-06,245,6,9,1,4735.5,25,173.5,Net Banking,Returned
1187,2024-04-06,159,66,15,2,6556.2,30,4776.2,Debit Card,Delivered
1188,2025-05-16,475,13,13,3,7473.6,20,4962.6,Debit Card,Delivered
1189,2024-12-08,163,1,14,1,2913.3,10,342.3,Cash,Delivered
1190,2023-09-09,157,4,8,5,7956.0,20,-10679.0,Cash,Returned
1191,2025-12-27,192,29,19,5,4406.25,25,-3478.75,Debit Card,Delivered
1192,2023-05-15,242,22,11,5,6376.5,10,-12508.5,Credit Card,Delivered
1193,2025-03-11,248,65,10,1,6401.0,0,3388.0,Credit Card,Delivered
1194,2023-12-04,408,26,8,1,6659.0,0,3918.0,Debit Card,Delivered
1195,2023-11-05,138,20,4,2,10538.3,15,2600.3,Credit Card,Cancelled
1196,2025-05-03,429,1,19,1,2913.3,10,342.3,Net Banking,Delivered
1197,2025-05-10,116,44,20,4,20476.8,10,9088.8,Cash,Returned
1198,2024-01-23,390,54,20,1,1060.2,10,-1490.8,UPI,Delivered
1199,2025-11-30,309,30,12,2,8031.8,30,-730.2,Debit Card,Delivered
1200,2024-10-30,178,23,4,5,18535.5,10,7570.5,Cash,Cancelled
1201,2025-06-30,379,28,3,5,24262.0,30,9622.0,Cash,Delivered
1202,2024-09-19,181,35,9,5,8307.75,5,3097.75,Credit Card,Delivered
1203,2025-01-31,241,52,8,2,1458.6,15,-6345.4,Debit Card,Delivered
1204,2024-08-05,432,50,20,2,2082.6,10,-6629.4,Cash,Delivered
1205,2024-08-07,350,59,18,5,20111.5,5,17431.5,Credit Card,Delivered
1206,2024-05-02,86,35,20,2,3323.1,5,1239.1,UPI,Delivered
1207,2023-09-17,268,52,16,3,2059.2,20,-9646.8,Cash,Delivered
1208,2024-02-25,435,13,3,3,8874.9,5,6363.9,Net Banking,Returned
1209,2024-10-11,102,25,18,1,2844.0,25,2000.0,Debit Card,Delivered
1210,2023-11-29,17,49,6,3,8754.15,15,6774.15,Net Banking,Delivered
1211,2025-04-08,216,17,13,1,3868.0,0,2725.0,Cash,Delivered
1212,2023-11-16,396,37,15,4,19742.4,10,13258.4,UPI,Returned
1213,2024-11-09,430,41,19,5,27096.0,20,3006.0,Debit Card,Delivered
1214,2023-10-29,297,3,11,3,14004.9,30,1182.9,Net Banking,Returned
1215,2023-08-19,96,51,6,4,15595.2,10,4627.2,Cash,Delivered
1216,2023-08-28,96,30,19,2,8605.5,25,-156.5,Debit Card,Delivered
1217,2024-03-27,139,38,1,4,21686.4,20,15878.4,Cash,Delivered
1218,2023-04-23,162,10,17,1,5965.2,10,2513.2,Net Banking,Returned
1219,2025-12-14,344,40,10,2,6960.0,20,-1534.0,Credit Card,Delivered
1220,2023-06-21,148,2,14,2,1226.0,0,-1138.0,Net Banking,Delivered
1221,2025-03-18,12,61,15,1,2546.4,20,804.4,Credit Card,Delivered
1222,2025-11-13,276,45,1,3,4286.4,20,-4080.6,UPI,Returned
1223,2023-10-30,68,41,10,3,17273.7,15,2819.7,Cash,Delivered
1224,2023-01-25,53,1,11,4,11653.2,10,1369.2,Debit Card,Delivered
1225,2025-07-01,171,32,20,3,5772.6,10,-7358.4,Net Banking,Delivered
1226,2025-06-28,116,25,12,2,5688.0,25,4000.0,Cash,Delivered
1227,2025-05-18,148,62,3,3,13272.45,5,984.45,Cash,Delivered
1228,2023-06-26,335,28,6,5,27728.0,20,13088.0,Credit Card,Delivered
1229,2025-12-11,145,2,16,3,1563.15,15,-1982.85,Debit Card,Delivered
1230,2025-02-08,228,6,15,5,22099.0,30,-711.0,UPI,Delivered
1231,2024-07-13,5,66,11,4,14049.0,25,10489.0,Cash,Delivered
1232,2023-10-08,461,13,12,5,13234.5,15,9049.5,Credit Card,Delivered
1233,2025-10-01,139,57,15,4,19094.4,10,3134.4,UPI,Delivered
1234,2025-10-08,82,60,12,5,26500.5,10,2085.5,Net Banking,Returned
1235,2023-02-24,274,5,3,4,13923.2,5,8891.2,UPI,Delivered
1236,2025-08-25,443,30,8,3,15489.9,10,2346.9,UPI,Returned
1237,2024-01-03,344,61,4,3,8116.65,15,2890.65,Cash,Returned
1238,2023-09-02,76,57,10,2,10608.0,0,2628.0,Debit Card,Delivered
1239,2025-01-10,48,14,2,1,3252.8,20,-1663.2,Net Banking,Delivered
1240,2024-06-12,409,44,5,5,24174.0,15,9939.0,Cash,Returned
1241,2025-11-15,80,52,2,1,772.2,10,-3129.8,Net Banking,Delivered
1242,2023-04-30,238,58,8,3,18818.55,5,4598.55,Credit Card,Delivered
1243,2023-10-05,69,62,12,4,13971.0,25,-2413.0,Debit Card,Delivered
1244,2025-01-09,11,61,14,1,2864.7,10,1122.7,Cash,Returned
1245,2024-08-16,62,39,7,3,6003.0,0,3552.0,Debit Card,Cancelled
1246,2024-02-01,276,60,20,1,4711.2,20,-171.8,Credit Card,Delivered
1247,2023-12-09,409,13,4,5,10899.0,30,6714.0,Net Banking,Delivered
1248,2024-09-08,460,52,20,3,1801.8,30,-9904.2,Debit Card,Returned
1249,2025-12-30,123,61,11,3,9549.0,0,4323.0,Net Banking,Delivered
1250,2023-10-08,281,27,9,2,4730.0,0,-1232.0,Net Banking,Delivered
1251,2025-09-20,481,12,20,3,9063.6,30,8004.6,Cash,Delivered
1252,2024-03-22,278,64,17,2,2794.0,0,-4986.0,Credit Card,Cancelled
1253,2024-01-21,113,42,12,2,5917.8,30,-3976.2,Net Banking,Cancelled
1254,2025-12-25,265,8,19,5,21077.0,30,-2808.0,Net Banking,Returned
1255,2025-08-01,98,47,19,1,3546.2,15,-494.8,UPI,Delivered
1256,2025-09-09,64,39,7,2,4002.0,0,2368.0,Debit Card,Delivered
1257,2025-06-24,3,10,7,3,18889.8,5,8533.8,Net Banking,Cancelled
1258,2024-09-15,464,59,13,3,12066.9,5,10458.9,UPI,Returned
1259,2023-09-21,106,30,1,1,5450.15,5,1069.15,Credit Card,Returned
1260,2023-09-14,447,62,7,2,8382.6,10,190.6,Credit Card,Delivered
1261,2023-08-17,183,51,10,1,3682.2,15,940.2,UPI,Delivered
1262,2025-06-02,62,54,14,4,3298.4,30,-6905.6,UPI,Delivered
1263,2025-11-17,400,12,14,1,4316.0,0,3963.0,Net Banking,Delivered
1264,2024-06-02,148,17,18,4,15472.0,0,10900.0,UPI,Delivered
1265,2023-01-22,32,62,18,3,10478.25,25,-1809.75,UPI,Delivered
1266,2024-02-14,476,3,15,5,31677.75,5,10307.75,Credit Card,Returned
1267,2023-07-05,305,63,2,3,3168.0,0,-1137.0,Credit Card,Returned
1268,2024-12-13,156,47,20,3,10012.8,20,-2110.2,Debit Card,Delivered
1269,2024-05-10,211,46,2,5,3881.5,30,-15128.5,Net Banking,Cancelled
1270,2023-01-29,8,44,18,1,5688.0,0,2841.0,Net Banking,Delivered
1271,2023-12-18,110,33,3,2,6166.8,10,42.8,Net Banking,Delivered
1272,2025-10-29,382,38,19,1,6438.15,5,4986.15,Cash,Delivered
1273,2025-06-19,103,3,15,5,31677.75,5,10307.75,UPI,Delivered
1274,2025-05-18,364,35,3,3,4459.95,15,1333.95,Credit Card,Cancelled
1275,2023-08-20,499,13,19,2,5293.8,15,3619.8,Debit Card,Delivered
1276,2025-11-30,433,53,7,4,14280.0,0,11616.0,Credit Card,Delivered
1277,2024-08-13,160,21,3,3,2859.75,25,-6632.25,Net Banking,Returned
1278,2024-11-02,156,34,1,1,2485.0,0,1076.0,Cash,Delivered
1279,2025-07-24,316,4,20,4,7160.4,10,-7747.6,Net Banking,Returned
1280,2025-06-28,241,63,7,3,2376.0,25,-1929.0,Credit Card,Cancelled
1281,2025-05-26,290,49,17,4,12358.8,10,9718.8,Credit Card,Delivered
1282,2025-01-22,89,58,12,4,19809.0,25,849.0,Credit Card,Delivered
1283,2023-08-04,328,6,6,4,18942.0,25,694.0,Cash,Delivered
1284,2023-06-24,114,32,7,5,8017.5,25,-13867.5,UPI,Delivered
1285,2023-07-28,491,43,17,4,19777.8,15,481.8,Credit Card,Delivered
1286,2024-11-24,75,23,12,3,11739.15,5,5160.15,Credit Card,Cancelled
1287,2024-04-21,179,18,12,4,12840.0,0,11360.0,Cash,Returned
1288,2024-07-13,110,47,2,4,15019.2,10,-1144.8,Cash,Delivered
1289,2025-04-08,19,29,17,4,3525.0,25,-2783.0,Cash,Cancelled
1290,2025-07-20,460,19,15,3,15997.05,5,11176.05,UPI,Delivered
1291,2025-10-15,2,13,20,3,7940.7,15,5429.7,Credit Card,Returned
1292,2023-07-23,296,27,20,2,4730.0,0,-1232.0,UPI,Delivered
1293,2023-02-24,439,8,16,4,18066.0,25,-1042.0,Credit Card,Delivered
1294,2024-10-31,320,38,19,5,25413.75,25,18153.75,Credit Card,Delivered
1295,2023-07-17,493,28,3,5,27728.0,20,13088.0,UPI,Returned
1296,2025-10-05,453,38,3,5,23719.5,30,16459.5,Cash,Delivered
1297,2025-10-16,33,53,2,3,8032.5,25,6034.5,Cash,Cancelled
1298,2024-12-04,453,18,11,3,7704.0,20,6594.0,Net Banking,Cancelled
1299,2023-03-06,247,46,13,1,776.3,30,-3025.7,Cash,Delivered
1300,2024-10-06,464,51,12,4,14728.8,15,3760.8,Cash,Delivered
1301,2023-03-09,195,10,1,4,26512.0,0,12704.0,Credit Card,Cancelled
1302,2023-12-03,24,65,7,3,14402.25,25,5363.25,Cash,Delivered
1303,2025-03-07,271,23,17,2,7414.2,10,3028.2,Cash,Delivered
1304,2025-10-01,437,52,13,5,3217.5,25,-16292.5,Net Banking,Returned
1305,2025-08-20,425,21,2,5,5084.0,20,-10736.0,Cash,Cancelled
1306,2023-04-25,416,49,14,2,5492.8,20,4172.8,Cash,Delivered
1307,2025-02-12,170,50,12,4,3702.4,20,-13721.6,Net Banking,Returned
1308,2024-08-05,421,14,6,3,8538.6,30,-6209.4,Debit Card,Delivered
1309,2023-04-03,308,4,7,1,1591.2,20,-2135.8,Credit Card,Delivered
1310,2023-02-25,360,48,17,3,5880.0,30,-2160.0,Debit Card,Delivered
1311,2024-12-07,416,57,11,1,4508.4,15,518.4,Debit Card,Delivered
1312,2024-05-15,474,15,16,3,11589.0,0,-3102.0,Credit Card,Delivered
1313,2023-06-23,55,47,10,3,10012.8,20,-2110.2,UPI,Delivered
1314,2023-12-14,492,43,19,1,5235.3,10,411.3,UPI,Cancelled
1315,2025-08-01,141,33,6,3,10278.0,0,1092.0,Cash,Cancelled
1316,2024-06-30,169,59,14,5,17994.5,15,15314.5,UPI,Returned
1317,2023-02-15,286,2,9,4,1961.6,20,-2766.4,Debit Card,Delivered
1318,2024-10-22,178,21,10,5,5401.75,15,-10418.25,Net Banking,Delivered
1319,2024-02-26,196,29,19,4,4700.0,0,-1608.0,Debit Card,Delivered
1320,2024-11-26,33,17,17,5,13538.0,30,7823.0,Credit Card,Cancelled
1321,2025-06-11,124,10,7,3,17895.6,10,7539.6,Credit Card,Delivered
1322,2024-03-14,326,61,13,1,2228.1,30,486.1,Debit Card,Delivered
1323,2025-04-03,123,66,3,1,4214.7,10,3324.7,Credit Card,Cancelled
1324,2023-07-14,465,11,11,1,3092.25,25,2546.25,Net Banking,Delivered
1325,2025-12-23,479,44,6,3,17064.0,0,8523.0,Cash,Delivered
1326,2023-06-07,246,59,2,2,7621.2,10,6549.2,Debit Card,Cancelled
1327,2024-10-03,309,57,15,3,13525.2,15,1555.2,Credit Card,Delivered
1328,2025-11-21,88,2,4,4,2206.8,10,-2521.2,Cash,Returned
1329,2023-02-08,335,64,3,5,6635.75,5,-12814.25,Net Banking,Delivered
1330,2024-03-12,238,54,13,5,5006.5,15,-7748.5,Cash,Delivered
1331,2025-06-07,192,26,12,5,23306.5,30,9601.5,Net Banking,Returned
1332,2024-02-15,194,43,15,1,4653.6,20,-170.4,Debit Card,Delivered
1333,2023-11-05,372,44,15,2,10807.2,5,5113.2,Debit Card,Delivered
1334,2023-05-12,43,27,5,4,8514.0,10,-3410.0,Credit Card,Delivered
1335,2024-08-10,306,27,18,3,4966.5,30,-3976.5,Credit Card,Delivered
1336,2025-04-11,470,24,15,5,22999.5,5,5599.5,Credit Card,Delivered
1337,2023-02-26,370,48,13,2,5320.0,5,-40.0,Credit Card,Delivered
1338,2025-06-12,241,24,17,4,16462.8,15,2542.8,Cash,Returned
1339,2023-11-23,152,14,13,1,3862.7,5,-1053.3,Debit Card,Delivered
1340,2024-07-22,52,4,18,1,1790.1,10,-1936.9,Net Banking,Delivered
1341,2025-09-22,314,16,5,1,2190.75,25,-1430.25,UPI,Delivered
1342,2024-09-02,307,21,20,1,1143.9,10,-2020.1,UPI,Delivered
1343,2023-07-04,213,11,2,3,9276.75,25,7638.75,Cash,Returned
1344,2023-08-18,469,44,9,2,10807.2,5,5113.2,Net Banking,Returned
1345,2025-12-04,54,57,8,5,26520.0,0,6570.0,Net Banking,Cancelled
1346,2023-07-04,62,14,2,3,10368.3,15,-4379.7,Credit Card,Cancelled
1347,2024-10-03,19,8,18,1,4215.4,30,-561.6,Debit Card,Cancelled
1348,2024-04-28,252,7,14,4,13014.4,30,4674.4,Cash,Delivered
1349,2023-12-25,23,2,15,2,1226.0,0,-1138.0,Credit Card,Delivered
1350,2024-06-04,196,57,12,4,18033.6,15,2073.6,Net Banking,Delivered
1351,2025-02-06,85,55,6,4,17881.6,20,14125.6,UPI,Delivered
1352,2025-08-30,388,2,5,5,2605.25,15,-3304.75,Credit Card,Delivered
1353,2025-08-31,281,30,6,2,10326.6,10,1564.6,Debit Card,Delivered
1354,2023-03-13,10,51,19,1,3249.0,25,507.0,UPI,Returned
1355,2025-02-26,285,16,7,2,5257.8,10,-1984.2,Debit Card,Returned
1356,2023-09-07,411,64,9,3,2933.7,30,-8736.3,Net Banking,Delivered
1357,2023-01-17,378,60,13,4,20022.6,15,490.6,Cash,Delivered
1358,2024-04-27,358,16,7,3,8763.0,0,-2100.0,Debit Card,Delivered
1359,2024-10-11,87,12,8,2,7337.2,15,6631.2,Cash,Delivered
1360,2023-06-14,418,60,5,3,12366.9,30,-2282.1,Cash,Delivered
1361,2024-11-12,157,54,14,4,3298.4,30,-6905.6,Cash,Delivered
1362,2024-06-18,434,54,7,2,1767.0,25,-3335.0,Net Banking,Delivered
1363,2024-10-31,207,33,1,3,8736.3,15,-449.7,Cash,Returned
1364,2023-04-17,37,40,15,1,3045.0,30,-1202.0,Credit Card,Returned
1365,2023-10-06,177,63,4,4,2956.8,30,-2783.2,UPI,Delivered
1366,2024-09-17,21,49,18,2,5149.5,25,3829.5,Debit Card,Cancelled
1367,2023-11-20,311,39,6,1,2001.0,0,1184.0,Credit Card,Cancelled
1368,2025-04-20,335,65,4,2,8961.4,30,2935.4,Debit Card,Delivered
1369,2023-10-01,70,54,14,4,3298.4,30,-6905.6,Debit Card,Delivered
1370,2024-11-01,432,52,16,5,3003.0,30,-16507.0,Debit Card,Delivered
1371,2025-01-22,165,5,5,1,3114.4,15,1856.4,Credit Card,Delivered
1372,2024-04-04,275,41,8,4,18967.2,30,-304.8,UPI,Delivered
1373,2024-04-13,8,9,8,5,4275.0,25,-11230.0,UPI,Delivered
1374,2023-12-12,10,58,19,2,11885.4,10,2405.4,UPI,Delivered
1375,2024-06-16,483,36,8,5,9205.5,15,-2274.5,Credit Card,Delivered
1376,2023-08-29,140,42,18,3,12046.95,5,-2794.05,UPI,Returned
1377,2025-07-18,69,62,3,5,19792.25,15,-687.75,Cash,Delivered
1378,2024-02-21,26,64,19,2,2095.5,25,-5684.5,Credit Card,Delivered
1379,2025-10-09,81,26,13,3,14982.75,25,6759.75,Cash,Delivered
1380,2024-02-28,462,66,14,4,13112.4,30,9552.4,Net Banking,Delivered
1381,2024-01-23,52,29,4,3,2643.75,25,-2087.25,Cash,Delivered
1382,2023-10-26,320,6,12,4,17679.2,30,-568.8,UPI,Delivered
1383,2025-07-12,193,12,20,3,12300.6,5,11241.6,Credit Card,Delivered
1384,2025-07-27,28,17,3,5,14505.0,25,8790.0,UPI,Delivered
1385,2024-10-24,321,42,14,4,16062.6,5,-3725.4,Cash,Returned
1386,2025-02-24,193,39,4,2,3001.5,25,1367.5,Cash,Returned
1387,2023-05-30,458,54,15,5,5301.0,10,-7454.0,UPI,Cancelled
1388,2024-11-12,392,61,18,1,3183.0,0,1441.0,Credit Card,Delivered
1389,2023-04-04,170,42,16,3,10144.8,20,-4696.2,UPI,Delivered
1390,2025-02-19,153,25,6,5,15168.0,20,10948.0,Debit Card,Delivered
1391,2023-03-26,127,65,3,3,18242.85,5,9203.85,Net Banking,Delivered
1392,2025-10-28,361,51,9,3,12346.2,5,4120.2,Cash,Delivered
1393,2023-07-03,313,54,12,4,4476.4,5,-5727.6,Debit Card,Returned
1394,2023-10-18,89,56,13,5,15720.75,15,-6044.25,Debit Card,Delivered
1395,2023-09-19,65,30,9,3,17211.0,0,4068.0,Cash,Delivered
1396,2024-08-02,486,51,2,3,11046.6,15,2820.6,Debit Card,Cancelled
1397,2024-10-03,201,58,4,3,15847.2,20,1627.2,Cash,Delivered
1398,2025-10-03,156,56,16,3,8322.75,25,-4736.25,Credit Card,Cancelled
1399,2024-01-22,462,36,16,4,8664.0,0,-520.0,Credit Card,Delivered
1400,2023-03-15,308,55,8,2,10617.2,5,8739.2,Cash,Delivered
1401,2025-08-14,170,6,3,2,9471.0,25,347.0,Cash,Delivered
1402,2025-06-23,264,45,6,4,7144.0,0,-4012.0,Debit Card,Returned
1403,2025-07-26,212,50,19,5,4917.25,15,-16862.75,Cash,Delivered
1404,2024-12-16,94,43,1,2,11634.0,0,1986.0,UPI,Delivered
1405,2023-12-11,19,52,6,3,2445.3,5,-9260.7,Net Banking,Delivered
1406,2024-03-10,471,27,4,5,8868.75,25,-6036.25,Net Banking,Delivered
1407,2024-01-05,494,24,20,5,16947.0,30,-453.0,Cash,Delivered
1408,2025-10-17,107,21,1,2,1779.4,30,-4548.6,UPI,Delivered
1409,2023-09-07,403,51,2,1,3898.8,10,1156.8,Cash,Delivered
1410,2024-10-24,384,1,8,5,16185.0,0,3330.0,Credit Card,Delivered
1411,2025-09-09,258,5,19,1,3114.4,15,1856.4,Cash,Returned
1412,2023-01-12,455,50,11,3,2776.8,20,-10291.2,Debit Card,Delivered
1413,2024-10-27,67,9,11,5,4845.0,15,-10660.0,Net Banking,Delivered
1414,2023-04-10,31,6,14,2,8839.6,30,-284.4,Debit Card,Delivered
1415,2023-05-25,428,15,20,1,2897.25,25,-1999.75,Net Banking,Cancelled
1416,2025-03-27,333,48,10,4,11200.0,0,480.0,Debit Card,Delivered
1417,2025-03-27,330,25,14,2,5308.8,30,3620.8,UPI,Delivered
1418,2025-03-06,361,20,11,2,11778.1,5,3840.1,Cash,Delivered
1419,2024-09-03,435,6,6,2,12628.0,0,3504.0,Cash,Delivered
1420,2023-09-26,246,6,13,3,14206.5,25,520.5,Debit Card,Returned
1421,2025-01-22,237,61,3,1,2228.1,30,486.1,Net Banking,Delivered
1422,2025-03-05,139,50,5,4,3933.8,15,-13490.2,Cash,Delivered
1423,2025-05-16,54,31,17,5,19584.0,20,13914.0,UPI,Delivered
1424,2024-01-17,133,9,20,3,2736.0,20,-6567.0,Cash,Returned
1425,2023-03-24,399,38,11,4,27108.0,0,21300.0,Net Banking,Delivered
1426,2024-04-04,287,38,11,4,20331.0,25,14523.0,Credit Card,Delivered
1427,2025-12-10,150,66,2,5,17561.25,25,13111.25,UPI,Delivered
1428,2023-06-12,255,62,7,4,15833.8,15,-550.2,Cash,Delivered
1429,2024-09-07,174,63,4,2,2006.4,5,-863.6,Credit Card,Cancelled
1430,2023-04-08,415,39,7,4,7203.6,10,3935.6,Net Banking,Delivered
1431,2023-08-09,56,63,9,1,844.8,20,-590.2,Net Banking,Delivered
1432,2025-08-09,458,57,6,4,21216.0,0,5256.0,Net Banking,Delivered
1433,2023-06-17,460,31,18,3,13219.2,10,9817.2,Net Banking,Delivered
1434,2025-08-05,36,57,8,1,3978.0,25,-12.0,Credit Card,Delivered
1435,2023-06-20,27,17,10,4,15472.0,0,10900.0,Cash,Returned
1436,2025-07-20,118,20,10,3,16737.3,10,4830.3,Cash,Cancelled
1437,2024-01-19,384,18,1,3,8667.0,10,7557.0,Credit Card,Delivered
1438,2024-06-15,422,39,8,1,1500.75,25,683.75,UPI,Delivered
1439,2023-01-12,476,35,13,5,8745.0,0,3535.0,Cash,Delivered
1440,2025-09-04,142,62,5,1,4424.15,5,328.15,Cash,Returned
1441,2025-09-23,198,30,7,4,16063.6,30,-1460.4,Debit Card,Cancelled
1442,2025-03-19,47,61,8,5,14323.5,10,5613.5,Debit Card,Delivered
1443,2023-01-29,265,21,10,2,2414.9,5,-3913.1,Credit Card,Delivered
1444,2024-01-21,264,20,15,1,4649.25,25,680.25,UPI,Delivered
1445,2023-10-25,11,22,20,4,4251.0,25,-10857.0,Credit Card,Delivered
1446,2023-06-26,34,10,6,5,31483.0,5,14223.0,Debit Card,Delivered
1447,2025-05-14,24,24,6,2,8231.4,15,1271.4,UPI,Delivered
1448,2025-06-30,8,56,2,2,7028.1,5,-1677.9,Cash,Delivered
1449,2025-07-09,475,63,8,1,739.2,30,-695.8,Net Banking,Delivered
1450,2025-03-13,309,15,19,2,6953.4,10,-2840.6,UPI,Delivered
1451,2025-06-03,418,64,18,1,1397.0,0,-2493.0,Cash,Delivered
1452,2024-08-18,207,60,1,5,23556.0,20,-859.0,UPI,Delivered
1453,2025-11-17,32,2,17,4,2084.2,15,-2643.8,Net Banking,Returned
1454,2025-09-26,364,32,6,5,8017.5,25,-13867.5,Credit Card,Returned
1455,2023-02-08,203,7,10,1,3718.4,20,1633.4,Cash,Cancelled
1456,2023-05-11,364,62,5,3,11176.8,20,-1111.2,Debit Card,Returned
1457,2023-08-28,385,59,5,4,14395.6,15,12251.6,Cash,Cancelled
1458,2025-06-12,230,14,15,3,10368.3,15,-4379.7,UPI,Delivered
1459,2024-01-29,128,21,19,3,2859.75,25,-6632.25,Cash,Delivered
1460,2025-11-05,135,32,13,4,8124.4,5,-9383.6,Credit Card,Cancelled
1461,2025-08-17,282,58,5,3,15847.2,20,1627.2,Credit Card,Delivered
1462,2025-01-07,117,55,2,4,18999.2,15,15243.2,Cash,Delivered
1463,2024-08-01,181,32,4,5,10155.5,5,-11729.5,UPI,Returned
1464,2023-12-21,72,64,13,4,5308.6,5,-10251.4,Credit Card,Delivered
1465,2023-07-26,130,64,15,5,5937.25,15,-13512.75,Cash,Delivered
1466,2024-03-04,185,47,15,3,11890.2,5,-232.8,Net Banking,Delivered
1467,2024-06-18,339,15,6,1,3476.7,10,-1420.3,Debit Card,Returned
1468,2025-10-28,17,44,5,2,10807.2,5,5113.2,UPI,Delivered
1469,2023-08-22,212,55,13,3,14249.4,15,11432.4,Net Banking,Delivered
1470,2024-04-03,57,12,17,1,3452.8,20,3099.8,Cash,Delivered
1471,2024-12-28,321,25,7,3,7963.2,30,5431.2,UPI,Cancelled
1472,2025-11-21,362,18,9,3,9148.5,5,8038.5,Net Banking,Returned
1473,2023-04-14,431,17,7,1,2901.0,25,1758.0,Cash,Delivered
1474,2023-07-28,184,11,11,1,4123.0,0,3577.0,Net Banking,Delivered
1475,2023-12-09,150,10,8,5,33140.0,0,15880.0,UPI,Delivered
1476,2024-08-21,182,1,19,3,9225.45,5,1512.45,Cash,Cancelled
1477,2023-07-23,118,64,19,4,4191.0,25,-11369.0,Credit Card,Returned
1478,2023-10-10,262,16,9,3,7886.7,10,-2976.3,UPI,Delivered
1479,2023-01-14,41,12,13,4,14674.4,15,13262.4,Credit Card,Delivered
1480,2025-10-31,396,66,14,3,12644.1,10,9974.1,Credit Card,Delivered
1481,2025-04-29,198,53,20,3,9639.0,10,7641.0,Debit Card,Returned
1482,2025-12-20,69,56,6,2,7028.1,5,-1677.9,Cash,Delivered
1483,2025-05-28,335,5,19,2,5129.6,30,2613.6,Cash,Delivered
1484,2025-11-23,51,16,17,4,8178.8,30,-6305.2,Debit Card,Delivered
1485,2023-01-21,136,46,13,4,4214.2,5,-10993.8,Net Banking,Delivered
1486,2024-10-06,251,60,16,1,5300.1,10,417.1,Cash,Delivered
1487,2025-03-16,459,36,13,4,8664.0,0,-520.0,UPI,Returned
1488,2023-04-29,210,8,16,2,9635.2,20,81.2,Net Banking,Delivered
1489,2024-09-15,5,56,17,4,12576.6,15,-4835.4,Debit Card,Delivered
1490,2024-07-26,44,43,17,1,4071.9,30,-752.1,Net Banking,Cancelled
1491,2025-04-07,215,7,11,2,6972.0,25,2802.0,Cash,Returned
1492,2025-06-24,33,2,13,2,980.8,20,-1383.2,Debit Card,Returned
1493,2024-02-09,44,41,4,4,18967.2,30,-304.8,Debit Card,Delivered
1494,2024-11-16,378,23,13,1,3295.2,20,1102.2,Cash,Returned
1495,2024-08-04,415,64,9,2,2235.2,20,-5544.8,Credit Card,Delivered
1496,2024-10-01,230,7,17,5,18592.0,20,8167.0,Net Banking,Delivered
1497,2023-02-27,226,12,9,2,8632.0,0,7926.0,Net Banking,Cancelled
1498,2024-09-14,489,12,19,3,12300.6,5,11241.6,Cash,Cancelled
1499,2023-05-03,379,42,11,1,3170.25,25,-1776.75,Debit Card,Delivered
1500,2023-09-11,455,51,12,5,19494.0,10,5784.0,UPI,Returned
1501,2024-09-02,207,17,1,1,3287.8,15,2144.8,Net Banking,Returned
1502,2024-11-25,76,34,14,1,2112.25,15,703.25,Credit Card,Returned
1503,2025-12-28,422,27,17,5,9460.0,20,-5445.0,Net Banking,Delivered
1504,2024-08-05,432,65,5,3,17282.7,10,8243.7,Net Banking,Returned
1505,2025-02-12,193,66,2,2,7024.5,25,5244.5,Net Banking,Returned
1506,2024-11-02,194,43,8,2,11634.0,0,1986.0,Net Banking,Cancelled
1507,2025-01-09,255,40,3,2,6090.0,30,-2404.0,Cash,Delivered
1508,2025-05-21,181,41,20,2,10161.0,25,525.0,Cash,Delivered
1509,2025-05-20,185,31,20,1,4896.0,0,3762.0,Credit Card,Delivered
1510,2023-06-09,44,27,9,2,4020.5,15,-1941.5,Debit Card,Returned
1511,2025-11-28,327,11,13,5,17522.75,15,14792.75,Cash,Delivered
1512,2025-05-17,467,46,3,5,4713.25,15,-14296.75,Cash,Returned
1513,2025-05-03,287,52,2,4,2574.0,25,-13034.0,Credit Card,Delivered
1514,2025-09-19,359,44,17,5,27018.0,5,12783.0,Cash,Delivered
1515,2025-12-19,423,66,12,5,16390.5,30,11940.5,UPI,Returned
1516,2025-08-27,500,32,11,2,3634.6,15,-5119.4,UPI,Returned
1517,2025-01-26,239,5,4,2,5862.4,20,3346.4,UPI,Cancelled
1518,2023-09-05,209,1,3,4,12948.0,0,2664.0,Debit Card,Cancelled
1519,2025-12-06,442,58,19,3,19809.0,0,5589.0,Credit Card,Delivered
1520,2025-02-05,362,3,12,3,18006.3,10,5184.3,Debit Card,Delivered
1521,2023-10-20,386,4,4,4,7956.0,0,-6952.0,Credit Card,Cancelled
1522,2024-09-16,63,25,15,4,15168.0,0,11792.0,Debit Card,Delivered
1523,2025-09-28,318,14,5,2,5692.4,30,-4139.6,UPI,Delivered
1524,2023-05-19,475,41,19,5,30483.0,10,6393.0,UPI,Delivered
1525,2024-09-26,118,42,5,4,13526.4,20,-6261.6,Net Banking,Delivered
1526,2025-02-11,430,52,4,3,1801.8,30,-9904.2,Cash,Returned
1527,2023-10-11,19,17,19,5,18373.0,5,12658.0,Net Banking,Returned
1528,2025-07-10,470,7,7,4,13014.4,30,4674.4,Cash,Delivered
1529,2025-04-18,483,31,1,3,14688.0,0,11286.0,Cash,Delivered
1530,2023-04-04,246,19,11,4,20206.8,10,13778.8,Cash,Returned
1531,2023-07-01,20,61,8,3,7161.75,25,1935.75,Credit Card,Returned
1532,2024-09-24,51,57,4,1,4243.2,20,253.2,Net Banking,Returned
1533,2023-06-24,305,61,14,1,2387.25,25,645.25,Credit Card,Cancelled
1534,2023-04-19,196,56,10,5,14796.0,20,-6969.0,Net Banking,Cancelled
1535,2025-09-01,76,66,17,2,6556.2,30,4776.2,Net Banking,Delivered
1536,2025-12-25,288,47,2,1,3129.0,25,-912.0,Credit Card,Delivered
1537,2024-02-26,208,30,7,3,12047.7,30,-1095.3,Credit Card,Returned
1538,2023-06-23,71,64,5,5,5937.25,15,-13512.75,Net Banking,Cancelled
1539,2023-04-03,297,62,1,3,11875.35,15,-412.65,Cash,Delivered
1540,2024-01-05,180,38,6,3,17281.35,15,12925.35,Cash,Delivered
1541,2025-02-21,428,25,3,5,17064.0,10,12844.0,Debit Card,Delivered
1542,2023-12-11,156,3,9,1,6669.0,0,2395.0,Debit Card,Delivered
1543,2023-07-03,44,19,1,2,10103.4,10,6889.4,Credit Card,Delivered
1544,2023-12-13,450,4,4,4,5967.0,25,-8941.0,UPI,Cancelled
1545,2023-02-25,140,53,18,3,10174.5,5,8176.5,UPI,Delivered
1546,2024-10-17,437,37,2,4,21936.0,0,15452.0,Credit Card,Delivered
1547,2025-02-08,277,62,15,3,12573.9,10,285.9,UPI,Delivered
1548,2024-04-29,421,10,6,2,12593.2,5,5689.2,Cash,Cancelled
1549,2023-08-24,279,58,5,5,28062.75,15,4362.75,Debit Card,Delivered
1550,2025-04-13,65,59,19,3,10796.7,15,9188.7,UPI,Delivered
1551,2024-04-23,70,58,15,1,5612.55,15,872.55,UPI,Delivered
1552,2023-07-27,162,31,17,5,19584.0,20,13914.0,Credit Card,Cancelled
1553,2025-04-13,83,30,14,2,10326.6,10,1564.6,Cash,Delivered
1554,2023-10-19,424,50,20,5,5495.75,5,-16284.25,Debit Card,Cancelled
1555,2024-05-17,119,52,19,2,1201.2,30,-6602.8,Net Banking,Delivered
1556,2023-03-27,69,32,7,5,9086.5,15,-12798.5,UPI,Delivered
1557,2023-12-09,53,56,3,5,16645.5,10,-5119.5,UPI,Delivered
1558,2024-05-28,369,5,4,4,13190.4,10,8158.4,Cash,Delivered
1559,2025-11-11,201,3,4,2,10670.4,20,2122.4,Debit Card,Delivered
1560,2025-12-29,169,25,3,2,5688.0,25,4000.0,Net Banking,Delivered
1561,2025-03-20,94,34,20,3,7455.0,0,3228.0,UPI,Delivered
1562,2025-06-03,291,40,16,5,19575.0,10,-1660.0,Credit Card,Cancelled
1563,2024-10-13,113,45,5,5,6251.0,30,-7694.0,Debit Card,Returned
1564,2025-07-16,123,66,3,3,9834.3,30,7164.3,Debit Card,Delivered
1565,2024-03-07,75,9,19,3,3078.0,10,-6225.0,Cash,Cancelled
1566,2023-10-01,215,51,8,3,12996.0,0,4770.0,UPI,Cancelled
1567,2023-01-20,463,48,11,4,11200.0,0,480.0,Credit Card,Delivered
1568,2025-09-28,306,4,16,5,7458.75,25,-11176.25,Cash,Cancelled
1569,2023-06-08,267,35,20,1,1224.3,30,182.3,Net Banking,Delivered
1570,2023-09-10,413,23,14,4,12357.0,25,3585.0,Debit Card,Delivered
1571,2025-03-03,196,43,1,5,26176.5,10,2056.5,Credit Card,Returned
1572,2025-08-05,315,16,11,1,2921.0,0,-700.0,Debit Card,Delivered
1573,2024-03-29,383,26,10,4,26636.0,0,15672.0,UPI,Delivered
1574,2023-07-04,360,58,13,3,18818.55,5,4598.55,Net Banking,Returned
1575,2024-03-28,98,66,11,3,9834.3,30,7164.3,Credit Card,Delivered
1576,2024-07-28,64,17,2,3,11604.0,0,8175.0,Cash,Returned
1577,2023-01-15,271,4,2,5,9447.75,5,-9187.25,Credit Card,Returned
1578,2024-07-22,475,43,18,4,23268.0,0,3972.0,Net Banking,Cancelled
1579,2024-02-01,261,43,3,4,22104.6,5,2808.6,Net Banking,Returned
1580,2023-12-26,260,60,6,5,23556.0,20,-859.0,UPI,Cancelled
1581,2023-05-14,178,63,1,2,1584.0,25,-1286.0,Credit Card,Delivered
1582,2024-04-11,228,34,20,5,8697.5,30,1652.5,Net Banking,Returned
1583,2023-02-17,364,30,15,3,16350.45,5,3207.45,Net Banking,Cancelled
1584,2025-07-18,53,21,10,3,2859.75,25,-6632.25,UPI,Delivered
1585,2024-10-23,180,36,16,1,1516.2,30,-779.8,Cash,Delivered
1586,2025-11-27,95,4,4,3,5967.0,0,-5214.0,Cash,Delivered
1587,2023-03-31,125,40,15,3,10440.0,20,-2301.0,Credit Card,Delivered
1588,2025-12-26,203,40,4,3,11092.5,15,-1648.5,Cash,Delivered
1589,2024-02-03,413,13,4,1,2646.9,15,1809.9,Debit Card,Delivered
1590,2023-02-21,474,2,15,5,2145.5,30,-3764.5,Credit Card,Returned
1591,2024-05-26,239,11,8,4,16492.0,0,14308.0,Credit Card,Delivered
1592,2023-05-09,150,56,17,3,9987.3,10,-3071.7,UPI,Delivered
1593,2023-02-19,78,62,18,4,15833.8,15,-550.2,Net Banking,Returned
1594,2024-05-27,15,20,6,3,13017.9,30,1110.9,Credit Card,Delivered
1595,2024-11-28,184,18,1,4,12198.0,5,10718.0,UPI,Delivered
1596,2024-04-29,469,31,18,5,17136.0,30,11466.0,UPI,Cancelled
1597,2023-07-15,239,37,15,5,23307.0,15,15202.0,Cash,Cancelled
1598,2023-05-05,312,2,5,1,613.0,0,-569.0,UPI,Delivered
1599,2023-05-14,383,25,14,3,7963.2,30,5431.2,Credit Card,Delivered
1600,2024-09-09,498,16,17,4,11684.0,0,-2800.0,Net Banking,Returned
1601,2023-07-28,468,18,16,4,12840.0,0,11360.0,UPI,Cancelled
1602,2025-02-20,148,46,15,1,998.1,10,-2803.9,Cash,Delivered
1603,2025-04-21,313,21,17,5,4448.5,30,-11371.5,Credit Card,Cancelled
1604,2025-07-17,58,32,13,5,10690.0,0,-11195.0,Cash,Delivered
1605,2023-07-27,464,21,10,4,4067.2,20,-8588.8,Debit Card,Returned
1606,2025-11-25,369,46,10,1,942.65,15,-2859.35,Debit Card,Cancelled
1607,2023-07-30,239,49,13,2,6866.0,0,5546.0,UPI,Cancelled
1608,2024-02-01,325,39,19,1,1600.8,20,783.8,Net Banking,Delivered
1609,2024-12-28,116,25,10,5,17064.0,10,12844.0,Cash,Delivered
1610,2024-01-16,102,5,12,5,15572.0,15,9282.0,Credit Card,Delivered
1611,2023-09-19,23,24,4,1,4842.0,0,1362.0,Debit Card,Cancelled
1612,2025-01-02,148,2,8,4,1961.6,20,-2766.4,Debit Card,Cancelled
1613,2023-10-26,105,41,4,5,23709.0,30,-381.0,Credit Card,Delivered
1614,2024-12-03,145,28,10,3,16636.8,20,7852.8,Debit Card,Delivered
1615,2023-10-24,247,50,4,1,925.6,20,-3430.4,UPI,Delivered
1616,2023-04-22,259,41,16,5,23709.0,30,-381.0,Cash,Delivered
1617,2024-02-17,138,57,12,2,10077.6,5,2097.6,UPI,Delivered
1618,2025-09-01,263,35,17,2,2623.5,25,539.5,Cash,Cancelled
1619,2024-11-18,115,2,19,3,1287.3,30,-2258.7,Net Banking,Delivered
1620,2023-11-29,65,41,20,4,24386.4,10,5114.4,UPI,Delivered
1621,2024-03-25,212,49,15,1,2918.05,15,2258.05,UPI,Returned
1622,2024-04-16,361,18,19,2,4815.0,25,4075.0,Cash,Cancelled
1623,2025-09-11,77,52,14,2,1630.2,5,-6173.8,Debit Card,Returned
1624,2025-03-30,173,59,10,4,16089.2,5,13945.2,Credit Card,Delivered
1625,2023-06-01,128,54,17,3,3534.0,0,-4119.0,Debit Card,Delivered
1626,2023-10-19,330,16,17,5,14605.0,0,-3500.0,Debit Card,Delivered
1627,2025-01-07,176,19,13,2,8419.5,25,5205.5,UPI,Delivered
1628,2024-08-04,232,40,11,2,8265.0,5,-229.0,Credit Card,Delivered
1629,2023-12-23,6,3,4,3,15005.25,25,2183.25,Debit Card,Cancelled
1630,2024-02-06,239,8,9,2,11441.8,5,1887.8,UPI,Delivered
1631,2023-02-12,204,20,13,3,18597.0,0,6690.0,Credit Card,Delivered
1632,2024-03-06,264,53,10,1,3213.0,10,2547.0,Debit Card,Delivered
1633,2025-02-01,175,9,18,2,2052.0,10,-4150.0,Credit Card,Cancelled
1634,2023-05-14,406,21,4,5,5401.75,15,-10418.25,UPI,Delivered
1635,2024-01-24,141,29,11,2,1645.0,30,-1509.0,Credit Card,Cancelled
1636,2025-02-05,193,50,12,4,3471.0,25,-13953.0,Debit Card,Cancelled
1637,2024-05-15,170,23,8,4,12357.0,25,3585.0,UPI,Cancelled
1638,2024-08-25,431,27,11,5,11233.75,5,-3671.25,Credit Card,Delivered
1639,2024-07-27,461,8,16,2,12044.0,0,2490.0,Credit Card,Cancelled
1640,2024-03-04,31,17,15,5,16439.0,15,10724.0,UPI,Delivered
1641,2023-12-09,465,56,7,5,18495.0,0,-3270.0,Net Banking,Delivered
1642,2025-10-18,22,63,10,5,4752.0,10,-2423.0,Net Banking,Delivered
1643,2025-02-04,136,41,3,2,12193.2,10,2557.2,Net Banking,Returned
1644,2025-10-10,262,57,2,4,15912.0,25,-48.0,Cash,Delivered
1645,2023-03-16,167,31,2,5,20808.0,15,15138.0,Credit Card,Delivered
1646,2024-04-25,362,39,6,2,3401.7,15,1767.7,Cash,Delivered
1647,2025-02-11,485,20,20,3,15807.45,15,3900.45,Net Banking,Delivered
1648,2023-06-23,428,1,13,3,8739.9,10,1026.9,Credit Card,Delivered
1649,2025-11-28,401,24,9,3,12347.1,15,1907.1,Debit Card,Delivered
1650,2025-08-10,472,17,13,5,19340.0,0,13625.0,Net Banking,Cancelled
1651,2025-07-12,387,60,17,3,15016.95,15,367.95,Cash,Delivered
1652,2025-10-15,356,25,20,4,13651.2,10,10275.2,Debit Card,Delivered
1653,2024-01-03,356,43,1,4,23268.0,0,3972.0,Cash,Delivered
1654,2023-06-05,131,34,2,3,5591.25,25,1364.25,Debit Card,Delivered
1655,2025-10-24,381,53,6,3,7497.0,30,5499.0,Net Banking,Cancelled
1656,2024-07-20,352,26,15,1,4661.3,30,1920.3,Credit Card,Delivered
1657,2025-01-07,394,6,17,1,6314.0,0,1752.0,UPI,Cancelled
1658,2024-02-07,454,15,15,2,6953.4,10,-2840.6,Debit Card,Delivered
1659,2024-07-16,79,23,2,3,9267.75,25,2688.75,Credit Card,Returned
1660,2024-06-18,9,18,8,5,15247.5,5,13397.5,UPI,Delivered
1661,2024-12-10,211,3,8,3,14004.9,30,1182.9,Cash,Delivered
1662,2023-01-25,278,4,12,5,6961.5,30,-11673.5,Cash,Returned
1663,2023-11-02,174,63,10,5,3696.0,30,-3479.0,Cash,Delivered
1664,2024-03-05,39,52,1,2,1287.0,25,-6517.0,Cash,Delivered
1665,2025-08-17,427,38,7,5,27108.0,20,19848.0,Cash,Delivered
1666,2024-01-20,225,18,11,1,2889.0,10,2519.0,Cash,Returned
1667,2025-06-17,209,9,8,4,4332.0,5,-8072.0,Cash,Cancelled
1668,2023-10-12,93,23,7,1,3707.1,10,1514.1,Net Banking,Delivered
1669,2023-01-20,281,8,20,3,13549.5,25,-781.5,Cash,Returned
1670,2024-04-06,80,59,9,3,11431.8,10,9823.8,Cash,Delivered
1671,2024-09-05,467,9,9,4,3192.0,30,-9212.0,Debit Card,Cancelled
1672,2023-03-07,489,35,20,1,1399.2,20,357.2,Credit Card,Delivered
1673,2025-03-11,196,65,10,3,15362.4,20,6323.4,Cash,Delivered
1674,2025-12-30,262,5,18,4,14656.0,0,9624.0,Cash,Delivered
1675,2024-11-04,387,50,20,4,4628.0,0,-12796.0,Net Banking,Delivered
1676,2023-12-18,120,4,14,3,5967.0,0,-5214.0,UPI,Returned
1677,2023-03-07,167,59,2,5,20111.5,5,17431.5,Net Banking,Delivered
1678,2024-02-12,244,9,7,1,1083.0,5,-2018.0,UPI,Delivered
1679,2024-04-22,30,6,20,3,17994.9,5,4308.9,Debit Card,Returned
1680,2025-07-20,4,31,11,5,24480.0,0,18810.0,UPI,Delivered
1681,2023-12-18,25,41,20,5,33870.0,0,9780.0,Debit Card,Delivered
1682,2023-08-15,499,50,4,4,4396.6,5,-13027.4,Credit Card,Cancelled
1683,2023-05-21,444,41,4,4,23031.6,15,3759.6,Cash,Delivered
1684,2024-02-26,412,26,17,2,9322.6,30,3840.6,Debit Card,Delivered
1685,2024-09-27,229,32,14,4,8124.4,5,-9383.6,Net Banking,Delivered
1686,2025-07-28,72,41,7,5,25402.5,25,1312.5,Debit Card,Delivered
1687,2025-07-01,375,21,19,1,1207.45,5,-1956.55,UPI,Delivered
1688,2024-05-20,123,32,20,5,7483.0,30,-14402.0,Net Banking,Delivered
1689,2025-07-31,398,17,4,5,16439.0,15,10724.0,Cash,Cancelled
1690,2023-07-06,3,64,15,1,1047.75,25,-2842.25,Debit Card,Returned
1691,2024-09-01,394,59,9,4,15242.4,10,13098.4,Cash,Cancelled
1692,2024-05-25,243,19,7,2,9542.1,15,6328.1,Credit Card,Cancelled
1693,2025-02-26,60,32,5,4,7269.2,15,-10238.8,Credit Card,Returned
1694,2025-03-16,379,18,15,5,16050.0,0,14200.0,UPI,Delivered
1695,2024-08-20,358,13,19,2,5605.2,10,3931.2,UPI,Returned
1696,2025-04-22,156,20,13,2,10538.3,15,2600.3,Net Banking,Delivered
1697,2023-08-04,92,17,4,3,11604.0,0,8175.0,Net Banking,Delivered
1698,2023-12-04,218,50,4,4,3933.8,15,-13490.2,Debit Card,Delivered
1699,2025-08-04,390,58,13,5,33015.0,0,9315.0,UPI,Delivered
1700,2024-12-04,92,26,17,4,22640.6,15,11676.6,Cash,Delivered
1701,2023-01-22,439,48,16,4,11200.0,0,480.0,Debit Card,Delivered
1702,2025-08-08,153,26,9,2,11986.2,10,6504.2,Cash,Delivered
1703,2024-05-11,35,25,1,1,3792.0,0,2948.0,Cash,Delivered
1704,2024-07-25,67,52,7,4,2402.4,30,-13205.6,Credit Card,Delivered
1705,2023-07-25,342,18,15,1,2568.0,20,2198.0,Credit Card,Delivered
1706,2025-03-11,33,31,18,1,3916.8,20,2782.8,Credit Card,Delivered
1707,2024-07-13,418,37,13,1,4113.0,25,2492.0,Credit Card,Delivered
1708,2024-03-19,33,34,20,3,7082.25,5,2855.25,UPI,Returned
1709,2025-06-24,438,15,5,5,18349.25,5,-6135.75,UPI,Returned
1710,2023-07-30,486,13,12,5,11677.5,25,7492.5,Cash,Returned
1711,2023-04-18,246,4,10,3,5071.95,15,-6109.05,Net Banking,Delivered
1712,2025-02-11,142,44,17,1,3981.6,30,1134.6,Credit Card,Delivered
1713,2024-02-14,74,53,6,3,10174.5,5,8176.5,UPI,Delivered
1714,2023-01-30,113,29,20,4,4700.0,0,-1608.0,Debit Card,Delivered
1715,2023-07-17,348,48,11,1,2660.0,5,-20.0,Credit Card,Returned
1716,2025-05-01,281,48,19,2,5600.0,0,240.0,Net Banking,Delivered
1717,2024-01-24,378,65,19,3,17282.7,10,8243.7,Net Banking,Delivered
1718,2025-05-26,40,58,3,5,28062.75,15,4362.75,UPI,Delivered
1719,2024-12-31,9,54,17,2,2356.0,0,-2746.0,Debit Card,Delivered
1720,2024-10-09,413,25,13,1,3223.2,15,2379.2,UPI,Delivered
1721,2024-03-26,425,5,9,2,6228.8,15,3712.8,UPI,Returned
1722,2025-01-25,100,47,11,3,9387.0,25,-2736.0,UPI,Delivered
1723,2024-09-09,178,33,4,2,5824.2,15,-299.8,Net Banking,Delivered
1724,2023-12-18,226,36,12,1,1624.5,25,-671.5,Debit Card,Delivered
1725,2025-03-06,368,37,19,5,24678.0,10,16573.0,Credit Card,Delivered
1726,2024-10-13,268,31,5,2,7344.0,25,5076.0,Cash,Delivered
1727,2025-07-08,117,27,16,3,7095.0,0,-1848.0,Cash,Cancelled
1728,2023-01-28,197,18,3,2,5136.0,20,4396.0,Credit Card,Delivered
1729,2023-09-12,4,36,4,5,7581.0,30,-3899.0,Debit Card,Delivered
1730,2024-05-13,365,8,16,4,16861.6,30,-2246.4,Net Banking,Delivered
1731,2025-02-06,61,1,7,1,3075.15,5,504.15,Cash,Delivered
1732,2025-02-08,397,36,3,2,4115.4,5,-476.6,Credit Card,Returned
1733,2025-06-27,477,66,12,1,4448.85,5,3558.85,Debit Card,Delivered
1734,2023-03-23,131,50,18,3,3123.9,10,-9944.1,Net Banking,Delivered
1735,2023-02-18,466,45,20,3,3750.6,30,-4616.4,Credit Card,Returned
1736,2024-05-11,232,53,11,3,9639.0,10,7641.0,Credit Card,Cancelled
1737,2024-05-23,301,42,12,1,3170.25,25,-1776.75,Credit Card,Cancelled
1738,2024-10-20,117,55,11,4,17881.6,20,14125.6,Credit Card,Delivered
1739,2025-10-03,203,26,4,1,6659.0,0,3918.0,UPI,Delivered
1740,2023-10-17,63,14,15,1,3049.5,25,-1866.5,Credit Card,Delivered
1741,2024-02-23,479,66,5,1,4448.85,5,3558.85,Credit Card,Cancelled
1742,2025-08-14,319,25,4,1,3223.2,15,2379.2,Debit Card,Delivered
1743,2025-05-18,70,36,14,2,4115.4,5,-476.6,Credit Card,Cancelled
1744,2024-08-07,361,28,5,2,12477.6,10,6621.6,Net Banking,Delivered
1745,2025-09-12,129,47,14,2,7509.6,10,-572.4,UPI,Delivered
1746,2023-12-10,165,32,8,4,7269.2,15,-10238.8,Cash,Delivered
1747,2025-06-06,270,19,6,4,17961.6,20,11533.6,Credit Card,Delivered
1748,2025-02-20,139,51,9,1,3032.4,30,290.4,Cash,Delivered
1749,2023-11-09,326,38,20,3,16264.8,20,11908.8,Net Banking,Returned
1750,2025-02-18,115,57,20,2,9547.2,10,1567.2,Cash,Delivered
1751,2025-02-07,82,52,4,4,3088.8,10,-12519.2,Net Banking,Cancelled
1752,2024-11-13,226,48,19,4,11200.0,0,480.0,Credit Card,Returned
1753,2023-11-13,416,15,12,4,14679.4,5,-4908.6,Credit Card,Delivered
1754,2025-10-22,57,58,20,1,4622.1,30,-117.9,Debit Card,Delivered
1755,2025-03-19,481,19,18,4,19084.2,15,12656.2,Debit Card,Delivered
1756,2023-05-26,295,27,20,4,8514.0,10,-3410.0,Cash,Delivered
1757,2023-11-29,55,7,16,1,3950.8,15,1865.8,Credit Card,Delivered
1758,2024-12-14,49,51,19,3,9097.2,30,871.2,Net Banking,Returned
1759,2025-01-24,336,39,19,4,6003.0,25,2735.0,UPI,Returned
1760,2024-05-20,99,23,11,4,14004.6,15,5232.6,Credit Card,Delivered
1761,2025-01-10,96,53,4,1,2499.0,30,1833.0,UPI,Returned
1762,2025-07-21,466,40,4,2,7830.0,10,-664.0,Credit Card,Delivered
1763,2023-11-27,477,35,16,2,2798.4,20,714.4,UPI,Delivered
1764,2025-02-26,132,57,4,1,3978.0,25,-12.0,Cash,Returned
1765,2025-11-27,67,9,14,5,5700.0,0,-9805.0,Credit Card,Delivered
1766,2025-05-24,281,37,3,2,7677.6,30,4435.6,Debit Card,Returned
1767,2025-12-27,257,25,12,3,9100.8,20,6568.8,Cash,Cancelled
1768,2025-04-22,474,6,19,3,14206.5,25,520.5,UPI,Delivered
1769,2024-12-06,255,23,13,5,14416.5,30,3451.5,Credit Card,Delivered
1770,2025-03-26,294,58,6,2,9904.5,25,424.5,Debit Card,Delivered
1771,2025-10-04,374,11,3,2,5772.2,30,4680.2,UPI,Delivered
1772,2025-05-05,160,32,7,1,1496.6,30,-2880.4,Net Banking,Delivered
1773,2025-06-01,57,20,9,3,13947.75,25,2040.75,Credit Card,Delivered
1774,2023-10-03,335,5,5,3,10442.4,5,6668.4,Credit Card,Delivered
1775,2023-08-14,260,17,10,2,6188.8,20,3902.8,Cash,Cancelled
1776,2024-02-16,463,45,6,2,3393.4,5,-2184.6,UPI,Returned
1777,2024-01-28,464,43,3,2,8143.8,30,-1504.2,Debit Card,Delivered
1778,2023-08-12,210,63,5,4,3168.0,25,-2572.0,Credit Card,Delivered
1779,2025-02-12,123,30,14,3,17211.0,0,4068.0,UPI,Delivered
1780,2023-03-02,458,52,8,1,772.2,10,-3129.8,Net Banking,Delivered
1781,2023-07-26,53,8,9,4,20474.8,15,1366.8,UPI,Delivered
1782,2023-01-15,195,34,12,3,5218.5,30,991.5,Net Banking,Delivered
1783,2025-12-05,402,45,9,1,1696.7,5,-1092.3,UPI,Delivered
1784,2024-06-28,160,1,15,5,12948.0,20,93.0,Cash,Delivered
1785,2025-05-29,192,61,13,3,7639.2,20,2413.2,Debit Card,Delivered
1786,2024-05-05,231,23,8,3,11121.3,10,4542.3,Debit Card,Returned
1787,2023-04-28,151,52,14,4,2917.2,15,-12690.8,Debit Card,Delivered
1788,2025-07-24,60,17,18,1,3868.0,0,2725.0,Cash,Returned
1789,2023-09-09,112,27,12,2,4730.0,0,-1232.0,Net Banking,Delivered
1790,2025-07-14,421,23,3,2,7414.2,10,3028.2,Net Banking,Returned
1791,2025-04-26,153,65,2,4,20483.2,20,8431.2,Credit Card,Delivered
1792,2025-01-07,76,21,3,3,3813.0,0,-5679.0,UPI,Returned
1793,2025-06-28,367,29,17,3,2643.75,25,-2087.25,Credit Card,Cancelled
1794,2023-06-16,467,10,18,4,22535.2,15,8727.2,Debit Card,Delivered
1795,2023-07-25,265,42,14,4,12681.0,25,-7107.0,Cash,Delivered
1796,2023-10-21,441,47,6,5,19817.0,5,-388.0,Net Banking,Cancelled
1797,2023-09-19,351,35,17,5,8745.0,0,3535.0,Cash,Delivered
1798,2025-08-14,294,39,4,3,4202.1,30,1751.1,Credit Card,Delivered
1799,2024-05-08,102,43,11,1,4944.45,15,120.45,Credit Card,Delivered
1800,2023-07-03,309,19,11,2,7858.2,30,4644.2,UPI,Delivered
1801,2024-10-30,371,48,14,1,2660.0,5,-20.0,Cash,Delivered
1802,2024-06-11,443,12,4,2,6474.0,25,5768.0,Cash,Returned
1803,2023-10-06,282,26,11,1,4994.25,25,2253.25,Net Banking,Returned
1804,2024-11-12,41,5,4,4,14656.0,0,9624.0,Credit Card,Cancelled
1805,2024-12-03,305,27,20,5,11825.0,0,-3080.0,Cash,Returned
1806,2025-06-13,482,56,3,4,11097.0,25,-6315.0,Credit Card,Delivered
1807,2024-08-18,423,44,2,3,17064.0,0,8523.0,UPI,Delivered
1808,2024-01-21,147,23,13,1,3707.1,10,1514.1,UPI,Cancelled
1809,2024-10-03,267,3,4,3,19006.65,5,6184.65,Cash,Cancelled
1810,2023-05-07,54,51,4,1,3898.8,10,1156.8,Net Banking,Cancelled
1811,2025-03-05,360,22,11,2,1983.8,30,-5570.2,Cash,Delivered
1812,2023-09-16,270,35,19,3,3672.9,30,546.9,Net Banking,Returned
1813,2024-03-30,325,50,4,5,4628.0,20,-17152.0,UPI,Delivered
1814,2025-08-01,140,16,14,1,2336.8,20,-1284.2,Debit Card,Delivered
1815,2024-03-24,380,50,18,3,2429.7,30,-10638.3,Cash,Returned
1816,2024-08-03,313,53,18,4,13566.0,5,10902.0,Credit Card,Returned
1817,2024-10-17,79,32,15,1,1710.4,20,-2666.6,Debit Card,Cancelled
1818,2025-09-06,176,17,10,1,3481.2,10,2338.2,Credit Card,Delivered
1819,2025-02-10,433,19,7,3,12629.25,25,7808.25,UPI,Delivered
1820,2024-03-07,200,49,7,2,4806.2,30,3486.2,Credit Card,Returned
1821,2024-01-02,58,46,19,1,776.3,30,-3025.7,Cash,Returned
1822,2023-11-23,218,50,5,4,4165.2,10,-13258.8,UPI,Cancelled
1823,2025-05-15,410,12,13,4,15537.6,10,14125.6,Cash,Delivered
1824,2023-05-28,284,29,9,4,3995.0,15,-2313.0,Net Banking,Returned
1825,2024-02-04,167,24,7,3,13073.4,10,2633.4,Net Banking,Delivered
1826,2024-10-24,457,30,5,1,5450.15,5,1069.15,Net Banking,Delivered
1827,2023-12-02,27,6,20,3,16100.7,15,2414.7,Net Banking,Delivered
1828,2025-09-15,362,62,9,4,13971.0,25,-2413.0,Debit Card,Delivered
1829,2024-02-05,439,13,16,2,5916.6,5,4242.6,UPI,Delivered
1830,2023-10-30,381,25,10,5,18960.0,0,14740.0,Cash,Delivered
1831,2023-07-16,224,15,14,2,7726.0,0,-2068.0,Debit Card,Delivered
1832,2023-08-29,195,43,5,2,11634.0,0,1986.0,Net Banking,Returned
1833,2025-06-07,72,38,2,3,16264.8,20,11908.8,Credit Card,Returned
1834,2023-03-11,75,29,16,4,4465.0,5,-1843.0,UPI,Delivered
1835,2024-09-11,485,48,9,4,9520.0,15,-1200.0,Net Banking,Delivered
1836,2023-07-03,392,54,11,4,3298.4,30,-6905.6,Cash,Returned
1837,2025-06-30,288,16,1,4,10515.6,10,-3968.4,Debit Card,Delivered
1838,2023-06-19,252,65,12,1,6401.0,0,3388.0,UPI,Delivered
1839,2023-02-17,357,63,4,5,5016.0,5,-2159.0,Net Banking,Cancelled
1840,2024-07-14,75,53,2,5,15172.5,15,11842.5,UPI,Cancelled
1841,2025-09-18,447,18,6,2,5457.0,15,4717.0,Cash,Delivered
1842,2023-07-23,28,14,12,5,19313.5,5,-5266.5,Debit Card,Delivered
1843,2025-04-10,63,53,6,5,16957.5,5,13627.5,UPI,Delivered
1844,2025-12-21,66,60,3,5,20611.5,30,-3803.5,Cash,Delivered
1845,2023-09-12,143,44,13,5,19908.0,30,5673.0,Credit Card,Returned
1846,2024-01-04,21,40,3,1,4132.5,5,-114.5,UPI,Cancelled
1847,2024-10-05,285,60,20,4,16489.2,30,-3042.8,UPI,Delivered
1848,2024-02-27,236,48,18,2,4480.0,20,-880.0,Credit Card,Delivered
1849,2023-03-13,129,28,11,5,31194.0,10,16554.0,UPI,Delivered
1850,2025-01-14,413,27,10,5,10642.5,10,-4262.5,Net Banking,Delivered
1851,2023-01-01,21,25,9,4,11376.0,25,8000.0,Credit Card,Delivered
1852,2024-08-23,262,2,16,1,490.4,20,-691.6,Net Banking,Delivered
1853,2025-10-01,210,33,11,2,5481.6,20,-642.4,Debit Card,Cancelled
1854,2025-11-11,409,10,6,3,15907.2,20,5551.2,Credit Card,Returned
1855,2023-04-02,450,54,8,1,883.5,25,-1667.5,Credit Card,Delivered
1856,2024-09-05,145,32,9,2,4062.2,5,-4691.8,Credit Card,Delivered
1857,2024-03-18,433,26,14,5,26636.0,20,12931.0,Net Banking,Delivered
1858,2025-05-14,106,66,3,3,13346.55,5,10676.55,UPI,Cancelled
1859,2025-02-20,444,47,12,3,11264.4,10,-858.6,Credit Card,Delivered
1860,2024-06-04,310,27,18,4,9460.0,0,-2464.0,Cash,Returned
1861,2024-02-22,45,60,12,2,9422.4,20,-343.6,UPI,Returned
1862,2024-01-30,390,38,8,3,15248.25,25,10892.25,Debit Card,Cancelled
1863,2023-12-02,448,48,17,5,11200.0,20,-2200.0,Cash,Delivered
1864,2025-06-07,266,3,9,3,14004.9,30,1182.9,Cash,Delivered
1865,2023-06-08,399,6,19,5,29991.5,5,7181.5,Debit Card,Delivered
1866,2025-04-13,257,55,16,5,27940.0,0,23245.0,UPI,Delivered
1867,2024-11-14,7,34,18,1,2236.5,10,827.5,Debit Card,Delivered
1868,2023-01-21,39,29,19,2,2115.0,10,-1039.0,UPI,Delivered
1869,2023-08-04,361,10,4,2,11267.6,15,4363.6,UPI,Delivered
1870,2024-09-19,145,60,1,5,22083.75,25,-2331.25,Net Banking,Delivered
1871,2024-12-15,26,63,9,1,844.8,20,-590.2,Net Banking,Delivered
1872,2023-07-22,99,57,14,5,23868.0,10,3918.0,UPI,Delivered
1873,2025-03-08,48,32,16,3,4489.8,30,-8641.2,Credit Card,Delivered
1874,2025-04-04,226,33,18,5,13704.0,20,-1606.0,Cash,Cancelled
1875,2023-01-20,103,18,13,2,5778.0,10,5038.0,Net Banking,Returned
1876,2023-09-16,387,39,4,2,3001.5,25,1367.5,Credit Card,Delivered
1877,2024-07-01,380,29,2,5,4406.25,25,-3478.75,UPI,Returned
1878,2024-05-25,302,9,1,3,2565.0,25,-6738.0,Net Banking,Delivered
1879,2025-06-17,203,23,9,4,15652.2,5,6880.2,Debit Card,Delivered
1880,2024-07-18,222,49,20,5,15448.5,10,12148.5,Cash,Cancelled
1881,2023-06-28,456,15,2,2,6953.4,10,-2840.6,Debit Card,Delivered
1882,2023-07-04,270,3,18,3,14004.9,30,1182.9,UPI,Delivered
1883,2023-12-05,236,56,18,2,7398.0,0,-1308.0,Net Banking,Delivered
1884,2024-08-08,99,33,11,1,2569.5,25,-492.5,Net Banking,Delivered
1885,2025-11-07,132,41,14,1,5757.9,15,939.9,Credit Card,Delivered
1886,2025-12-26,180,31,5,4,15667.2,20,11131.2,UPI,Delivered
1887,2024-01-25,273,33,3,1,2740.8,20,-321.2,UPI,Returned
1888,2025-12-30,6,65,15,4,19203.0,25,7151.0,Debit Card,Delivered
1889,2023-03-28,270,47,8,5,15645.0,25,-4560.0,Net Banking,Delivered
1890,2025-12-08,481,34,4,2,3727.5,25,909.5,Credit Card,Delivered
1891,2023-10-01,490,26,5,1,5993.1,10,3252.1,Net Banking,Delivered
1892,2025-10-11,482,59,9,1,3598.9,15,3062.9,Cash,Delivered
1893,2024-11-23,61,36,18,3,6498.0,0,-390.0,Credit Card,Cancelled
1894,2024-09-04,137,37,5,1,4935.6,10,3314.6,Cash,Delivered
1895,2023-01-05,416,18,20,3,9148.5,5,8038.5,Net Banking,Delivered
1896,2025-11-21,364,57,9,2,9547.2,10,1567.2,UPI,Delivered
1897,2025-09-26,7,13,10,5,10899.0,30,6714.0,UPI,Delivered
1898,2025-07-31,291,4,20,1,1591.2,20,-2135.8,Debit Card,Delivered
1899,2023-01-11,471,51,7,3,12996.0,0,4770.0,Debit Card,Returned
1900,2024-12-27,97,11,4,2,7009.1,15,5917.1,UPI,Delivered
1901,2024-02-09,209,55,9,4,18999.2,15,15243.2,UPI,Cancelled
1902,2025-04-21,355,41,1,5,32176.5,5,8086.5,UPI,Delivered
1903,2024-05-27,406,5,13,1,3480.8,5,2222.8,Credit Card,Delivered
1904,2024-09-04,214,23,15,4,14828.4,10,6056.4,Debit Card,Delivered
1905,2024-07-05,333,19,16,2,8980.8,20,5766.8,UPI,Delivered
1906,2023-10-14,300,3,9,4,25342.2,5,8246.2,Debit Card,Returned
1907,2025-01-05,349,5,10,4,14656.0,0,9624.0,Credit Card,Delivered
1908,2023-03-24,174,51,8,2,7797.6,10,2313.6,Credit Card,Delivered
1909,2024-11-09,439,53,5,4,10710.0,25,8046.0,UPI,Delivered
1910,2024-06-28,12,5,20,2,6228.8,15,3712.8,UPI,Delivered
1911,2025-10-11,471,19,13,4,17961.6,20,11533.6,Credit Card,Delivered
1912,2025-03-07,311,21,7,4,4067.2,20,-8588.8,Credit Card,Delivered
1913,2023-02-13,19,42,12,1,2958.9,30,-1988.1,Credit Card,Delivered
1914,2023-01-28,480,34,9,3,5964.0,20,1737.0,Credit Card,Delivered
1915,2023-01-17,127,44,14,3,14504.4,15,5963.4,Cash,Delivered
1916,2025-09-22,460,52,18,3,2316.6,10,-9389.4,UPI,Delivered
1917,2023-11-09,62,54,18,2,1884.8,20,-3217.2,Net Banking,Delivered
1918,2023-08-24,315,7,17,2,8366.4,10,4196.4,Debit Card,Returned
1919,2025-05-28,488,17,11,2,5802.0,25,3516.0,Credit Card,Delivered
1920,2025-10-25,306,27,5,1,1773.75,25,-1207.25,Net Banking,Delivered
1921,2023-11-01,22,62,1,2,6519.8,30,-1672.2,Credit Card,Delivered
1922,2023-03-20,429,58,3,2,11225.1,15,1745.1,Debit Card,Delivered
1923,2023-02-06,400,52,3,2,1458.6,15,-6345.4,Net Banking,Delivered
1924,2023-04-15,499,12,15,1,3021.2,30,2668.2,Cash,Delivered
1925,2024-04-18,488,16,17,5,13144.5,10,-4960.5,Credit Card,Delivered
1926,2023-05-06,258,42,7,4,14371.8,15,-5416.2,Net Banking,Delivered
1927,2023-08-14,176,1,3,1,2913.3,10,342.3,Debit Card,Delivered
1928,2025-05-06,117,17,13,3,10443.6,10,7014.6,Credit Card,Delivered
1929,2023-03-25,361,4,7,1,1889.55,5,-1837.45,UPI,Delivered
1930,2024-08-07,479,12,7,3,12300.6,5,11241.6,Cash,Delivered
1931,2025-06-01,396,28,5,5,34660.0,0,20020.0,Credit Card,Delivered
1932,2024-11-15,123,54,14,4,4240.8,10,-5963.2,Debit Card,Delivered
1933,2023-01-28,6,51,18,1,3249.0,25,507.0,Net Banking,Delivered
1934,2025-01-10,195,13,16,3,8407.8,10,5896.8,Net Banking,Cancelled
1935,2024-05-02,461,11,2,5,18553.5,10,15823.5,Debit Card,Delivered
1936,2023-06-28,278,1,10,5,13757.25,15,902.25,UPI,Delivered
1937,2023-03-26,67,54,12,5,5890.0,0,-6865.0,Net Banking,Returned
1938,2025-07-01,166,47,14,2,7926.8,5,-155.2,UPI,Delivered
1939,2024-12-03,106,50,5,5,4628.0,20,-17152.0,Debit Card,Returned
1940,2024-02-18,374,25,15,4,10617.6,30,7241.6,Net Banking,Returned
1941,2023-09-19,2,2,10,2,1226.0,0,-1138.0,Credit Card,Delivered
1942,2024-06-01,228,42,16,5,15851.25,25,-8883.75,Net Banking,Delivered
1943,2023-08-29,452,13,8,3,7940.7,15,5429.7,Cash,Delivered
1944,2025-12-08,330,44,2,4,19339.2,15,7951.2,Net Banking,Delivered
1945,2024-07-15,377,54,12,2,1884.8,20,-3217.2,Credit Card,Delivered
1946,2023-05-05,223,56,5,1,2959.2,20,-1393.8,Credit Card,Returned
1947,2025-12-26,46,22,3,4,4817.8,15,-10290.2,Net Banking,Delivered
1948,2025-11-09,75,28,6,2,11784.4,15,5928.4,Cash,Cancelled
1949,2024-07-10,418,29,2,4,3995.0,15,-2313.0,Credit Card,Delivered
1950,2024-03-22,379,40,16,1,4132.5,5,-114.5,Net Banking,Returned
1951,2025-11-16,178,35,14,1,1224.3,30,182.3,Cash,Cancelled
1952,2024-09-13,49,31,14,5,22032.0,10,16362.0,Credit Card,Delivered
1953,2023-09-01,108,50,3,3,2776.8,20,-10291.2,Credit Card,Delivered
1954,2024-05-02,15,40,20,1,3480.0,20,-767.0,Debit Card,Delivered
1955,2023-09-30,115,5,16,2,6595.2,10,4079.2,Debit Card,Delivered
1956,2024-03-06,55,64,5,2,1955.8,30,-5824.2,Net Banking,Delivered
1957,2024-12-12,254,59,11,1,3175.5,25,2639.5,Net Banking,Delivered
1958,2024-06-24,326,32,8,3,6414.0,0,-6717.0,Credit Card,Delivered
1959,2024-10-26,5,34,7,5,11182.5,10,4137.5,UPI,Returned
1960,2024-12-29,287,32,2,1,1496.6,30,-2880.4,Credit Card,Returned
1961,2024-06-08,381,1,11,3,9225.45,5,1512.45,UPI,Cancelled
1962,2025-02-21,310,47,12,5,20860.0,0,655.0,Debit Card,Returned
1963,2024-02-27,441,50,9,5,4628.0,20,-17152.0,Cash,Delivered
1964,2024-02-22,119,1,11,3,8739.9,10,1026.9,Net Banking,Returned
1965,2025-07-02,26,7,16,4,17662.4,5,9322.4,Credit Card,Returned
1966,2023-10-31,29,58,8,4,23770.8,10,4810.8,Cash,Delivered
1967,2025-07-29,230,20,1,4,23556.2,5,7680.2,Credit Card,Delivered
1968,2025-10-01,42,46,11,2,1774.4,20,-5829.6,Credit Card,Returned
1969,2024-09-27,378,50,18,3,3471.0,0,-9597.0,Credit Card,Delivered
1970,2024-01-20,397,47,12,4,12516.0,25,-3648.0,UPI,Delivered
1971,2024-05-17,74,35,9,1,1486.65,15,444.65,Cash,Returned
1972,2025-12-14,312,28,17,4,27728.0,0,16016.0,Credit Card,Returned
1973,2023-07-24,19,46,19,1,887.2,20,-2914.8,Cash,Delivered
1974,2023-01-28,383,48,18,1,2800.0,0,120.0,UPI,Delivered
1975,2023-06-21,174,20,9,2,8678.6,30,740.6,Debit Card,Delivered
1976,2023-01-20,212,18,13,5,16050.0,0,14200.0,UPI,Cancelled
1977,2023-06-24,123,65,12,3,13442.1,30,4403.1,Credit Card,Delivered
1978,2025-06-28,6,35,9,4,4897.2,30,729.2,Credit Card,Delivered
1979,2023-11-13,171,6,14,3,16100.7,15,2414.7,Credit Card,Delivered
1980,2024-07-01,276,1,5,5,12138.75,25,-716.25,Net Banking,Delivered
1981,2023-04-02,89,37,8,1,3838.8,30,2217.8,UPI,Cancelled
1982,2025-11-13,287,52,11,3,2574.0,0,-9132.0,Cash,Delivered
1983,2023-02-19,376,24,16,1,4599.9,5,1119.9,Credit Card,Delivered
1984,2024-12-24,43,28,7,4,26341.6,5,14629.6,Debit Card,Delivered
1985,2023-08-19,413,53,7,4,10710.0,25,8046.0,Cash,Delivered
1986,2023-07-28,238,9,12,1,1083.0,5,-2018.0,Debit Card,Delivered
1987,2024-11-14,63,37,7,1,4387.2,20,2766.2,UPI,Delivered
1988,2023-11-06,289,52,16,1,858.0,0,-3044.0,Credit Card,Delivered
1989,2024-01-07,353,5,17,5,16488.0,10,10198.0,Cash,Delivered
1990,2024-08-10,107,12,3,3,10358.4,20,9299.4,Debit Card,Delivered
1991,2025-01-25,479,38,10,3,17281.35,15,12925.35,Debit Card,Returned
1992,2023-01-05,108,1,8,1,2265.9,30,-305.1,Credit Card,Returned
1993,2023-10-30,32,43,6,2,10470.6,10,822.6,Cash,Delivered
1994,2023-05-18,40,63,11,4,2956.8,30,-2783.2,UPI,Cancelled
1995,2024-07-24,433,42,3,4,12681.0,25,-7107.0,Credit Card,Delivered
1996,2024-01-08,478,36,20,3,6173.1,5,-714.9,Cash,Delivered
1997,2025-05-18,359,16,4,3,7448.55,15,-3414.45,Cash,Returned
1998,2024-11-13,146,22,14,4,4534.4,20,-10573.6,Credit Card,Returned
1999,2025-05-07,9,57,19,2,9016.8,15,1036.8,Net Banking,Delivered
2000,2025-10-05,489,57,4,5,21216.0,20,1266.0,Net Banking,Cancelled
2001,2023-06-21,486,33,6,2,5824.2,15,-299.8,Net Banking,Returned
2002,2024-03-25,474,47,20,4,13350.4,20,-2813.6,UPI,Delivered
2003,2024-02-21,241,4,9,3,5967.0,0,-5214.0,UPI,Delivered
2004,2023-10-01,123,3,4,5,28343.25,15,6973.25,UPI,Delivered
2005,2023-10-13,305,62,17,3,12573.9,10,285.9,Debit Card,Delivered
2006,2025-05-12,492,3,17,2,9336.6,30,788.6,Credit Card,Delivered
2007,2023-10-10,301,29,13,2,2350.0,0,-804.0,UPI,Returned
2008,2023-02-23,395,64,13,2,2374.9,15,-5405.1,Cash,Delivered
2009,2023-08-06,353,13,14,1,2335.5,25,1498.5,Net Banking,Delivered
2010,2023-11-20,252,61,3,4,8912.4,30,1944.4,UPI,Delivered
2011,2023-06-11,87,58,3,3,18818.55,5,4598.55,Credit Card,Delivered
2012,2025-05-02,249,36,18,1,1732.8,20,-563.2,Credit Card,Delivered
2013,2023-10-14,266,5,14,4,10992.0,25,5960.0,Net Banking,Returned
2014,2025-04-22,65,36,16,3,5523.3,15,-1364.7,Debit Card,Delivered
2015,2023-08-16,363,50,20,1,1041.3,10,-3314.7,Credit Card,Delivered
2016,2023-12-22,437,37,4,1,4387.2,20,2766.2,Net Banking,Delivered
2017,2025-05-17,307,17,9,1,3287.8,15,2144.8,Cash,Cancelled
2018,2025-10-24,308,2,10,3,1471.2,20,-2074.8,Debit Card,Returned
2019,2023-11-18,73,9,16,2,1938.0,15,-4264.0,Debit Card,Delivered
2020,2023-09-14,464,37,2,5,23307.0,15,15202.0,Credit Card,Delivered
2021,2024-03-24,20,64,6,5,6985.0,0,-12465.0,Cash,Delivered
2022,2023-06-08,217,51,14,5,17328.0,20,3618.0,Cash,Delivered
2023,2025-04-09,281,36,16,3,4873.5,25,-2014.5,Cash,Delivered
2024,2025-01-30,489,61,2,1,2228.1,30,486.1,Cash,Delivered
2025,2023-08-02,378,44,13,3,17064.0,0,8523.0,UPI,Delivered
2026,2024-11-18,391,44,11,5,19908.0,30,5673.0,UPI,Delivered
2027,2023-08-07,32,15,2,3,11009.55,5,-3681.45,UPI,Delivered
2028,2024-09-25,115,4,2,5,9945.0,0,-8690.0,Credit Card,Cancelled
2029,2023-03-08,166,64,8,2,2095.5,25,-5684.5,Credit Card,Delivered
2030,2023-04-02,283,7,4,1,3718.4,20,1633.4,Net Banking,Delivered
2031,2024-10-06,49,1,9,1,3237.0,0,666.0,UPI,Delivered
2032,2024-08-01,37,3,19,1,6002.1,10,1728.1,Cash,Cancelled
2033,2025-03-11,205,44,5,2,10238.4,10,4544.4,Debit Card,Delivered
2034,2025-04-14,277,35,2,1,1574.1,10,532.1,Net Banking,Delivered
2035,2023-11-04,91,62,20,5,16299.5,30,-4180.5,UPI,Cancelled
2036,2023-03-18,248,62,11,4,15833.8,15,-550.2,Debit Card,Delivered
2037,2025-08-06,437,11,5,2,6184.5,25,5092.5,UPI,Returned
2038,2024-04-19,48,50,16,1,867.75,25,-3488.25,Credit Card,Returned
2039,2023-11-26,309,32,7,2,2993.2,30,-5760.8,Net Banking,Cancelled
2040,2025-12-07,275,21,1,5,4766.25,25,-11053.75,Debit Card,Delivered
2041,2024-08-18,214,53,2,2,6426.0,10,5094.0,Debit Card,Cancelled
2042,2025-03-04,188,65,2,4,25604.0,0,13552.0,Credit Card,Delivered
2043,2023-06-03,149,53,4,5,14280.0,20,10950.0,Credit Card,Cancelled
2044,2023-01-31,170,25,14,4,15168.0,0,11792.0,Credit Card,Delivered
2045,2023-06-28,318,53,9,5,12495.0,30,9165.0,Cash,Delivered
2046,2023-12-14,59,6,18,4,22730.4,10,4482.4,Debit Card,Delivered
2047,2025-01-14,155,40,8,1,3915.0,10,-332.0,Debit Card,Delivered
2048,2025-08-01,229,4,4,1,1889.55,5,-1837.45,Debit Card,Delivered
2049,2025-06-24,471,50,12,3,2429.7,30,-10638.3,Credit Card,Delivered
2050,2023-03-23,155,50,19,5,4917.25,15,-16862.75,Debit Card,Delivered
2051,2023-09-22,54,55,14,4,18999.2,15,15243.2,Cash,Delivered
2052,2024-10-04,158,10,8,5,23198.0,30,5938.0,Debit Card,Delivered
2053,2025-07-10,193,36,16,4,6931.2,20,-2252.8,Debit Card,Returned
2054,2023-04-27,212,39,1,1,1600.8,20,783.8,Credit Card,Returned
2055,2023-11-13,397,19,19,5,28065.0,0,20030.0,UPI,Delivered
2056,2025-03-28,18,31,17,4,18604.8,5,14068.8,UPI,Delivered
2057,2025-08-04,39,44,17,4,15926.4,30,4538.4,UPI,Delivered
2058,2025-12-31,64,9,16,4,3876.0,15,-8528.0,Cash,Delivered
2059,2023-08-10,216,42,1,1,4015.65,5,-931.35,Cash,Delivered
2060,2024-11-04,213,48,12,2,4760.0,15,-600.0,UPI,Delivered
2061,2025-09-22,407,3,11,3,16005.6,20,3183.6,Credit Card,Returned
2062,2024-07-24,372,24,18,4,19368.0,0,5448.0,Cash,Delivered
2063,2025-08-20,7,41,13,5,32176.5,5,8086.5,Credit Card,Returned
2064,2023-03-06,485,39,2,2,3601.8,10,1967.8,Net Banking,Delivered
2065,2025-01-10,389,10,5,1,4639.6,30,1187.6,Cash,Delivered
2066,2024-03-09,49,19,14,2,11226.0,0,8012.0,UPI,Returned
2067,2024-05-31,474,66,16,4,16858.8,10,13298.8,Credit Card,Delivered
2068,2024-07-14,54,3,16,2,13338.0,0,4790.0,Cash,Delivered
2069,2025-07-13,457,22,17,3,2975.7,30,-8355.3,Cash,Cancelled
2070,2024-06-15,70,56,2,2,5548.5,25,-3157.5,Credit Card,Delivered
2071,2024-12-01,360,1,8,1,2751.45,15,180.45,Debit Card,Delivered
2072,2025-05-08,349,6,13,2,11365.2,10,2241.2,Cash,Delivered
2073,2023-11-26,496,34,19,5,9318.75,25,2273.75,Cash,Delivered
2074,2023-01-21,383,20,1,5,26345.75,15,6500.75,Net Banking,Cancelled
2075,2023-10-24,101,18,17,2,6420.0,0,5680.0,Debit Card,Returned
2076,2023-11-05,238,53,16,3,10710.0,0,8712.0,Cash,Delivered
2077,2024-10-10,373,45,10,4,5000.8,30,-6155.2,UPI,Returned
2078,2025-12-02,193,50,4,4,4165.2,10,-13258.8,UPI,Delivered
2079,2025-07-09,167,24,2,2,7263.0,25,303.0,Net Banking,Delivered
2080,2024-01-20,271,4,13,1,1889.55,5,-1837.45,Cash,Returned
2081,2023-12-07,299,45,13,5,6251.0,30,-7694.0,Net Banking,Delivered
2082,2024-03-05,149,42,19,2,7608.6,10,-2285.4,Credit Card,Returned
2083,2025-01-28,251,28,9,5,34660.0,0,20020.0,Debit Card,Delivered
2084,2025-10-25,5,28,19,3,18716.4,10,9932.4,UPI,Returned
2085,2025-07-22,68,51,5,4,12996.0,25,2028.0,Cash,Delivered
2086,2025-05-22,314,3,7,3,18006.3,10,5184.3,Net Banking,Delivered
2087,2025-07-28,316,5,7,1,3480.8,5,2222.8,Cash,Delivered
2088,2023-11-30,390,12,9,2,6905.6,20,6199.6,Net Banking,Delivered
2089,2025-06-14,197,62,18,4,16765.2,10,381.2,Debit Card,Returned
2090,2023-07-23,260,63,5,5,3696.0,30,-3479.0,UPI,Delivered
2091,2023-02-03,69,20,13,1,4649.25,25,680.25,Net Banking,Delivered
2092,2023-07-24,118,51,17,1,3682.2,15,940.2,Cash,Cancelled
2093,2023-03-08,31,22,3,5,4959.5,30,-13925.5,Debit Card,Delivered
2094,2025-07-20,64,65,13,2,12161.9,5,6135.9,Net Banking,Delivered
2095,2025-08-19,165,48,13,1,2660.0,5,-20.0,UPI,Delivered
2096,2025-03-21,147,7,16,4,15803.2,15,7463.2,UPI,Delivered
2097,2024-08-03,412,32,14,2,3420.8,20,-5333.2,Debit Card,Returned
2098,2025-04-29,198,26,4,3,17979.3,10,9756.3,Credit Card,Delivered
2099,2023-02-01,90,42,18,4,16908.0,0,-2880.0,UPI,Delivered
2100,2025-11-28,426,45,9,3,3750.6,30,-4616.4,Net Banking,Delivered
2101,2025-05-30,295,2,16,3,1747.05,5,-1798.95,Credit Card,Cancelled
2102,2025-03-16,179,50,18,4,4396.6,5,-13027.4,UPI,Cancelled
2103,2025-03-10,310,46,1,4,4214.2,5,-10993.8,Credit Card,Delivered
2104,2023-11-21,52,42,18,3,10144.8,20,-4696.2,Cash,Delivered
2105,2023-09-16,446,23,20,1,3089.25,25,896.25,Net Banking,Delivered
2106,2025-03-13,451,15,11,5,13520.5,30,-10964.5,Debit Card,Cancelled
2107,2024-02-22,459,58,8,2,11885.4,10,2405.4,UPI,Delivered
2108,2023-01-24,57,52,20,1,729.3,15,-3172.7,Net Banking,Delivered
2109,2023-06-11,361,15,19,1,3090.4,20,-1806.6,Net Banking,Delivered
2110,2023-09-25,63,47,1,1,3129.0,25,-912.0,Cash,Returned
2111,2024-05-05,71,25,17,3,10807.2,5,8275.2,Credit Card,Delivered
2112,2024-05-17,456,44,10,2,9100.8,20,3406.8,Cash,Delivered
2113,2023-06-19,285,53,18,1,3213.0,10,2547.0,Credit Card,Returned
2114,2023-07-31,48,63,2,1,792.0,25,-643.0,UPI,Delivered
2115,2023-08-08,220,3,15,5,33345.0,0,11975.0,Credit Card,Delivered
2116,2023-07-10,328,48,18,3,7980.0,5,-60.0,UPI,Delivered
2117,2024-03-01,333,35,16,3,3672.9,30,546.9,Cash,Delivered
2118,2023-02-14,50,62,4,4,13039.6,30,-3344.4,Cash,Delivered
2119,2023-06-06,325,4,16,4,5967.0,25,-8941.0,Credit Card,Returned
2120,2024-10-04,59,20,14,4,21076.6,15,5200.6,Cash,Delivered
2121,2023-01-21,426,1,2,2,5826.6,10,684.6,Credit Card,Returned
2122,2023-03-06,195,29,13,5,4406.25,25,-3478.75,UPI,Delivered
2123,2023-01-11,342,38,13,3,17281.35,15,12925.35,Credit Card,Cancelled
2124,2024-01-30,209,9,17,3,3420.0,0,-5883.0,Net Banking,Delivered
2125,2025-11-26,499,61,1,5,15915.0,0,7205.0,Net Banking,Delivered
2126,2025-01-17,427,40,5,2,6090.0,30,-2404.0,UPI,Delivered
2127,2023-10-11,10,22,15,1,1275.3,10,-2501.7,Credit Card,Delivered
2128,2024-07-14,104,53,8,2,6426.0,10,5094.0,Cash,Delivered
2129,2024-08-25,372,12,15,1,3884.4,10,3531.4,Cash,Returned
2130,2025-11-15,316,46,9,4,3770.6,15,-11437.4,Cash,Delivered
2131,2024-02-10,235,16,5,3,8324.85,5,-2538.15,Debit Card,Delivered
2132,2024-09-30,316,43,12,1,4653.6,20,-170.4,Credit Card,Delivered
2133,2025-07-02,342,61,14,4,10822.2,15,3854.2,Cash,Cancelled
2134,2024-10-14,379,22,9,3,2975.7,30,-8355.3,Net Banking,Delivered
2135,2025-05-29,371,42,7,5,17964.75,15,-6770.25,Credit Card,Cancelled
2136,2023-05-12,155,9,14,3,3078.0,10,-6225.0,Cash,Delivered
2137,2024-06-02,423,58,16,1,5282.4,20,542.4,Net Banking,Delivered
2138,2025-12-22,15,2,17,3,1471.2,20,-2074.8,Debit Card,Delivered
2139,2024-01-04,482,47,16,1,4172.0,0,131.0,Debit Card,Delivered
2140,2024-05-17,407,25,18,2,6825.6,10,5137.6,UPI,Delivered
2141,2023-10-25,434,9,1,3,3078.0,10,-6225.0,Debit Card,Delivered
2142,2023-01-23,147,51,18,1,3898.8,10,1156.8,Debit Card,Delivered
2143,2024-10-20,311,63,12,4,3379.2,20,-2360.8,Credit Card,Cancelled
2144,2024-08-03,334,8,15,1,5118.7,15,341.7,Net Banking,Delivered
2145,2023-07-30,69,56,20,5,17570.25,5,-4194.75,Net Banking,Delivered
2146,2023-06-03,481,17,19,5,13538.0,30,7823.0,Net Banking,Returned
2147,2025-06-10,369,33,20,4,10278.0,25,-1970.0,Debit Card,Delivered
2148,2023-04-12,93,42,20,2,8031.3,5,-1862.7,Cash,Delivered
2149,2025-05-12,497,16,10,1,2628.9,10,-992.1,UPI,Delivered
2150,2024-10-31,85,12,16,4,16400.8,5,14988.8,Net Banking,Delivered
2151,2023-02-13,177,29,9,2,1880.0,20,-1274.0,Debit Card,Delivered
2152,2025-08-03,410,65,11,5,32005.0,0,16940.0,Debit Card,Delivered
2153,2025-12-28,81,48,12,4,11200.0,0,480.0,Net Banking,Delivered
2154,2023-02-03,499,5,15,3,8244.0,25,4470.0,UPI,Delivered
2155,2025-04-30,487,8,19,1,4215.4,30,-561.6,Debit Card,Delivered
2156,2024-12-09,43,8,18,3,12646.2,30,-1684.8,Cash,Delivered
2157,2024-10-03,16,35,6,5,6121.5,30,911.5,Cash,Cancelled
2158,2024-09-03,387,38,10,1,5760.45,15,4308.45,Cash,Delivered
2159,2025-02-04,267,6,17,1,4419.8,30,-142.2,Net Banking,Delivered
2160,2023-04-08,462,6,4,1,5998.3,5,1436.3,UPI,Delivered
2161,2025-06-11,302,32,14,1,1924.2,10,-2452.8,Credit Card,Delivered
2162,2025-01-25,151,43,15,1,5526.15,5,702.15,Net Banking,Delivered
2163,2023-03-30,60,9,12,1,1026.0,10,-2075.0,UPI,Delivered
2164,2024-06-24,200,4,5,3,5967.0,0,-5214.0,Debit Card,Returned
2165,2025-02-16,40,31,1,5,17136.0,30,11466.0,Debit Card,Returned
2166,2025-08-01,472,31,18,2,9302.4,5,7034.4,UPI,Delivered
2167,2023-10-31,77,37,3,3,11516.4,30,6653.4,Net Banking,Delivered
2168,2023-09-08,101,16,19,4,8763.0,25,-5721.0,Net Banking,Cancelled
2169,2025-09-05,71,44,16,2,9100.8,20,3406.8,Cash,Delivered
2170,2025-09-15,309,24,4,3,10168.2,30,-271.8,Credit Card,Delivered
2171,2024-08-29,427,57,6,3,11138.4,30,-831.6,UPI,Delivered
2172,2024-05-11,155,60,11,5,20611.5,30,-3803.5,Credit Card,Returned
2173,2025-10-09,264,57,10,1,5304.0,0,1314.0,UPI,Delivered
2174,2024-03-18,47,16,17,1,2190.75,25,-1430.25,Cash,Delivered
2175,2023-08-03,16,37,11,2,9322.8,15,6080.8,Debit Card,Delivered
2176,2025-12-16,243,9,2,5,3990.0,30,-11515.0,Net Banking,Delivered
2177,2025-07-18,58,29,18,3,2643.75,25,-2087.25,Credit Card,Cancelled
2178,2024-03-24,96,59,15,1,4022.3,5,3486.3,Debit Card,Delivered
2179,2025-11-17,74,66,15,4,13112.4,30,9552.4,Credit Card,Delivered
2180,2024-07-23,500,14,17,2,8132.0,0,-1700.0,Cash,Delivered
2181,2023-07-29,224,57,14,3,11138.4,30,-831.6,Credit Card,Delivered
2182,2023-08-14,56,32,11,1,1603.5,25,-2773.5,Credit Card,Delivered
2183,2024-06-30,28,36,18,4,8230.8,5,-953.2,UPI,Delivered
2184,2024-12-21,197,5,8,5,15572.0,15,9282.0,Debit Card,Delivered
2185,2024-12-26,17,56,11,5,18495.0,0,-3270.0,Cash,Delivered
2186,2025-10-25,93,39,9,2,3401.7,15,1767.7,Cash,Cancelled
2187,2025-06-22,395,35,7,3,5247.0,0,2121.0,Debit Card,Delivered
2188,2025-02-22,95,33,14,1,3426.0,0,364.0,Cash,Delivered
2189,2025-04-04,477,21,15,3,3622.35,5,-5869.65,Credit Card,Cancelled
2190,2025-10-07,492,46,1,3,2661.6,20,-8744.4,Net Banking,Delivered
2191,2023-04-13,287,5,17,1,2748.0,25,1490.0,Credit Card,Delivered
2192,2023-04-19,400,64,18,2,2794.0,0,-4986.0,UPI,Cancelled
2193,2023-05-15,313,51,15,3,12346.2,5,4120.2,Net Banking,Delivered
2194,2025-04-08,425,2,4,3,1747.05,5,-1798.95,Cash,Delivered
2195,2024-07-03,7,40,19,1,4132.5,5,-114.5,Cash,Delivered
2196,2024-02-21,61,23,7,2,5766.6,30,1380.6,Debit Card,Returned
2197,2024-08-12,74,16,8,3,6572.25,25,-4290.75,UPI,Delivered
2198,2025-09-03,267,58,5,2,10564.8,20,1084.8,Debit Card,Returned
2199,2024-10-07,67,28,16,2,13170.8,5,7314.8,UPI,Delivered
2200,2025-07-21,276,1,13,2,5826.6,10,684.6,Credit Card,Delivered
2201,2024-11-15,341,26,16,4,22640.6,15,11676.6,UPI,Delivered
2202,2023-12-16,83,51,1,3,12996.0,0,4770.0,UPI,Cancelled
2203,2023-01-03,38,10,7,3,16901.4,15,6545.4,Cash,Delivered
2204,2023-04-03,395,26,9,4,26636.0,0,15672.0,UPI,Cancelled
2205,2024-04-12,309,21,10,3,2669.1,30,-6822.9,Net Banking,Cancelled
2206,2023-10-28,459,20,4,2,8678.6,30,740.6,UPI,Delivered
2207,2024-11-18,156,20,1,3,13017.9,30,1110.9,Cash,Delivered
2208,2024-06-11,451,10,5,3,15907.2,20,5551.2,Cash,Delivered
2209,2023-01-28,408,38,15,3,17281.35,15,12925.35,Debit Card,Delivered
2210,2025-09-18,223,63,19,3,2534.4,20,-1770.6,UPI,Delivered
2211,2023-02-12,477,57,18,5,19890.0,25,-60.0,Credit Card,Delivered
2212,2023-10-18,169,27,16,2,3547.5,25,-2414.5,Debit Card,Delivered
2213,2025-06-01,436,29,7,1,1116.25,5,-460.75,Debit Card,Delivered
2214,2025-02-12,343,55,10,1,5308.6,5,4369.6,UPI,Delivered
2215,2025-12-15,398,41,3,5,28789.5,15,4699.5,Credit Card,Delivered
2216,2025-03-11,107,13,14,3,8407.8,10,5896.8,Net Banking,Delivered
2217,2024-01-26,266,26,16,3,17979.3,10,9756.3,UPI,Cancelled
2218,2024-12-04,483,9,8,5,4275.0,25,-11230.0,Net Banking,Delivered
2219,2025-07-20,356,25,4,4,10617.6,30,7241.6,Net Banking,Delivered
2220,2023-01-18,194,39,1,3,6003.0,0,3552.0,Cash,Returned
2221,2023-11-04,295,21,14,2,2160.7,15,-4167.3,Net Banking,Delivered
2222,2023-11-30,44,43,8,5,23268.0,20,-852.0,Debit Card,Delivered
2223,2024-08-26,149,30,12,3,17211.0,0,4068.0,UPI,Delivered
2224,2024-08-02,2,20,15,1,5889.05,5,1920.05,Net Banking,Delivered
2225,2024-09-18,242,63,2,1,897.6,15,-537.4,UPI,Delivered
2226,2023-01-02,399,12,12,3,9711.0,25,8652.0,UPI,Delivered
2227,2024-08-03,463,25,1,2,6825.6,10,5137.6,Net Banking,Returned
2228,2023-06-26,142,54,7,5,5595.5,5,-7159.5,Debit Card,Delivered
2229,2023-06-15,259,25,19,2,6446.4,15,4758.4,Debit Card,Delivered
2230,2024-12-27,218,17,17,1,3287.8,15,2144.8,Credit Card,Returned
2231,2025-03-28,121,61,13,4,10822.2,15,3854.2,UPI,Delivered
2232,2024-09-28,488,45,16,3,4286.4,20,-4080.6,Credit Card,Cancelled
2233,2024-10-22,341,3,3,4,20007.0,25,2911.0,Net Banking,Delivered
2234,2023-10-05,420,21,1,2,2287.8,10,-4040.2,Cash,Cancelled
2235,2024-09-16,346,66,13,2,8429.4,10,6649.4,UPI,Delivered
2236,2025-08-02,398,18,8,5,12037.5,25,10187.5,Net Banking,Delivered
2237,2025-06-13,487,36,20,4,6064.8,30,-3119.2,UPI,Delivered
2238,2024-10-03,414,24,5,5,20578.5,15,3178.5,Net Banking,Returned
2239,2024-12-26,349,47,2,3,10638.6,15,-1484.4,Cash,Delivered
2240,2025-08-02,254,38,9,4,23041.8,15,17233.8,UPI,Cancelled
2241,2025-05-12,432,24,9,1,3389.4,30,-90.6,UPI,Delivered
2242,2024-05-11,156,6,13,5,28413.0,10,5603.0,Net Banking,Cancelled
2243,2024-08-23,115,45,11,3,5090.1,5,-3276.9,UPI,Delivered
2244,2023-01-13,60,11,10,2,7009.1,15,5917.1,Cash,Cancelled
2245,2023-04-22,398,4,17,4,5569.2,30,-9338.8,UPI,Delivered
2246,2023-08-08,165,62,8,3,9779.7,30,-2508.3,Debit Card,Cancelled
2247,2024-08-18,4,15,6,1,2704.1,30,-2192.9,Net Banking,Delivered
2248,2023-05-05,462,49,14,3,7209.3,30,5229.3,UPI,Returned
2249,2025-11-12,315,15,17,5,14486.25,25,-9998.75,UPI,Returned
2250,2023-10-23,31,7,15,2,7436.8,20,3266.8,Net Banking,Returned
2251,2024-04-02,419,3,17,4,25342.2,5,8246.2,Credit Card,Delivered
2252,2023-01-14,309,27,15,3,5321.25,25,-3621.75,Cash,Cancelled
2253,2023-05-18,69,18,15,2,6420.0,0,5680.0,UPI,Delivered
2254,2025-11-30,366,32,8,5,10690.0,0,-11195.0,UPI,Delivered
2255,2025-08-28,43,49,10,2,6866.0,0,5546.0,UPI,Cancelled
2256,2023-04-24,72,6,5,4,21467.6,15,3219.6,UPI,Delivered
2257,2024-01-12,119,1,9,4,11005.8,15,721.8,Credit Card,Cancelled
2258,2025-06-18,45,4,10,3,4176.9,30,-7004.1,Net Banking,Delivered
2259,2023-02-14,269,52,13,4,3260.4,5,-12347.6,Credit Card,Delivered
2260,2025-11-13,223,6,1,2,11996.6,5,2872.6,Net Banking,Delivered
2261,2024-08-16,319,20,13,4,21076.6,15,5200.6,Debit Card,Returned
2262,2025-10-06,371,39,16,1,1600.8,20,783.8,Debit Card,Returned
2263,2025-03-01,422,58,2,3,16837.65,15,2617.65,UPI,Delivered
2264,2025-05-20,57,27,6,4,6622.0,30,-5302.0,Credit Card,Delivered
2265,2023-09-04,464,26,14,3,16980.45,15,8757.45,Net Banking,Delivered
2266,2024-09-12,402,40,15,1,3480.0,20,-767.0,UPI,Returned
2267,2023-03-29,176,37,6,5,23307.0,15,15202.0,Debit Card,Delivered
2268,2025-07-27,400,55,10,4,16764.0,25,13008.0,Debit Card,Delivered
2269,2025-10-22,295,23,15,2,7414.2,10,3028.2,Net Banking,Delivered
2270,2025-12-11,259,58,18,3,14856.75,25,636.75,Cash,Cancelled
2271,2023-11-07,491,65,10,1,6080.95,5,3067.95,Debit Card,Returned
2272,2025-07-30,404,42,19,5,19021.5,10,-5713.5,Credit Card,Delivered
2273,2023-05-20,432,62,5,3,11875.35,15,-412.65,Cash,Delivered
2274,2024-01-05,93,4,18,4,6364.8,20,-8543.2,Net Banking,Returned
2275,2025-12-12,91,48,6,5,9800.0,30,-3600.0,Debit Card,Delivered
2276,2024-12-13,102,62,19,3,11176.8,20,-1111.2,Net Banking,Cancelled
2277,2023-04-03,285,50,1,4,4628.0,0,-12796.0,UPI,Returned
2278,2023-07-17,254,53,18,2,6783.0,5,5451.0,UPI,Delivered
2279,2024-04-19,301,43,2,4,20941.2,10,1645.2,Credit Card,Delivered
2280,2025-02-25,218,28,3,2,10398.0,25,4542.0,Cash,Delivered
2281,2024-05-27,315,63,15,1,844.8,20,-590.2,UPI,Delivered
2282,2025-02-05,420,28,10,1,5892.2,15,2964.2,Net Banking,Returned
2283,2024-10-19,402,1,10,1,3075.15,5,504.15,UPI,Returned
2284,2023-09-30,396,14,11,4,13824.4,15,-5839.6,Net Banking,Cancelled
2285,2024-06-01,298,49,11,2,6522.7,5,5202.7,Cash,Delivered
2286,2024-02-17,148,1,13,3,9225.45,5,1512.45,Credit Card,Delivered
2287,2024-01-29,101,25,18,5,13272.0,30,9052.0,UPI,Cancelled
2288,2023-07-17,266,46,11,1,831.75,25,-2970.25,Credit Card,Delivered
2289,2025-01-06,165,34,12,2,4970.0,0,2152.0,Cash,Cancelled
2290,2023-05-28,174,52,14,5,3003.0,30,-16507.0,Debit Card,Delivered
2291,2024-01-25,326,31,4,5,20808.0,15,15138.0,Credit Card,Cancelled
2292,2024-12-22,392,6,6,4,20204.8,20,1956.8,Debit Card,Cancelled
2293,2023-10-10,146,42,20,5,14794.5,30,-9940.5,UPI,Delivered
2294,2025-02-09,472,18,9,4,9630.0,25,8150.0,UPI,Cancelled
2295,2025-11-25,496,41,11,1,6435.3,5,1617.3,Debit Card,Delivered
2296,2024-04-17,169,39,1,1,1700.85,15,883.85,UPI,Cancelled
2297,2023-02-16,142,35,13,5,7870.5,10,2660.5,Credit Card,Delivered
2298,2025-01-02,258,52,20,3,2187.9,15,-9518.1,UPI,Delivered
2299,2025-12-30,429,44,12,3,17064.0,0,8523.0,Net Banking,Delivered
2300,2025-10-21,423,11,5,5,16492.0,20,13762.0,Debit Card,Delivered
2301,2023-08-16,365,17,2,5,19340.0,0,13625.0,Net Banking,Delivered
2302,2023-03-03,323,62,18,3,10478.25,25,-1809.75,UPI,Delivered
2303,2024-02-15,43,48,11,4,10080.0,10,-640.0,Debit Card,Delivered
2304,2024-11-06,406,46,5,2,2107.1,5,-5496.9,UPI,Delivered
2305,2023-03-14,497,13,15,4,12456.0,0,9108.0,Debit Card,Delivered
2306,2023-06-15,260,16,14,4,9347.2,20,-5136.8,Net Banking,Delivered
2307,2023-03-27,159,63,11,2,1900.8,10,-969.2,UPI,Delivered
2308,2024-04-06,247,14,5,4,13011.2,20,-6652.8,Debit Card,Delivered
2309,2024-04-11,194,21,3,4,4575.6,10,-8080.4,UPI,Delivered
2310,2024-02-06,247,28,20,1,4852.4,30,1924.4,Net Banking,Cancelled
2311,2023-02-07,94,49,3,4,10299.0,25,7659.0,Net Banking,Delivered
2312,2025-02-11,306,5,13,1,3114.4,15,1856.4,Credit Card,Delivered
2313,2023-10-10,450,26,18,4,21308.8,20,10344.8,UPI,Delivered
2314,2025-01-23,20,11,13,1,3298.4,20,2752.4,Debit Card,Delivered
2315,2023-04-29,440,20,9,3,15807.45,15,3900.45,Credit Card,Delivered
2316,2023-01-21,280,59,14,1,3387.2,20,2851.2,Credit Card,Delivered
2317,2023-04-04,156,5,7,5,14656.0,20,8366.0,UPI,Returned
2318,2023-04-27,190,66,2,2,6556.2,30,4776.2,UPI,Delivered
2319,2024-01-05,432,19,1,2,9542.1,15,6328.1,Debit Card,Delivered
2320,2024-05-15,61,65,13,3,17282.7,10,8243.7,Debit Card,Delivered
2321,2025-09-07,485,8,16,5,25593.5,15,1708.5,UPI,Returned
2322,2024-05-27,325,8,6,1,6022.0,0,1245.0,Net Banking,Delivered
2323,2025-01-01,148,13,11,4,9342.0,25,5994.0,Credit Card,Delivered
2324,2024-08-22,199,65,8,3,17282.7,10,8243.7,Credit Card,Cancelled
2325,2025-10-28,6,52,11,3,2316.6,10,-9389.4,UPI,Delivered
2326,2025-09-22,59,3,10,3,17005.95,15,4183.95,Debit Card,Delivered
2327,2025-12-02,207,8,18,2,11441.8,5,1887.8,Credit Card,Delivered
2328,2023-09-09,365,13,16,5,14791.5,5,10606.5,Debit Card,Returned
2329,2024-04-26,51,51,18,2,8664.0,0,3180.0,Cash,Returned
2330,2023-02-13,361,6,4,4,25256.0,0,7008.0,Cash,Delivered
2331,2025-02-25,111,17,12,3,10443.6,10,7014.6,Debit Card,Delivered
2332,2025-02-25,226,32,16,1,1924.2,10,-2452.8,Cash,Delivered
2333,2025-06-28,116,40,9,4,14790.0,15,-2198.0,UPI,Delivered
2334,2024-01-13,97,21,17,2,2160.7,15,-4167.3,Cash,Cancelled
2335,2024-09-16,382,39,20,1,1500.75,25,683.75,UPI,Cancelled
2336,2024-11-19,191,17,5,3,11604.0,0,8175.0,Debit Card,Cancelled
2337,2023-02-26,360,19,12,2,7858.2,30,4644.2,Debit Card,Returned
2338,2025-05-25,498,6,5,5,26834.5,15,4024.5,UPI,Delivered
2339,2024-08-11,241,54,1,5,5006.5,15,-7748.5,Net Banking,Delivered
2340,2025-11-28,74,20,12,4,19836.8,20,3960.8,Debit Card,Delivered
2341,2024-05-02,272,64,8,4,4749.8,15,-10810.2,Credit Card,Delivered
2342,2024-07-15,233,64,16,3,2933.7,30,-8736.3,UPI,Delivered
2343,2024-11-22,93,57,3,5,23868.0,10,3918.0,Net Banking,Delivered
2344,2024-07-15,218,40,18,1,3480.0,20,-767.0,Debit Card,Delivered
2345,2023-01-26,330,58,9,3,13866.3,30,-353.7,UPI,Delivered
2346,2024-10-19,226,26,8,5,24971.25,25,11266.25,Debit Card,Delivered
2347,2023-02-05,251,10,15,4,22535.2,15,8727.2,Cash,Delivered
2348,2025-01-04,340,27,14,4,9460.0,0,-2464.0,Cash,Returned
2349,2025-04-16,347,8,7,5,28604.5,5,4719.5,UPI,Cancelled
2350,2024-10-05,263,22,7,1,1275.3,10,-2501.7,UPI,Delivered
2351,2024-07-19,352,53,1,2,6426.0,10,5094.0,Debit Card,Delivered
2352,2023-12-24,116,64,9,2,2654.3,5,-5125.7,Credit Card,Cancelled
2353,2023-08-23,127,33,7,1,3254.7,5,192.7,UPI,Delivered
2354,2025-06-20,267,2,3,5,2145.5,30,-3764.5,Net Banking,Delivered
2355,2024-04-11,320,66,18,1,3746.4,20,2856.4,UPI,Returned
2356,2023-02-03,479,52,10,3,2316.6,10,-9389.4,Debit Card,Cancelled
2357,2024-04-25,426,3,16,1,5335.2,20,1061.2,Debit Card,Delivered
2358,2025-06-27,206,25,18,1,3033.6,20,2189.6,UPI,Cancelled
2359,2024-02-22,55,55,7,1,5308.6,5,4369.6,Debit Card,Cancelled
2360,2025-05-01,147,29,15,3,2467.5,30,-2263.5,UPI,Returned
2361,2023-10-21,494,23,20,4,14828.4,10,6056.4,UPI,Delivered
2362,2025-01-07,324,9,18,5,3990.0,30,-11515.0,Debit Card,Delivered
2363,2024-08-25,280,34,7,3,6336.75,15,2109.75,Net Banking,Delivered
2364,2023-04-02,406,62,14,2,8382.6,10,190.6,Debit Card,Delivered
2365,2023-08-06,304,13,15,5,15570.0,0,11385.0,Net Banking,Delivered
2366,2025-11-06,100,28,14,3,16636.8,20,7852.8,Net Banking,Returned
2367,2025-02-14,500,52,3,3,2445.3,5,-9260.7,Net Banking,Delivered
2368,2023-06-10,123,63,2,2,1795.2,15,-1074.8,UPI,Delivered
2369,2025-05-06,234,54,3,5,4712.0,20,-8043.0,Net Banking,Returned
2370,2025-12-16,54,9,10,1,798.0,30,-2303.0,UPI,Cancelled
2371,2025-12-10,206,23,5,4,12357.0,25,3585.0,Net Banking,Delivered
2372,2024-02-04,219,36,15,3,5848.2,10,-1039.8,Net Banking,Delivered
2373,2024-05-12,478,45,5,2,3214.8,10,-2363.2,Debit Card,Delivered
2374,2023-08-25,362,33,6,4,12333.6,10,85.6,Credit Card,Delivered
2375,2023-06-13,195,10,10,4,23860.8,10,10052.8,Debit Card,Cancelled
2376,2025-01-11,5,47,7,5,20860.0,0,655.0,Cash,Cancelled
2377,2025-05-07,245,53,19,2,6069.0,15,4737.0,Credit Card,Cancelled
2378,2024-05-16,58,33,10,2,5481.6,20,-642.4,Cash,Returned
2379,2023-10-10,494,39,10,5,7503.75,25,3418.75,Net Banking,Delivered
2380,2024-10-04,92,12,3,3,11653.2,10,10594.2,UPI,Delivered
2381,2025-10-31,282,18,7,4,10914.0,15,9434.0,Credit Card,Cancelled
2382,2024-02-10,232,14,9,4,12198.0,25,-7466.0,Credit Card,Delivered
2383,2023-09-05,199,45,3,1,1696.7,5,-1092.3,Cash,Delivered
2384,2025-08-20,201,14,8,5,15247.5,25,-9332.5,UPI,Delivered
2385,2025-06-02,420,15,15,1,2704.1,30,-2192.9,UPI,Returned
2386,2023-09-29,91,10,18,2,13256.0,0,6352.0,Net Banking,Cancelled
2387,2024-12-26,198,65,11,4,21763.4,15,9711.4,Credit Card,Delivered
2388,2024-08-23,300,56,11,5,17570.25,5,-4194.75,UPI,Delivered
2389,2023-08-09,472,8,2,3,14452.8,20,121.8,UPI,Delivered
2390,2025-04-17,71,58,7,3,16837.65,15,2617.65,Cash,Returned
2391,2025-09-04,399,29,3,4,4230.0,10,-2078.0,Credit Card,Returned
2392,2025-11-09,210,40,4,2,6525.0,25,-1969.0,UPI,Delivered
2393,2025-01-27,310,18,1,1,2568.0,20,2198.0,Cash,Delivered
2394,2023-12-28,259,44,4,3,14504.4,15,5963.4,Net Banking,Returned
2395,2023-07-18,194,37,1,5,24678.0,10,16573.0,Credit Card,Delivered
2396,2023-04-09,297,55,9,4,20116.8,10,16360.8,Net Banking,Cancelled
2397,2025-11-06,363,43,14,5,23268.0,20,-852.0,Cash,Delivered
2398,2024-10-14,307,45,1,3,4554.3,15,-3812.7,Credit Card,Delivered
2399,2024-03-07,181,4,16,1,1392.3,30,-2334.7,Cash,Cancelled
2400,2024-10-05,472,24,4,3,11620.8,20,1180.8,UPI,Delivered
2401,2023-08-31,3,31,8,3,13953.6,5,10551.6,Debit Card,Delivered
2402,2024-04-03,297,4,5,4,6762.6,15,-8145.4,Credit Card,Delivered
2403,2023-08-06,354,33,20,3,8222.4,20,-963.6,Credit Card,Returned
2404,2023-07-16,138,5,17,3,10442.4,5,6668.4,Credit Card,Cancelled
2405,2023-12-12,210,56,2,5,12946.5,30,-8818.5,UPI,Cancelled
2406,2024-02-04,190,16,4,1,2336.8,20,-1284.2,UPI,Delivered
2407,2024-02-21,109,49,17,1,3089.7,10,2429.7,Debit Card,Cancelled
2408,2025-06-30,230,65,7,4,19203.0,25,7151.0,Net Banking,Delivered
2409,2023-08-13,277,61,12,4,11458.8,10,4490.8,UPI,Delivered
2410,2024-06-22,342,23,7,4,14004.6,15,5232.6,UPI,Delivered
2411,2023-08-27,182,65,12,3,14402.25,25,5363.25,Debit Card,Delivered
2412,2023-06-02,117,56,9,2,5548.5,25,-3157.5,Debit Card,Delivered
2413,2024-07-19,263,49,16,5,15448.5,10,12148.5,Cash,Returned
2414,2023-06-01,62,8,2,5,22582.5,25,-1302.5,Debit Card,Delivered
2415,2025-12-03,1,8,2,4,24088.0,0,4980.0,Debit Card,Delivered
2416,2023-03-14,372,7,13,5,17430.0,25,7005.0,UPI,Delivered
2417,2025-02-09,39,52,4,2,1372.8,20,-6431.2,Credit Card,Returned
2418,2025-08-20,21,50,10,2,2082.6,10,-6629.4,Credit Card,Delivered
2419,2025-10-14,88,53,5,2,5355.0,25,4023.0,Debit Card,Delivered
2420,2023-07-01,249,6,14,2,9471.0,25,347.0,Net Banking,Returned
2421,2025-06-08,419,18,11,2,6420.0,0,5680.0,UPI,Delivered
2422,2024-03-03,430,35,10,5,6996.0,20,1786.0,Credit Card,Delivered
2423,2024-06-22,336,14,15,4,12198.0,25,-7466.0,Net Banking,Delivered
2424,2024-12-15,214,11,15,5,19584.25,5,16854.25,Cash,Cancelled
2425,2024-04-19,8,19,3,2,10103.4,10,6889.4,Debit Card,Returned
2426,2025-03-14,299,42,7,4,14371.8,15,-5416.2,Net Banking,Delivered
2427,2024-08-28,128,21,16,5,5401.75,15,-10418.25,UPI,Delivered
2428,2024-08-11,392,59,8,1,2963.8,30,2427.8,Cash,Delivered
2429,2025-05-20,229,56,14,3,10542.15,5,-2516.85,UPI,Delivered
2430,2023-08-21,332,26,12,4,23972.4,10,13008.4,Debit Card,Returned
2431,2023-09-20,346,18,4,4,9630.0,25,8150.0,Cash,Delivered
2432,2024-04-25,143,24,2,5,20578.5,15,3178.5,UPI,Delivered
2433,2024-03-16,380,58,10,3,15847.2,20,1627.2,Cash,Delivered
2434,2024-10-23,176,63,11,5,3696.0,30,-3479.0,Debit Card,Returned
2435,2025-03-12,191,26,9,3,16980.45,15,8757.45,Cash,Delivered
2436,2023-04-22,409,17,14,4,13924.8,10,9352.8,Debit Card,Delivered
2437,2023-04-04,356,61,17,2,5729.4,10,2245.4,Debit Card,Delivered
2438,2023-12-08,256,18,18,4,12198.0,5,10718.0,Net Banking,Delivered
2439,2024-11-06,86,34,11,1,1988.0,20,579.0,Credit Card,Cancelled
2440,2023-02-13,210,20,5,5,30995.0,0,11150.0,Cash,Delivered
2441,2023-05-10,315,51,16,3,11696.4,10,3470.4,UPI,Cancelled
2442,2024-02-11,266,19,10,2,10103.4,10,6889.4,Credit Card,Cancelled
2443,2024-04-14,262,60,9,4,16489.2,30,-3042.8,Debit Card,Delivered
2444,2025-04-26,411,61,2,3,8594.1,10,3368.1,Credit Card,Cancelled
2445,2023-03-15,498,53,15,2,7140.0,0,5808.0,UPI,Cancelled
2446,2025-03-25,23,66,12,1,3746.4,20,2856.4,Cash,Delivered
2447,2024-09-09,139,54,12,2,2120.4,10,-2981.6,UPI,Delivered
2448,2024-07-11,273,35,16,2,3498.0,0,1414.0,UPI,Delivered
2449,2024-07-06,297,24,9,4,18399.6,5,4479.6,UPI,Delivered
2450,2025-04-30,78,57,6,1,4243.2,20,253.2,UPI,Delivered
2451,2023-11-07,72,19,6,5,22452.0,20,14417.0,UPI,Returned
2452,2025-03-12,22,59,18,5,14819.0,30,12139.0,Credit Card,Cancelled
2453,2024-10-24,408,54,5,3,2473.8,30,-5179.2,Cash,Cancelled
2454,2024-07-15,12,40,19,1,3915.0,10,-332.0,Cash,Delivered
2455,2025-08-23,221,63,16,1,950.4,10,-484.6,Cash,Delivered
2456,2024-03-31,104,42,14,4,16908.0,0,-2880.0,Cash,Cancelled
2457,2024-08-05,167,35,10,3,4459.95,15,1333.95,Net Banking,Cancelled
2458,2023-02-05,257,17,6,2,6575.6,15,4289.6,Cash,Returned
2459,2023-08-10,41,17,8,4,13924.8,10,9352.8,Cash,Delivered
2460,2025-03-24,249,46,19,5,5545.0,0,-13465.0,Credit Card,Delivered
2461,2023-08-12,322,43,3,3,14833.35,15,361.35,Debit Card,Delivered
2462,2023-06-21,59,59,19,2,5927.6,30,4855.6,UPI,Cancelled
2463,2025-09-30,466,46,6,2,2107.1,5,-5496.9,Net Banking,Delivered
2464,2025-04-05,115,42,20,1,4015.65,5,-931.35,Net Banking,Delivered
2465,2024-04-21,191,44,18,5,21330.0,25,7095.0,UPI,Delivered
2466,2024-09-29,238,7,12,3,11852.4,15,5597.4,Debit Card,Delivered
2467,2025-04-12,339,2,11,1,551.7,10,-630.3,UPI,Delivered
2468,2025-09-27,252,23,8,2,5766.6,30,1380.6,Net Banking,Delivered
2469,2024-04-27,12,10,1,3,14913.0,25,4557.0,Debit Card,Delivered
2470,2023-06-16,276,61,15,4,10185.6,20,3217.6,UPI,Delivered
2471,2023-09-18,62,55,8,1,4749.8,15,3810.8,UPI,Delivered
2472,2023-09-06,207,46,12,5,4158.75,25,-14851.25,Credit Card,Delivered
2473,2023-08-21,323,24,19,4,13557.6,30,-362.4,UPI,Delivered
2474,2025-12-10,426,44,6,4,21614.4,5,10226.4,Cash,Delivered
2475,2025-03-28,242,2,8,5,2605.25,15,-3304.75,UPI,Delivered
2476,2024-08-25,282,32,13,1,1817.3,15,-2559.7,Debit Card,Cancelled
2477,2025-01-31,40,35,12,3,4197.6,20,1071.6,Net Banking,Returned
2478,2024-08-17,258,58,9,2,12545.7,5,3065.7,Net Banking,Returned
2479,2025-01-30,16,41,11,2,9483.6,30,-152.4,Net Banking,Cancelled
2480,2025-08-05,208,5,4,3,9343.2,15,5569.2,Credit Card,Delivered
2481,2025-12-09,111,48,18,2,5320.0,5,-40.0,Cash,Delivered
2482,2024-01-03,106,16,13,3,7448.55,15,-3414.45,Credit Card,Delivered
2483,2024-09-30,12,60,2,1,5889.0,0,1006.0,Credit Card,Delivered
2484,2025-07-28,30,8,4,1,4817.6,20,40.6,Debit Card,Delivered
2485,2025-08-17,84,7,10,1,3718.4,20,1633.4,Net Banking,Delivered
2486,2024-04-07,217,30,19,1,5163.3,10,782.3,Debit Card,Returned
2487,2024-07-16,356,36,9,1,2057.7,5,-238.3,Debit Card,Delivered
2488,2024-09-18,138,49,16,5,12873.75,25,9573.75,Debit Card,Cancelled
2489,2024-02-19,352,44,1,4,20476.8,10,9088.8,UPI,Cancelled
2490,2024-03-19,300,37,11,2,10968.0,0,7726.0,Debit Card,Delivered
2491,2023-07-29,401,21,9,3,3050.4,20,-6441.6,Credit Card,Cancelled
2492,2025-02-23,111,24,2,5,18157.5,25,757.5,Debit Card,Cancelled
2493,2024-07-21,402,42,20,5,16908.0,20,-7827.0,Net Banking,Returned
2494,2023-12-11,189,3,20,4,25342.2,5,8246.2,UPI,Delivered
2495,2023-10-28,124,22,19,2,2834.0,0,-4720.0,Credit Card,Delivered
2496,2023-01-01,49,53,6,4,9996.0,30,7332.0,Debit Card,Delivered
2497,2025-11-13,196,2,1,1,582.35,5,-599.65,Cash,Delivered
2498,2024-09-11,366,49,5,4,12358.8,10,9718.8,Net Banking,Delivered
2499,2025-03-16,454,15,2,2,6180.8,20,-3613.2,Cash,Delivered
2500,2024-09-30,384,19,9,4,20206.8,10,13778.8,Net Banking,Delivered
2501,2024-03-14,87,61,3,5,15915.0,0,7205.0,Credit Card,Returned
2502,2023-10-20,274,39,13,3,4502.25,25,2051.25,Cash,Cancelled
2503,2024-05-28,91,55,2,4,18999.2,15,15243.2,UPI,Cancelled
2504,2024-12-14,447,31,6,4,14688.0,25,10152.0,Credit Card,Delivered
2505,2025-08-12,353,25,10,3,7963.2,30,5431.2,Debit Card,Returned
2506,2024-01-27,325,66,18,4,17795.4,5,14235.4,Cash,Delivered
2507,2023-01-22,168,57,1,2,7956.0,25,-24.0,Credit Card,Delivered
2508,2024-02-04,25,22,11,3,3400.8,20,-7930.2,UPI,Cancelled
2509,2023-07-12,401,19,15,3,15155.1,10,10334.1,Debit Card,Delivered
2510,2024-07-13,32,41,7,5,33870.0,0,9780.0,UPI,Returned
2511,2025-09-07,311,40,18,3,9787.5,25,-2953.5,Cash,Delivered
2512,2023-04-28,389,53,6,3,9639.0,10,7641.0,Net Banking,Delivered
2513,2025-07-19,474,30,15,4,18358.4,20,834.4,Cash,Delivered
2514,2023-08-01,52,4,1,4,5967.0,25,-8941.0,UPI,Delivered
2515,2023-11-10,75,42,17,1,3381.6,20,-1565.4,Credit Card,Delivered
2516,2023-09-02,307,40,7,1,3697.5,15,-549.5,UPI,Delivered
2517,2023-07-19,138,14,2,1,3659.4,10,-1256.6,Net Banking,Delivered
2518,2023-02-04,454,35,9,2,2623.5,25,539.5,Debit Card,Returned
2519,2023-12-13,56,28,4,3,15597.0,25,6813.0,Net Banking,Returned
2520,2023-01-30,100,48,3,3,6720.0,20,-1320.0,Cash,Delivered
2521,2024-01-31,423,35,4,1,1749.0,0,707.0,Net Banking,Delivered
2522,2023-12-20,306,28,2,3,20796.0,0,12012.0,Cash,Delivered
2523,2024-02-11,466,17,16,3,9283.2,20,5854.2,Net Banking,Delivered
2524,2023-01-07,151,59,6,2,6351.0,25,5279.0,Debit Card,Delivered
2525,2023-08-30,370,52,13,5,3861.0,10,-15649.0,Debit Card,Delivered
2526,2023-06-26,389,8,1,5,21077.0,30,-2808.0,Net Banking,Delivered
2527,2023-07-05,224,35,8,1,1749.0,0,707.0,Credit Card,Returned
2528,2024-10-12,303,14,5,1,3862.7,5,-1053.3,Net Banking,Returned
2529,2023-12-13,411,29,17,1,822.5,30,-754.5,UPI,Delivered
2530,2023-06-16,305,35,20,3,4459.95,15,1333.95,Credit Card,Delivered
2531,2023-09-29,473,6,9,2,9471.0,25,347.0,Debit Card,Delivered
2532,2024-08-10,76,23,15,4,12357.0,25,3585.0,Credit Card,Delivered
2533,2024-10-08,304,44,16,2,9100.8,20,3406.8,Cash,Delivered
2534,2024-02-13,136,57,17,2,9547.2,10,1567.2,Credit Card,Delivered
2535,2025-06-19,193,18,1,3,7222.5,25,6112.5,Debit Card,Delivered
2536,2025-01-14,17,39,14,4,7203.6,10,3935.6,Debit Card,Returned
2537,2023-12-16,462,38,12,5,28802.25,15,21542.25,UPI,Cancelled
2538,2024-03-07,240,47,19,4,15853.6,5,-310.4,Cash,Delivered
2539,2024-12-01,410,46,1,3,3160.65,5,-8245.35,Net Banking,Cancelled
2540,2025-11-17,356,24,18,3,14526.0,0,4086.0,Credit Card,Delivered
2541,2024-06-18,449,25,6,2,6446.4,15,4758.4,UPI,Delivered
2542,2024-01-17,422,29,9,5,4406.25,25,-3478.75,Cash,Delivered
2543,2024-10-23,158,22,16,4,4534.4,20,-10573.6,Debit Card,Cancelled
2544,2023-03-11,12,57,7,4,15912.0,25,-48.0,Debit Card,Returned
2545,2025-01-04,375,36,17,1,1624.5,25,-671.5,UPI,Delivered
2546,2024-11-16,246,41,15,4,23031.6,15,3759.6,Debit Card,Returned
2547,2025-01-03,380,11,8,1,3916.85,5,3370.85,Debit Card,Delivered
2548,2024-01-17,147,21,14,4,4067.2,20,-8588.8,UPI,Delivered
2549,2025-06-09,478,17,2,5,16439.0,15,10724.0,Cash,Delivered
2550,2025-02-03,452,40,11,2,7830.0,10,-664.0,Net Banking,Delivered
2551,2025-04-01,408,36,14,4,6498.0,25,-2686.0,Debit Card,Delivered
2552,2025-11-04,373,4,8,2,2784.6,30,-4669.4,UPI,Delivered
2553,2024-07-05,3,37,7,4,15355.2,30,8871.2,Net Banking,Delivered
2554,2023-12-02,213,47,7,5,20860.0,0,655.0,Net Banking,Delivered
2555,2025-12-09,321,30,15,3,13768.8,20,625.8,Credit Card,Cancelled
2556,2024-11-13,146,54,3,2,2238.2,5,-2863.8,UPI,Delivered
2557,2023-10-17,388,3,7,3,14004.9,30,1182.9,Debit Card,Delivered
2558,2025-08-01,304,32,7,4,8124.4,5,-9383.6,UPI,Returned
2559,2023-12-19,57,14,16,2,7725.4,5,-2106.6,Debit Card,Delivered
2560,2024-04-28,157,19,15,1,5332.35,5,3725.35,Credit Card,Delivered
2561,2024-05-16,445,47,4,1,3129.0,25,-912.0,Credit Card,Returned
2562,2025-02-05,59,63,13,5,3696.0,30,-3479.0,UPI,Delivered
2563,2023-07-24,164,56,13,2,6658.2,10,-2047.8,Cash,Cancelled
2564,2024-03-11,388,46,10,4,3327.0,25,-11881.0,Cash,Returned
2565,2025-08-07,330,29,11,4,3290.0,30,-3018.0,Credit Card,Delivered
2566,2024-10-13,189,28,20,4,26341.6,5,14629.6,Credit Card,Delivered
2567,2025-05-19,147,26,9,3,17979.3,10,9756.3,Net Banking,Delivered
2568,2024-12-11,60,31,4,5,24480.0,0,18810.0,Cash,Returned
2569,2024-03-30,268,43,5,5,29085.0,0,4965.0,Net Banking,Delivered
2570,2025-01-11,254,45,13,2,3214.8,10,-2363.2,Debit Card,Cancelled
2571,2025-03-26,225,10,14,1,5302.4,20,1850.4,UPI,Returned
2572,2025-10-20,266,37,18,2,10419.6,5,7177.6,Credit Card,Delivered
2573,2025-06-10,376,3,2,2,12004.2,10,3456.2,UPI,Delivered
2574,2024-01-04,450,62,13,4,13971.0,25,-2413.0,Cash,Delivered
2575,2025-03-03,67,40,19,3,11745.0,10,-996.0,Cash,Delivered
2576,2024-01-03,269,50,5,3,2950.35,15,-10117.65,Credit Card,Delivered
2577,2023-08-06,128,34,18,5,8697.5,30,1652.5,Cash,Delivered
2578,2023-07-27,414,45,1,3,4018.5,25,-4348.5,Cash,Delivered
2579,2023-09-21,267,5,17,2,6595.2,10,4079.2,Net Banking,Cancelled
2580,2025-07-20,49,42,4,4,12681.0,25,-7107.0,UPI,Delivered
2581,2023-04-22,39,44,16,4,19339.2,15,7951.2,Debit Card,Delivered
2582,2023-08-26,77,45,4,3,4018.5,25,-4348.5,Net Banking,Delivered
2583,2025-08-27,263,15,3,5,17383.5,10,-7101.5,Debit Card,Cancelled
2584,2024-01-02,451,59,18,3,12702.0,0,11094.0,Cash,Cancelled
2585,2023-06-13,323,28,7,4,19409.6,30,7697.6,Credit Card,Delivered
2586,2024-06-12,251,8,18,3,13549.5,25,-781.5,Credit Card,Cancelled
2587,2025-07-20,1,38,20,5,25413.75,25,18153.75,Cash,Delivered
2588,2023-03-23,20,64,4,4,5029.2,10,-10530.8,UPI,Delivered
2589,2023-04-13,473,11,3,4,14842.8,10,12658.8,Net Banking,Returned
2590,2025-05-21,16,46,10,3,2994.3,10,-8411.7,Debit Card,Returned
2591,2023-02-18,465,28,4,3,14557.2,30,5773.2,Net Banking,Delivered
2592,2024-12-31,145,52,5,2,1544.4,10,-6259.6,Cash,Delivered
2593,2024-09-01,12,26,4,4,23972.4,10,13008.4,UPI,Cancelled
2594,2023-03-16,461,59,13,1,3810.6,10,3274.6,Net Banking,Returned
2595,2023-12-25,160,60,16,4,22378.2,5,2846.2,UPI,Cancelled
2596,2023-10-24,455,37,7,1,5209.8,5,3588.8,Cash,Delivered
2597,2025-07-27,411,53,11,3,9639.0,10,7641.0,Net Banking,Delivered
2598,2025-07-27,142,43,2,5,23268.0,20,-852.0,UPI,Delivered
2599,2023-03-20,449,15,6,3,10430.1,10,-4260.9,Credit Card,Cancelled
2600,2025-11-15,143,18,5,1,2728.5,15,2358.5,UPI,Delivered
2601,2025-03-31,383,49,5,3,8754.15,15,6774.15,UPI,Delivered
2602,2023-06-12,323,8,11,3,13549.5,25,-781.5,Cash,Delivered
2603,2024-06-18,17,22,9,2,2267.2,20,-5286.8,Debit Card,Cancelled
2604,2024-05-14,316,61,13,5,12732.0,20,4022.0,UPI,Delivered
2605,2024-03-16,494,24,4,5,20578.5,15,3178.5,Cash,Delivered
2606,2025-10-24,441,18,3,2,5778.0,10,5038.0,UPI,Cancelled
2607,2024-08-06,60,25,16,4,14409.6,5,11033.6,Debit Card,Delivered
2608,2023-02-08,121,43,17,4,22104.6,5,2808.6,Cash,Returned
2609,2024-06-30,75,36,19,2,3898.8,10,-693.2,Cash,Cancelled
2610,2024-03-29,19,55,5,3,16764.0,0,13947.0,Credit Card,Delivered
2611,2023-05-11,144,4,18,3,5668.65,5,-5512.35,Net Banking,Delivered
2612,2025-08-01,37,49,11,5,12015.5,30,8715.5,Net Banking,Delivered
2613,2025-03-07,174,32,13,5,9621.0,10,-12264.0,Cash,Cancelled
2614,2024-11-28,335,35,10,1,1574.1,10,532.1,Debit Card,Delivered
2615,2025-08-04,318,5,6,4,13923.2,5,8891.2,Cash,Delivered
2616,2023-12-15,168,66,5,5,17561.25,25,13111.25,Cash,Delivered
2617,2023-06-10,17,32,5,4,8552.0,0,-8956.0,Cash,Cancelled
2618,2024-03-01,201,5,15,3,10992.0,0,7218.0,Net Banking,Delivered
2619,2024-10-07,408,39,3,3,5402.7,10,2951.7,Cash,Returned
2620,2023-11-16,236,13,9,4,12456.0,0,9108.0,Net Banking,Cancelled
2621,2024-12-21,301,64,10,2,2235.2,20,-5544.8,Net Banking,Delivered
2622,2023-02-17,304,57,13,4,14851.2,30,-1108.8,Debit Card,Cancelled
2623,2025-02-07,187,56,7,4,14056.2,5,-3355.8,Net Banking,Delivered
2624,2023-09-10,83,20,10,4,19836.8,20,3960.8,UPI,Delivered
2625,2023-08-15,169,11,15,2,7833.7,5,6741.7,Net Banking,Delivered
2626,2023-11-22,418,50,1,2,1619.8,30,-7092.2,Cash,Cancelled
2627,2024-03-21,474,65,8,4,23043.6,10,10991.6,Cash,Cancelled
2628,2025-01-13,68,20,2,3,16737.3,10,4830.3,UPI,Returned
2629,2025-12-26,272,49,1,3,8239.2,20,6259.2,Cash,Delivered
2630,2025-08-08,365,55,17,4,18999.2,15,15243.2,Debit Card,Delivered
2631,2023-12-30,176,20,13,2,8678.6,30,740.6,Cash,Delivered
2632,2024-11-15,320,24,7,1,3873.6,20,393.6,Cash,Returned
2633,2023-07-21,46,11,15,2,6184.5,25,5092.5,Cash,Cancelled
2634,2025-04-20,385,15,13,4,13134.2,15,-6453.8,Credit Card,Returned
2635,2024-04-04,391,37,4,1,4387.2,20,2766.2,Credit Card,Cancelled
2636,2023-06-14,153,62,15,5,18628.0,20,-1852.0,Net Banking,Cancelled
2637,2024-10-27,418,8,19,4,24088.0,0,4980.0,Net Banking,Delivered
2638,2025-08-24,198,9,9,2,1824.0,20,-4378.0,UPI,Delivered
2639,2025-03-08,108,54,17,1,883.5,25,-1667.5,Net Banking,Cancelled
2640,2023-11-27,67,6,11,2,8839.6,30,-284.4,Cash,Delivered
2641,2025-08-25,374,39,17,2,3801.9,5,2167.9,Credit Card,Delivered
2642,2023-05-13,272,38,5,2,12198.6,10,9294.6,UPI,Delivered
2643,2025-07-29,11,27,20,5,10051.25,15,-4853.75,Credit Card,Returned
2644,2024-05-10,247,9,15,5,4845.0,15,-10660.0,Credit Card,Delivered
2645,2023-08-16,156,62,16,5,17463.75,25,-3016.25,Net Banking,Delivered
2646,2025-08-04,143,37,1,2,10419.6,5,7177.6,UPI,Delivered
2647,2025-04-12,361,64,19,1,1047.75,25,-2842.25,Net Banking,Delivered
2648,2025-05-04,21,31,9,4,19584.0,0,15048.0,Debit Card,Returned
2649,2025-12-29,352,1,15,5,16185.0,0,3330.0,UPI,Delivered
2650,2023-05-03,188,2,13,4,1716.4,30,-3011.6,Debit Card,Delivered
2651,2025-03-29,256,36,17,1,1949.4,10,-346.6,Net Banking,Returned
2652,2023-09-12,318,56,14,4,12576.6,15,-4835.4,UPI,Delivered
2653,2023-08-17,14,41,14,3,14225.4,30,-228.6,Credit Card,Delivered
2654,2024-11-26,49,62,17,4,13971.0,25,-2413.0,Credit Card,Delivered
2655,2024-06-25,199,3,18,4,25342.2,5,8246.2,UPI,Delivered
2656,2025-10-03,130,31,18,1,4161.6,15,3027.6,Credit Card,Delivered
2657,2025-06-29,401,51,8,3,11696.4,10,3470.4,Debit Card,Delivered
2658,2024-07-17,432,11,15,3,9895.2,20,8257.2,Net Banking,Delivered
2659,2025-12-04,76,8,11,2,11441.8,5,1887.8,Debit Card,Delivered
2660,2025-01-12,26,10,10,2,11930.4,10,5026.4,Debit Card,Delivered
2661,2024-09-16,453,7,17,2,7436.8,20,3266.8,Cash,Returned
2662,2024-08-26,477,39,10,4,6003.0,25,2735.0,Credit Card,Returned
2663,2024-08-21,292,51,19,2,8230.8,5,2746.8,Cash,Delivered
2664,2024-03-09,492,57,20,2,10608.0,0,2628.0,Net Banking,Delivered
2665,2023-01-25,405,55,13,2,8940.8,20,7062.8,Debit Card,Delivered
2666,2025-11-24,298,16,4,5,10953.75,25,-7151.25,Cash,Delivered
2667,2024-12-05,244,65,7,5,30404.75,5,15339.75,Credit Card,Cancelled
2668,2025-12-07,157,16,8,5,13144.5,10,-4960.5,Debit Card,Delivered
2669,2023-12-13,361,44,8,4,17064.0,25,5676.0,Net Banking,Delivered
2670,2025-02-16,307,45,10,2,3036.2,15,-2541.8,UPI,Returned
2671,2024-04-05,266,58,3,1,5942.7,10,1202.7,Debit Card,Delivered
2672,2024-07-23,489,39,10,2,3801.9,5,2167.9,Net Banking,Returned
2673,2024-02-08,11,62,7,1,3492.75,25,-603.25,Debit Card,Delivered
2674,2023-01-25,493,39,5,4,6403.2,20,3135.2,Net Banking,Delivered
2675,2023-03-09,321,51,19,2,7797.6,10,2313.6,Cash,Returned
2676,2025-11-05,25,39,12,1,1800.9,10,983.9,UPI,Delivered
2677,2023-06-12,381,16,12,5,11684.0,20,-6421.0,UPI,Delivered
2678,2024-05-22,78,9,3,5,4560.0,20,-10945.0,Credit Card,Delivered
2679,2024-05-16,360,33,3,2,5139.0,25,-985.0,Credit Card,Returned
2680,2023-03-24,26,58,12,4,25091.4,5,6131.4,Net Banking,Delivered
2681,2023-07-07,352,13,1,5,14013.0,10,9828.0,Credit Card,Returned
2682,2025-12-06,289,13,10,1,2958.3,5,2121.3,Debit Card,Delivered
2683,2024-05-14,102,44,10,2,10807.2,5,5113.2,Net Banking,Cancelled
2684,2023-07-21,217,59,3,4,14395.6,15,12251.6,Net Banking,Delivered
2685,2023-05-30,117,61,5,3,6684.3,30,1458.3,Credit Card,Delivered
2686,2023-06-20,334,18,15,1,2728.5,15,2358.5,Cash,Delivered
2687,2024-03-16,83,38,17,1,5421.6,20,3969.6,Net Banking,Delivered
2688,2023-01-20,317,29,15,3,2820.0,20,-1911.0,Net Banking,Delivered
2689,2025-06-25,133,56,19,1,2774.25,25,-1578.75,Credit Card,Cancelled
2690,2025-07-23,290,40,9,5,15225.0,30,-6010.0,UPI,Delivered
2691,2024-07-08,199,19,7,4,17961.6,20,11533.6,Cash,Returned
2692,2025-11-04,225,9,8,2,2052.0,10,-4150.0,Cash,Cancelled
2693,2024-09-05,144,27,13,3,5321.25,25,-3621.75,Debit Card,Cancelled
2694,2024-07-17,72,45,7,2,3214.8,10,-2363.2,Net Banking,Cancelled
2695,2025-06-20,40,16,8,3,6572.25,25,-4290.75,UPI,Delivered
2696,2024-10-15,204,54,20,4,4712.0,0,-5492.0,Net Banking,Delivered
2697,2024-01-02,353,46,1,4,4214.2,5,-10993.8,UPI,Delivered
2698,2025-06-26,68,38,16,3,20331.0,0,15975.0,Debit Card,Returned
2699,2024-01-10,178,62,7,5,16299.5,30,-4180.5,Credit Card,Delivered
2700,2024-09-21,125,35,8,2,3323.1,5,1239.1,Net Banking,Delivered
2701,2025-12-22,408,65,10,3,13442.1,30,4403.1,Cash,Delivered
2702,2024-03-06,288,20,16,3,14877.6,20,2970.6,Net Banking,Returned
2703,2023-11-17,478,4,11,2,3580.2,10,-3873.8,Credit Card,Delivered
2704,2023-11-20,377,14,10,2,5692.4,30,-4139.6,Net Banking,Returned
2705,2025-11-23,16,43,9,2,10470.6,10,822.6,Cash,Returned
2706,2025-05-03,459,65,19,5,22403.5,30,7338.5,Debit Card,Delivered
2707,2024-09-13,321,60,17,3,15016.95,15,367.95,Debit Card,Delivered
2708,2024-12-25,223,63,12,3,2851.2,10,-1453.8,Debit Card,Delivered
2709,2025-03-16,374,52,2,3,2187.9,15,-9518.1,Cash,Delivered
2710,2025-04-17,342,61,18,4,12732.0,0,5764.0,Debit Card,Returned
2711,2024-07-15,37,22,3,2,2408.9,15,-5145.1,UPI,Returned
2712,2024-06-08,429,30,19,2,10900.3,5,2138.3,Debit Card,Delivered
2713,2025-05-25,16,27,1,1,2128.5,10,-852.5,Cash,Delivered
2714,2024-02-13,49,33,16,5,13704.0,20,-1606.0,Credit Card,Cancelled
2715,2024-07-15,250,17,6,5,16439.0,15,10724.0,UPI,Delivered
2716,2024-10-28,88,59,17,2,8044.6,5,6972.6,Cash,Returned
2717,2023-04-05,168,54,14,5,5006.5,15,-7748.5,Cash,Returned
2718,2024-07-27,395,32,10,4,8124.4,5,-9383.6,Net Banking,Cancelled
2719,2023-07-27,476,62,13,4,18628.0,0,2244.0,UPI,Returned
2720,2025-01-26,482,46,19,3,2994.3,10,-8411.7,Cash,Delivered
2721,2023-10-03,339,41,20,1,5757.9,15,939.9,UPI,Delivered
2722,2023-11-07,500,34,1,4,6958.0,30,1322.0,Credit Card,Cancelled
2723,2024-02-14,390,43,15,3,13960.8,20,-511.2,Net Banking,Delivered
2724,2024-11-02,5,35,9,4,6646.2,5,2478.2,Net Banking,Cancelled
2725,2025-12-23,148,66,19,3,11239.2,20,8569.2,Debit Card,Returned
2726,2023-05-20,138,13,8,1,2958.3,5,2121.3,Debit Card,Delivered
2727,2024-03-15,90,24,18,4,14526.0,25,606.0,Credit Card,Delivered
2728,2025-08-01,264,28,9,4,26341.6,5,14629.6,Debit Card,Delivered
2729,2024-06-14,244,1,4,2,4855.5,25,-286.5,Debit Card,Cancelled
2730,2023-09-02,109,55,13,1,5308.6,5,4369.6,Cash,Delivered
2731,2025-09-23,449,61,7,4,8912.4,30,1944.4,UPI,Cancelled
2732,2025-02-03,468,2,4,1,490.4,20,-691.6,UPI,Cancelled
2733,2025-10-29,138,14,18,4,16264.0,0,-3400.0,Debit Card,Cancelled
2734,2024-11-14,269,4,12,4,7160.4,10,-7747.6,UPI,Returned
2735,2023-07-08,257,4,5,1,1591.2,20,-2135.8,Net Banking,Delivered
2736,2025-11-17,93,47,12,5,19817.0,5,-388.0,UPI,Cancelled
2737,2024-01-26,359,22,11,4,4534.4,20,-10573.6,UPI,Returned
2738,2024-07-21,157,48,9,4,7840.0,30,-2880.0,Cash,Delivered
2739,2024-11-07,243,35,5,2,2623.5,25,539.5,UPI,Delivered
2740,2025-07-18,112,11,5,5,18553.5,10,15823.5,Net Banking,Returned
2741,2025-04-02,431,65,9,4,25604.0,0,13552.0,Net Banking,Delivered
2742,2025-03-09,172,43,12,1,4653.6,20,-170.4,UPI,Delivered
2743,2025-05-24,276,11,10,2,7421.4,10,6329.4,Credit Card,Delivered
2744,2024-10-30,350,31,19,2,7833.6,20,5565.6,Net Banking,Delivered
2745,2024-12-27,119,61,2,2,4456.2,30,972.2,Net Banking,Delivered
2746,2023-10-31,470,13,20,2,4359.6,30,2685.6,Credit Card,Delivered
2747,2023-02-23,417,6,3,2,12628.0,0,3504.0,Net Banking,Cancelled
2748,2023-09-18,315,16,17,1,2044.7,30,-1576.3,Net Banking,Delivered
2749,2024-10-07,348,4,7,1,1790.1,10,-1936.9,Credit Card,Returned
2750,2024-09-12,221,54,10,2,2238.2,5,-2863.8,Credit Card,Delivered
2751,2024-03-20,471,34,20,3,7082.25,5,2855.25,Debit Card,Delivered
2752,2023-09-10,292,58,15,2,11225.1,15,1745.1,Cash,Delivered
2753,2024-03-03,47,62,10,4,13039.6,30,-3344.4,Cash,Delivered
2754,2025-03-28,404,39,10,4,6803.4,15,3535.4,Credit Card,Delivered
2755,2023-09-13,227,49,14,4,10985.6,20,8345.6,UPI,Delivered
2756,2025-11-23,481,60,14,5,23556.0,20,-859.0,UPI,Delivered
2757,2025-09-28,130,48,18,2,5600.0,0,240.0,Net Banking,Delivered
2758,2024-01-27,381,23,3,3,10503.45,15,3924.45,Credit Card,Delivered
2759,2025-09-05,109,43,8,5,26176.5,10,2056.5,Debit Card,Cancelled
2760,2023-02-03,475,1,12,1,2751.45,15,180.45,UPI,Delivered
2761,2023-07-24,274,44,11,4,19339.2,15,7951.2,Debit Card,Delivered
2762,2023-05-14,389,25,14,3,7963.2,30,5431.2,Cash,Returned
2763,2023-06-22,445,63,11,3,3009.6,5,-1295.4,Cash,Delivered
2764,2024-10-24,457,11,18,1,3710.7,10,3164.7,UPI,Delivered
2765,2023-01-19,499,29,7,2,2232.5,5,-921.5,Credit Card,Cancelled
2766,2025-08-20,104,58,14,2,12545.7,5,3065.7,UPI,Delivered
2767,2024-03-05,436,15,12,5,13520.5,30,-10964.5,Debit Card,Delivered
2768,2023-11-19,141,56,8,5,15720.75,15,-6044.25,Cash,Delivered
2769,2023-11-07,127,40,9,2,6960.0,20,-1534.0,Credit Card,Delivered
2770,2023-11-29,113,38,7,1,4743.9,30,3291.9,UPI,Delivered
2771,2025-04-06,385,7,19,2,8366.4,10,4196.4,Debit Card,Delivered
2772,2023-02-28,322,36,19,5,9747.0,10,-1733.0,UPI,Delivered
2773,2023-03-12,48,48,2,1,2380.0,15,-300.0,Credit Card,Delivered
2774,2025-02-11,396,2,4,1,490.4,20,-691.6,Net Banking,Returned
2775,2023-11-20,133,29,5,5,5581.25,5,-2303.75,UPI,Delivered
2776,2023-07-08,473,58,8,3,18818.55,5,4598.55,Cash,Delivered
2777,2025-08-09,126,50,14,1,983.45,15,-3372.55,Cash,Cancelled
2778,2023-01-02,137,32,4,4,8124.4,5,-9383.6,Debit Card,Delivered
2779,2023-09-20,263,43,14,4,20941.2,10,1645.2,Debit Card,Returned
2780,2023-07-17,81,27,13,5,10642.5,10,-4262.5,Cash,Delivered
2781,2023-09-15,252,21,14,5,6037.25,5,-9782.75,Credit Card,Cancelled
2782,2023-10-20,83,38,19,2,9487.8,30,6583.8,Credit Card,Returned
2783,2023-07-14,262,44,17,1,4266.0,25,1419.0,Cash,Delivered
2784,2024-05-26,393,17,3,5,19340.0,0,13625.0,Credit Card,Delivered
2785,2024-09-08,434,22,1,2,2125.5,25,-5428.5,Debit Card,Returned
2786,2025-11-30,45,48,16,4,8400.0,25,-2320.0,Net Banking,Cancelled
2787,2023-09-27,316,33,15,3,7194.6,30,-1991.4,Debit Card,Delivered
2788,2023-10-25,91,12,19,3,9711.0,25,8652.0,Net Banking,Returned
2789,2025-02-27,128,48,17,1,2100.0,25,-580.0,UPI,Delivered
2790,2023-10-20,244,25,16,2,7584.0,0,5896.0,UPI,Delivered
2791,2024-10-22,188,41,1,2,11515.8,15,1879.8,UPI,Cancelled
2792,2024-12-05,70,47,14,4,14184.8,15,-1979.2,Credit Card,Returned
2793,2025-07-14,193,53,3,5,15172.5,15,11842.5,Credit Card,Delivered
2794,2025-06-19,60,12,4,5,19422.0,10,17657.0,UPI,Returned
2795,2025-11-19,1,52,15,3,1930.5,25,-9775.5,Debit Card,Delivered
2796,2024-11-29,487,24,13,2,8715.6,10,1755.6,Cash,Cancelled
2797,2023-07-17,153,48,12,4,8400.0,25,-2320.0,Debit Card,Cancelled
2798,2025-01-18,41,37,17,3,16452.0,0,11589.0,Cash,Returned
2799,2023-09-16,251,3,3,1,5335.2,20,1061.2,UPI,Delivered
2800,2023-08-16,281,40,18,4,12180.0,30,-4808.0,UPI,Cancelled
2801,2024-12-12,327,19,14,3,15997.05,5,11176.05,Debit Card,Delivered
2802,2023-06-19,148,18,20,4,10272.0,20,8792.0,Net Banking,Delivered
2803,2025-11-12,142,35,11,4,4897.2,30,729.2,Credit Card,Delivered
2804,2023-02-04,78,4,2,2,2784.6,30,-4669.4,Credit Card,Returned
2805,2023-11-07,159,60,16,3,14133.6,20,-515.4,Net Banking,Cancelled
2806,2025-12-27,460,3,20,5,33345.0,0,11975.0,Debit Card,Cancelled
2807,2025-12-23,152,48,13,2,4200.0,25,-1160.0,Credit Card,Delivered
2808,2023-12-06,10,56,20,2,7398.0,0,-1308.0,Net Banking,Delivered
2809,2025-05-18,63,48,15,2,4480.0,20,-880.0,Credit Card,Delivered
2810,2024-08-30,89,6,2,1,5366.9,15,804.9,Cash,Cancelled
2811,2025-08-16,254,48,20,4,9520.0,15,-1200.0,Debit Card,Delivered
2812,2023-06-03,345,61,7,3,9549.0,0,4323.0,Debit Card,Returned
2813,2024-09-30,169,32,6,5,8017.5,25,-13867.5,Credit Card,Returned
2814,2023-05-17,22,53,2,5,14280.0,20,10950.0,UPI,Delivered
2815,2025-09-11,322,63,11,2,2006.4,5,-863.6,Credit Card,Delivered
2816,2023-11-23,293,56,13,4,10357.2,30,-7054.8,Cash,Delivered
2817,2024-05-24,273,46,7,5,5267.75,5,-13742.25,Debit Card,Delivered
2818,2023-10-15,156,49,16,2,6179.4,10,4859.4,Cash,Delivered
2819,2023-11-07,185,53,14,5,13387.5,25,10057.5,Credit Card,Delivered
2820,2024-07-18,177,22,5,2,2125.5,25,-5428.5,Debit Card,Delivered
2821,2024-09-29,143,63,15,1,844.8,20,-590.2,Net Banking,Delivered
2822,2024-04-20,311,33,9,5,14560.5,15,-749.5,Cash,Delivered
2823,2025-07-19,25,36,15,1,1732.8,20,-563.2,Credit Card,Delivered
2824,2023-03-25,35,47,5,3,11264.4,10,-858.6,Cash,Delivered
2825,2025-08-13,157,21,18,1,953.25,25,-2210.75,Cash,Cancelled
2826,2025-09-24,227,24,15,2,7263.0,25,303.0,Debit Card,Delivered
2827,2023-07-01,92,10,17,5,33140.0,0,15880.0,Net Banking,Cancelled
2828,2025-10-09,169,29,1,3,3348.75,5,-1382.25,Cash,Delivered
2829,2023-08-04,270,26,14,1,4994.25,25,2253.25,Debit Card,Returned
2830,2025-11-06,113,26,6,3,17979.3,10,9756.3,Debit Card,Delivered
2831,2023-06-20,414,50,12,3,3123.9,10,-9944.1,UPI,Delivered
2832,2025-10-10,275,17,19,4,14698.4,5,10126.4,Credit Card,Cancelled
2833,2024-06-28,86,28,1,4,20796.0,25,9084.0,UPI,Returned
2834,2025-02-08,90,32,3,4,6841.6,20,-10666.4,Net Banking,Cancelled
2835,2023-08-09,218,8,15,4,24088.0,0,4980.0,Net Banking,Returned
2836,2023-07-14,197,24,16,1,3873.6,20,393.6,UPI,Delivered
2837,2025-05-13,381,40,6,3,10440.0,20,-2301.0,Cash,Returned
2838,2025-06-20,379,17,10,1,3481.2,10,2338.2,Cash,Cancelled
2839,2025-03-27,77,57,8,5,26520.0,0,6570.0,Cash,Returned
2840,2024-01-06,407,35,5,1,1661.55,5,619.55,UPI,Returned
2841,2024-08-21,186,19,13,3,16839.0,0,12018.0,Cash,Delivered
2842,2024-06-03,240,26,1,4,18645.2,30,7681.2,Debit Card,Returned
2843,2024-05-24,251,44,17,3,15357.6,10,6816.6,Debit Card,Delivered
2844,2025-07-27,403,27,8,1,2128.5,10,-852.5,Debit Card,Delivered
2845,2024-10-21,226,13,8,2,4982.4,20,3308.4,Cash,Delivered
2846,2025-10-20,423,35,11,2,2448.6,30,364.6,UPI,Delivered
2847,2024-04-11,461,4,3,3,4773.6,20,-6407.4,Debit Card,Delivered
2848,2023-07-05,87,18,1,1,2407.5,25,2037.5,Cash,Delivered
2849,2024-01-17,294,61,15,5,13527.75,15,4817.75,Cash,Delivered
2850,2025-09-21,247,52,1,3,1801.8,30,-9904.2,Debit Card,Delivered
2851,2023-11-23,466,45,4,4,6429.6,10,-4726.4,Credit Card,Delivered
2852,2024-01-24,346,37,8,1,5484.0,0,3863.0,Net Banking,Delivered
2853,2024-08-29,140,2,20,5,2298.75,25,-3611.25,Net Banking,Cancelled
2854,2023-06-05,67,2,14,2,1042.1,15,-1321.9,Credit Card,Delivered
2855,2025-04-08,404,13,19,1,2335.5,25,1498.5,Debit Card,Delivered
2856,2024-12-25,74,33,4,3,8222.4,20,-963.6,Cash,Delivered
2857,2024-08-24,489,7,3,4,18592.0,0,10252.0,Net Banking,Cancelled
2858,2024-04-05,307,21,15,1,1143.9,10,-2020.1,Cash,Delivered
2859,2023-11-14,215,57,4,2,8486.4,20,506.4,Debit Card,Delivered
2860,2024-03-24,23,52,11,4,3260.4,5,-12347.6,Credit Card,Delivered
2861,2024-03-18,184,48,2,4,8400.0,25,-2320.0,Credit Card,Delivered
2862,2023-02-12,178,41,13,3,19305.9,5,4851.9,Net Banking,Delivered
2863,2024-01-29,108,18,17,4,10914.0,15,9434.0,Cash,Delivered
2864,2025-03-29,114,33,5,5,13704.0,20,-1606.0,Net Banking,Delivered
2865,2025-01-15,305,47,19,3,9387.0,25,-2736.0,Debit Card,Delivered
2866,2024-04-25,354,49,19,3,9269.1,10,7289.1,Debit Card,Cancelled
2867,2023-10-03,427,25,11,3,11376.0,0,8844.0,Debit Card,Returned
2868,2023-09-21,214,25,6,2,5308.8,30,3620.8,UPI,Cancelled
2869,2024-10-04,370,6,6,4,20204.8,20,1956.8,UPI,Cancelled
2870,2024-12-14,305,24,6,2,7263.0,25,303.0,Net Banking,Delivered
2871,2023-04-19,309,36,9,4,7797.6,10,-1386.4,Cash,Cancelled
2872,2025-06-12,453,52,8,4,2917.2,15,-12690.8,UPI,Delivered
2873,2025-07-07,479,21,2,1,1016.8,20,-2147.2,Net Banking,Returned
2874,2025-09-03,437,52,19,1,772.2,10,-3129.8,Credit Card,Delivered
2875,2024-07-19,191,55,18,3,16764.0,0,13947.0,Net Banking,Delivered
2876,2025-10-02,117,27,4,1,1773.75,25,-1207.25,Cash,Returned
2877,2024-03-16,2,41,14,2,11515.8,15,1879.8,Cash,Delivered
2878,2024-09-15,186,2,4,5,2298.75,25,-3611.25,Debit Card,Delivered
2879,2025-11-06,329,22,6,5,4959.5,30,-13925.5,Cash,Delivered
2880,2024-10-06,315,53,19,5,13387.5,25,10057.5,UPI,Cancelled
2881,2025-01-03,375,5,19,1,2748.0,25,1490.0,Net Banking,Delivered
2882,2023-05-11,246,50,15,1,925.6,20,-3430.4,Net Banking,Delivered
2883,2024-02-03,99,25,2,2,5688.0,25,4000.0,Credit Card,Cancelled
2884,2024-01-07,434,45,20,2,2500.4,30,-3077.6,UPI,Returned
2885,2023-09-02,309,27,14,4,7095.0,25,-4829.0,Debit Card,Delivered
2886,2025-03-04,134,14,2,1,3456.1,15,-1459.9,Cash,Delivered
2887,2024-12-04,259,31,16,4,18604.8,5,14068.8,Credit Card,Delivered
2888,2023-12-30,20,41,5,3,18289.8,10,3835.8,Cash,Delivered
2889,2024-01-13,429,16,18,4,11684.0,0,-2800.0,Debit Card,Delivered
2890,2024-12-20,328,50,10,2,2198.3,5,-6513.7,UPI,Delivered
2891,2023-07-12,310,36,18,4,6064.8,30,-3119.2,Net Banking,Delivered
2892,2023-05-05,120,50,16,1,925.6,20,-3430.4,Net Banking,Delivered
2893,2023-12-12,226,1,14,3,9711.0,0,1998.0,UPI,Cancelled
2894,2024-10-31,247,22,19,1,1417.0,0,-2360.0,Cash,Delivered
2895,2025-02-06,495,8,10,1,4215.4,30,-561.6,UPI,Delivered
2896,2025-10-17,299,2,8,2,919.5,25,-1444.5,Credit Card,Cancelled
2897,2023-07-18,292,2,2,2,1103.4,10,-1260.6,Credit Card,Cancelled
2898,2023-12-29,75,56,10,3,8877.6,20,-4181.4,Cash,Returned
2899,2023-11-01,393,36,14,2,3465.6,20,-1126.4,Cash,Delivered
2900,2023-09-04,27,37,20,5,27420.0,0,19315.0,Debit Card,Delivered
2901,2024-01-05,299,50,11,1,1041.3,10,-3314.7,Net Banking,Cancelled
2902,2025-10-16,461,16,13,2,5842.0,0,-1400.0,Credit Card,Cancelled
2903,2024-11-21,139,47,18,2,6675.2,20,-1406.8,Cash,Returned
2904,2025-03-07,406,41,1,5,23709.0,30,-381.0,Cash,Delivered
2905,2024-11-23,117,1,3,5,16185.0,0,3330.0,Credit Card,Delivered
2906,2025-10-02,172,26,18,2,12652.1,5,7170.1,Credit Card,Delivered
2907,2023-05-01,370,24,3,1,4357.8,10,877.8,Cash,Returned
2908,2025-11-30,441,28,19,5,34660.0,0,20020.0,UPI,Returned
2909,2025-12-25,95,20,12,3,14877.6,20,2970.6,Net Banking,Delivered
2910,2024-02-16,91,17,13,5,14505.0,25,8790.0,Debit Card,Delivered
2911,2024-02-10,214,64,2,2,2374.9,15,-5405.1,Debit Card,Returned
2912,2025-06-10,271,47,19,4,14184.8,15,-1979.2,Cash,Delivered
2913,2025-10-03,321,56,8,4,14796.0,0,-2616.0,UPI,Delivered
2914,2025-03-07,426,28,17,5,29461.0,15,14821.0,Debit Card,Delivered
2915,2023-04-23,498,60,19,3,12366.9,30,-2282.1,Net Banking,Delivered
2916,2024-09-20,262,55,10,2,11176.0,0,9298.0,Net Banking,Returned
2917,2023-12-22,9,64,2,5,5588.0,20,-13862.0,Debit Card,Returned
2918,2023-02-27,206,5,4,1,2931.2,20,1673.2,UPI,Delivered
2919,2024-12-21,199,22,18,4,5384.6,5,-9723.4,Net Banking,Delivered
2920,2025-11-07,202,40,18,4,13050.0,25,-3938.0,Net Banking,Delivered
2921,2023-04-02,120,58,6,5,29713.5,10,6013.5,Credit Card,Delivered
2922,2024-03-29,361,40,16,4,16530.0,5,-458.0,Debit Card,Delivered
2923,2024-02-28,459,59,20,2,7197.8,15,6125.8,Net Banking,Returned
2924,2023-04-03,216,24,18,5,24210.0,0,6810.0,Cash,Delivered
2925,2023-01-10,136,33,10,1,3083.4,10,21.4,Credit Card,Returned
2926,2025-03-09,376,40,14,3,12397.5,5,-343.5,Credit Card,Delivered
2927,2023-11-16,343,11,6,4,16492.0,0,14308.0,Credit Card,Cancelled
2928,2024-06-12,490,54,17,2,1884.8,20,-3217.2,Cash,Returned
2929,2024-09-26,435,49,1,5,12873.75,25,9573.75,Credit Card,Returned
2930,2023-01-21,214,5,15,3,9343.2,15,5569.2,Cash,Delivered
2931,2024-01-24,146,55,20,4,20116.8,10,16360.8,Cash,Delivered
2932,2025-03-20,447,42,2,5,21135.0,0,-3600.0,UPI,Returned
2933,2024-04-01,344,36,14,4,8230.8,5,-953.2,UPI,Returned
2934,2023-11-22,347,51,10,1,4332.0,0,1590.0,Cash,Delivered
2935,2024-11-01,74,45,7,2,2857.6,20,-2720.4,Credit Card,Returned
2936,2025-03-26,328,42,3,3,9510.75,25,-5330.25,Debit Card,Cancelled
2937,2024-06-19,265,43,15,3,15705.9,10,1233.9,UPI,Delivered
2938,2024-02-18,243,40,2,4,12180.0,30,-4808.0,UPI,Cancelled
2939,2023-09-18,226,10,19,4,25186.4,5,11378.4,Net Banking,Delivered
2940,2023-08-12,87,38,18,4,23041.8,15,17233.8,UPI,Delivered
2941,2025-03-05,315,22,16,1,991.9,30,-2785.1,Credit Card,Delivered
2942,2025-06-11,210,53,19,1,3391.5,5,2725.5,Net Banking,Delivered
2943,2023-10-20,476,15,12,4,11589.0,25,-7999.0,Cash,Cancelled
2944,2025-10-28,420,65,20,1,4800.75,25,1787.75,Credit Card,Delivered
2945,2023-01-30,411,52,3,3,2574.0,0,-9132.0,Credit Card,Delivered
2946,2024-12-18,282,10,13,3,18889.8,5,8533.8,Cash,Delivered
2947,2025-02-17,342,54,18,1,1001.3,15,-1549.7,Credit Card,Delivered
2948,2024-04-06,349,29,16,5,5875.0,0,-2010.0,Credit Card,Returned
2949,2025-06-17,81,30,16,2,10326.6,10,1564.6,UPI,Delivered
2950,2024-05-18,411,63,15,1,739.2,30,-695.8,Net Banking,Cancelled
2951,2023-11-26,456,43,10,3,13960.8,20,-511.2,Credit Card,Cancelled
2952,2023-08-17,201,5,4,3,10992.0,0,7218.0,UPI,Delivered
2953,2023-02-05,146,40,19,5,17400.0,20,-3835.0,Net Banking,Returned
2954,2024-10-20,212,18,11,2,4815.0,25,4075.0,Debit Card,Delivered
2955,2024-04-23,249,42,4,2,8454.0,0,-1440.0,UPI,Delivered
2956,2023-04-30,188,8,15,1,4817.6,20,40.6,Cash,Cancelled
2957,2024-04-04,351,27,14,1,1655.5,30,-1325.5,UPI,Cancelled
2958,2023-02-10,383,51,4,5,21660.0,0,7950.0,Cash,Cancelled
2959,2025-03-03,438,11,2,4,14842.8,10,12658.8,Cash,Returned
2960,2025-10-01,97,61,7,2,4774.5,25,1290.5,Net Banking,Delivered
2961,2025-07-20,437,37,14,3,12339.0,25,7476.0,Cash,Delivered
2962,2025-01-07,438,36,9,4,6931.2,20,-2252.8,Credit Card,Delivered
2963,2023-12-24,58,31,2,3,11016.0,25,7614.0,Cash,Delivered
2964,2023-02-12,128,48,4,2,5040.0,10,-320.0,Cash,Delivered
2965,2025-07-30,401,16,6,2,5842.0,0,-1400.0,Cash,Returned
2966,2024-04-09,39,48,16,5,9800.0,30,-3600.0,Cash,Delivered
2967,2025-04-11,474,13,1,3,8874.9,5,6363.9,Cash,Delivered
2968,2025-07-15,252,7,5,4,13944.0,25,5604.0,Cash,Delivered
2969,2024-11-22,133,17,14,4,13924.8,10,9352.8,Debit Card,Returned
2970,2025-12-21,436,15,5,4,14679.4,5,-4908.6,Credit Card,Delivered
2971,2024-01-27,104,62,2,2,6985.5,25,-1206.5,Net Banking,Delivered
2972,2025-08-06,407,8,12,5,27099.0,10,3214.0,Net Banking,Delivered
2973,2024-09-20,293,37,3,3,12339.0,25,7476.0,Credit Card,Delivered
2974,2023-08-11,360,22,11,2,2408.9,15,-5145.1,Net Banking,Returned
2975,2025-04-24,90,10,5,4,23860.8,10,10052.8,UPI,Delivered
2976,2023-11-17,7,20,13,2,11158.2,10,3220.2,Cash,Cancelled
2977,2025-06-26,364,51,8,4,16461.6,5,5493.6,UPI,Returned
2978,2023-12-19,94,44,5,2,9669.6,15,3975.6,Debit Card,Returned
2979,2023-11-16,401,62,7,5,16299.5,30,-4180.5,Cash,Cancelled
2980,2025-04-22,324,57,15,2,10077.6,5,2097.6,Debit Card,Delivered
2981,2023-09-25,7,4,9,2,2784.6,30,-4669.4,Cash,Delivered
2982,2025-12-22,183,24,1,5,16947.0,30,-453.0,UPI,Returned
2983,2023-05-14,207,39,7,1,1400.7,30,583.7,UPI,Delivered
2984,2023-04-19,96,6,20,1,4419.8,30,-142.2,Debit Card,Delivered
2985,2024-02-20,303,47,5,3,11264.4,10,-858.6,Credit Card,Delivered
2986,2023-05-16,72,12,6,3,9063.6,30,8004.6,Debit Card,Cancelled
2987,2025-07-03,101,7,16,3,11155.2,20,4900.2,Cash,Delivered
2988,2024-09-13,326,46,2,2,1996.2,10,-5607.8,UPI,Cancelled
2989,2023-12-01,387,38,4,2,12876.3,5,9972.3,Cash,Delivered
2990,2025-04-19,105,54,8,5,4712.0,20,-8043.0,Credit Card,Cancelled
2991,2025-08-19,385,48,19,5,10500.0,25,-2900.0,Debit Card,Returned
2992,2023-10-28,46,46,12,2,2218.0,0,-5386.0,Cash,Delivered
2993,2025-02-19,352,3,6,1,6335.55,5,2061.55,Cash,Delivered
2994,2023-02-10,122,47,1,4,15853.6,5,-310.4,Net Banking,Returned
2995,2024-01-08,352,58,10,3,16837.65,15,2617.65,Cash,Delivered
2996,2024-12-05,359,19,1,4,16839.0,25,10411.0,Debit Card,Delivered
2997,2023-12-29,69,2,9,3,1839.0,0,-1707.0,Credit Card,Cancelled
2998,2025-03-17,418,49,11,3,7724.25,25,5744.25,Credit Card,Delivered
2999,2024-10-18,81,20,6,2,9298.5,25,1360.5,Debit Card,Returned
3000,2025-10-10,361,62,1,1,4191.3,10,95.3,UPI,Cancelled
3001,2023-12-13,217,55,14,5,23749.0,15,19054.0,Debit Card,Delivered
3002,2024-07-27,220,15,15,2,6180.8,20,-3613.2,Net Banking,Delivered
3003,2023-12-08,408,25,20,4,13651.2,10,10275.2,UPI,Returned
3004,2024-09-19,227,24,8,2,7263.0,25,303.0,Debit Card,Delivered
3005,2023-03-24,70,55,6,4,20116.8,10,16360.8,Debit Card,Returned
3006,2023-06-14,388,33,14,4,10278.0,25,-1970.0,Debit Card,Cancelled
3007,2023-01-22,209,53,4,1,3391.5,5,2725.5,Net Banking,Delivered
3008,2024-02-13,139,28,5,3,17676.6,15,8892.6,Cash,Delivered
3009,2024-07-07,72,5,9,4,14656.0,0,9624.0,Cash,Delivered
3010,2025-11-15,274,42,3,3,8876.7,30,-5964.3,Cash,Delivered
3011,2024-12-10,424,45,6,3,5090.1,5,-3276.9,Debit Card,Cancelled
3012,2024-07-30,271,10,3,2,11267.6,15,4363.6,Debit Card,Delivered
3013,2023-06-23,287,42,5,4,12681.0,25,-7107.0,Debit Card,Cancelled
3014,2023-09-21,378,20,3,1,6199.0,0,2230.0,UPI,Delivered
3015,2025-02-03,329,60,17,1,5594.55,5,711.55,UPI,Delivered
3016,2024-04-30,110,53,10,5,12495.0,30,9165.0,UPI,Delivered
3017,2023-01-28,421,42,10,1,3170.25,25,-1776.75,Debit Card,Cancelled
3018,2025-08-01,136,23,9,1,3913.05,5,1720.05,Debit Card,Returned
3019,2023-09-07,378,38,16,1,5421.6,20,3969.6,UPI,Returned
3020,2023-06-16,461,13,18,2,5916.6,5,4242.6,Credit Card,Delivered
3021,2025-06-05,255,63,8,1,1056.0,0,-379.0,Credit Card,Delivered
3022,2023-06-12,19,45,13,1,1339.5,25,-1449.5,Cash,Delivered
3023,2025-09-01,316,12,18,5,20501.0,5,18736.0,Credit Card,Returned
3024,2024-01-17,165,65,3,4,20483.2,20,8431.2,Cash,Delivered
3025,2023-05-06,183,9,12,5,3990.0,30,-11515.0,Cash,Delivered
3026,2023-06-12,204,19,12,5,28065.0,0,20030.0,Credit Card,Delivered
3027,2024-01-23,78,33,7,3,9764.1,5,578.1,UPI,Returned
3028,2024-01-19,354,28,12,1,6585.4,5,3657.4,Debit Card,Delivered
3029,2024-08-30,20,30,6,2,9752.9,15,990.9,Net Banking,Delivered
3030,2024-08-07,20,53,11,5,13387.5,25,10057.5,Credit Card,Delivered
3031,2024-12-07,378,1,17,3,6797.7,30,-915.3,Credit Card,Cancelled
3032,2024-05-30,31,36,10,1,1624.5,25,-671.5,Debit Card,Delivered
3033,2023-05-09,120,23,9,1,4119.0,0,1926.0,Cash,Delivered
3034,2025-05-30,264,5,1,1,2931.2,20,1673.2,UPI,Returned
3035,2023-06-30,478,54,14,4,4712.0,0,-5492.0,Debit Card,Cancelled
3036,2023-05-15,28,64,2,3,3143.25,25,-8526.75,Net Banking,Delivered
3037,2025-01-03,74,65,14,3,16322.55,15,7283.55,Cash,Delivered
3038,2025-09-28,478,28,17,4,24955.2,10,13243.2,Debit Card,Cancelled
3039,2023-12-16,90,13,11,2,5916.6,5,4242.6,UPI,Returned
3040,2025-08-10,230,34,14,3,6336.75,15,2109.75,Cash,Delivered
3041,2025-08-09,197,2,16,4,2084.2,15,-2643.8,Cash,Delivered
3042,2025-02-28,413,53,18,2,5355.0,25,4023.0,Cash,Delivered
3043,2024-10-10,127,31,7,2,6854.4,30,4586.4,Cash,Returned
3044,2025-01-18,78,59,12,2,7197.8,15,6125.8,UPI,Delivered
3045,2024-01-12,89,8,1,2,11441.8,5,1887.8,Credit Card,Delivered
3046,2025-08-25,395,18,15,1,2728.5,15,2358.5,Credit Card,Delivered
3047,2023-02-14,378,34,19,3,7082.25,5,2855.25,Cash,Delivered
3048,2024-07-22,434,18,18,2,5778.0,10,5038.0,Credit Card,Delivered
3049,2025-10-19,87,19,13,4,17961.6,20,11533.6,Cash,Delivered
3050,2023-05-03,36,47,8,2,7092.4,15,-989.6,Debit Card,Delivered
3051,2025-09-03,176,17,13,1,3481.2,10,2338.2,Net Banking,Delivered
3052,2025-11-28,140,31,15,2,9302.4,5,7034.4,Cash,Delivered
3053,2023-01-27,226,8,10,4,20474.8,15,1366.8,Debit Card,Returned
3054,2024-09-28,40,47,11,2,7509.6,10,-572.4,Net Banking,Delivered
3055,2023-09-23,197,20,12,5,30995.0,0,11150.0,Net Banking,Delivered
3056,2025-02-03,462,59,10,3,9526.5,25,7918.5,Credit Card,Delivered
3057,2023-05-10,308,22,13,5,6022.25,15,-12862.75,UPI,Delivered
3058,2024-05-19,175,27,15,3,6030.75,15,-2912.25,Credit Card,Delivered
3059,2024-10-02,135,45,17,2,2500.4,30,-3077.6,Cash,Delivered
3060,2024-11-09,459,56,18,5,16645.5,10,-5119.5,Credit Card,Delivered
3061,2024-04-13,174,12,6,3,9063.6,30,8004.6,Net Banking,Cancelled
3062,2024-05-25,302,30,16,2,8031.8,30,-730.2,Cash,Cancelled
3063,2024-10-03,369,10,15,4,26512.0,0,12704.0,Net Banking,Delivered
3064,2023-10-31,250,40,15,4,12180.0,30,-4808.0,Net Banking,Delivered
3065,2025-10-02,326,51,18,1,3465.6,20,723.6,Cash,Cancelled
3066,2025-07-09,281,66,11,3,14049.0,0,11379.0,Cash,Delivered
3067,2023-10-21,488,40,5,3,9787.5,25,-2953.5,Debit Card,Delivered
3068,2024-04-02,337,58,8,4,25091.4,5,6131.4,UPI,Delivered
3069,2025-09-15,389,27,10,3,4966.5,30,-3976.5,Net Banking,Delivered
3070,2025-09-19,167,15,12,3,10430.1,10,-4260.9,Debit Card,Cancelled
3071,2024-01-21,398,4,1,5,9447.75,5,-9187.25,Net Banking,Cancelled
3072,2023-05-05,103,12,18,1,3884.4,10,3531.4,Credit Card,Cancelled
3073,2024-05-23,122,50,2,5,5206.5,10,-16573.5,Cash,Delivered
3074,2024-06-18,248,3,11,1,6002.1,10,1728.1,Credit Card,Delivered
3075,2023-03-01,56,63,7,3,3168.0,0,-1137.0,Cash,Delivered
3076,2023-10-30,160,4,10,3,5071.95,15,-6109.05,Cash,Returned
3077,2023-11-18,237,58,4,4,21129.6,20,2169.6,Net Banking,Delivered
3078,2024-07-14,131,36,5,3,6498.0,0,-390.0,Cash,Delivered
3079,2025-07-17,500,33,9,2,5139.0,25,-985.0,Debit Card,Delivered
3080,2024-10-23,46,57,6,5,25194.0,5,5244.0,UPI,Delivered
3081,2024-10-30,337,42,8,1,2958.9,30,-1988.1,Net Banking,Delivered
3082,2024-10-07,165,18,9,3,9148.5,5,8038.5,Cash,Cancelled
3083,2025-06-08,358,43,15,1,4362.75,25,-461.25,Debit Card,Delivered
3084,2023-03-12,342,16,4,2,5257.8,10,-1984.2,Debit Card,Delivered
3085,2023-03-22,372,11,8,5,14430.5,30,11700.5,Net Banking,Delivered
3086,2023-05-11,194,10,19,2,11267.6,15,4363.6,UPI,Delivered
3087,2025-12-06,82,25,6,2,7584.0,0,5896.0,Credit Card,Returned
3088,2025-01-07,409,61,19,2,6366.0,0,2882.0,Debit Card,Delivered
3089,2024-12-04,287,30,7,1,4876.45,15,495.45,UPI,Delivered
3090,2023-05-08,132,58,17,4,21129.6,20,2169.6,Net Banking,Delivered
3091,2023-11-14,449,11,9,4,12369.0,25,10185.0,Net Banking,Delivered
3092,2023-11-22,266,21,20,2,2160.7,15,-4167.3,UPI,Delivered
3093,2023-04-26,252,24,8,2,9199.8,5,2239.8,Net Banking,Delivered
3094,2024-04-06,61,52,7,1,643.5,25,-3258.5,Cash,Delivered
3095,2024-04-21,88,13,14,1,2958.3,5,2121.3,Credit Card,Delivered
3096,2024-10-23,83,41,4,5,30483.0,10,6393.0,Cash,Returned
3097,2025-11-10,40,63,4,4,4224.0,0,-1516.0,Debit Card,Delivered
3098,2025-04-29,267,56,7,1,2774.25,25,-1578.75,Net Banking,Delivered
3099,2023-03-15,203,40,2,1,4132.5,5,-114.5,Credit Card,Delivered
3100,2023-01-15,226,36,7,5,9205.5,15,-2274.5,Debit Card,Returned
3101,2025-01-23,497,49,13,1,2746.4,20,2086.4,Net Banking,Delivered
3102,2023-11-08,355,29,14,4,4465.0,5,-1843.0,Net Banking,Delivered
3103,2024-06-28,92,42,17,5,19021.5,10,-5713.5,Net Banking,Delivered
3104,2023-11-24,87,27,9,5,10051.25,15,-4853.75,Credit Card,Cancelled
3105,2024-02-05,149,1,2,3,8739.9,10,1026.9,Debit Card,Delivered
3106,2024-08-07,39,9,9,4,4560.0,0,-7844.0,Cash,Delivered
3107,2025-11-14,146,2,5,4,1961.6,20,-2766.4,Cash,Delivered
3108,2023-03-27,429,16,12,2,5842.0,0,-1400.0,Cash,Delivered
3109,2024-09-03,98,7,6,2,8831.2,5,4661.2,Credit Card,Cancelled
3110,2025-08-07,250,13,20,3,8407.8,10,5896.8,UPI,Returned
3111,2024-05-31,413,35,2,2,2798.4,20,714.4,Credit Card,Cancelled
3112,2023-01-26,351,52,15,1,772.2,10,-3129.8,Credit Card,Delivered
3113,2025-10-20,136,62,20,3,13272.45,5,984.45,Cash,Returned
3114,2025-03-11,300,3,19,3,17005.95,15,4183.95,Net Banking,Delivered
3115,2024-08-07,418,50,13,4,3933.8,15,-13490.2,Credit Card,Delivered
3116,2023-01-01,281,29,20,5,5875.0,0,-2010.0,UPI,Cancelled
3117,2023-01-23,177,64,2,1,977.9,30,-2912.1,Debit Card,Delivered
3118,2025-02-20,248,8,3,3,15356.1,15,1025.1,Net Banking,Delivered
3119,2025-01-23,262,26,14,1,6659.0,0,3918.0,Credit Card,Returned
3120,2025-02-02,159,32,4,2,3634.6,15,-5119.4,UPI,Delivered
3121,2023-02-15,394,12,10,4,12948.0,25,11536.0,Debit Card,Delivered
3122,2023-10-18,150,15,14,1,3476.7,10,-1420.3,Debit Card,Delivered
3123,2023-03-04,160,43,15,2,11634.0,0,1986.0,Cash,Delivered
3124,2023-06-26,232,66,19,1,4683.0,0,3793.0,Credit Card,Delivered
3125,2024-07-13,437,28,15,5,25995.0,25,11355.0,Debit Card,Delivered
3126,2023-05-10,193,32,17,5,9086.5,15,-12798.5,Credit Card,Delivered
3127,2025-02-11,197,48,1,1,2380.0,15,-300.0,UPI,Delivered
3128,2025-08-11,19,24,10,4,16462.8,15,2542.8,Cash,Delivered
3129,2023-04-01,276,65,6,1,5120.8,20,2107.8,UPI,Delivered
3130,2025-09-08,40,37,10,3,12339.0,25,7476.0,Credit Card,Delivered
3131,2024-07-10,428,34,17,1,1863.75,25,454.75,Credit Card,Delivered
3132,2023-01-04,400,34,13,4,6958.0,30,1322.0,UPI,Cancelled
3133,2025-09-27,163,26,11,4,21308.8,20,10344.8,Credit Card,Returned
3134,2025-01-15,243,22,5,1,1275.3,10,-2501.7,UPI,Cancelled
3135,2025-08-25,194,42,1,3,10778.85,15,-4062.15,Net Banking,Delivered
3136,2025-01-30,209,18,13,3,7222.5,25,6112.5,Net Banking,Cancelled
3137,2024-12-11,391,19,19,2,10103.4,10,6889.4,Cash,Delivered
3138,2025-02-01,111,62,17,5,19792.25,15,-687.75,Cash,Delivered
3139,2025-10-09,48,41,8,3,19305.9,5,4851.9,Net Banking,Delivered
3140,2023-06-27,27,19,10,3,14313.15,15,9492.15,Net Banking,Delivered
3141,2025-01-04,442,15,1,2,6953.4,10,-2840.6,Cash,Delivered
3142,2023-12-03,4,59,1,5,14819.0,30,12139.0,UPI,Delivered
3143,2023-10-25,115,30,10,5,20079.5,30,-1825.5,Net Banking,Delivered
3144,2023-11-23,296,10,14,5,24855.0,25,7595.0,Net Banking,Delivered
3145,2025-03-22,408,27,8,2,3311.0,30,-2651.0,UPI,Delivered
3146,2023-03-27,116,57,7,1,4243.2,20,253.2,Net Banking,Delivered
3147,2024-06-05,327,22,15,5,7085.0,0,-11800.0,Net Banking,Returned
3148,2024-04-09,431,57,18,2,7956.0,25,-24.0,Debit Card,Delivered
3149,2025-02-03,235,24,12,1,4357.8,10,877.8,Net Banking,Delivered
3150,2025-03-15,249,29,16,5,4406.25,25,-3478.75,Credit Card,Cancelled
3151,2025-04-15,118,10,5,3,14913.0,25,4557.0,UPI,Delivered
3152,2024-01-21,108,26,9,4,25304.2,5,14340.2,UPI,Cancelled
3153,2023-10-23,431,27,5,1,2010.25,15,-970.75,UPI,Returned
3154,2025-04-11,16,35,11,3,4984.65,5,1858.65,Debit Card,Delivered
3155,2023-07-17,72,65,16,5,24003.75,25,8938.75,Credit Card,Delivered
3156,2024-08-28,397,29,15,1,1175.0,0,-402.0,UPI,Delivered
3157,2023-05-27,405,7,16,2,6507.2,30,2337.2,UPI,Delivered
3158,2025-05-14,417,25,12,4,15168.0,0,11792.0,Debit Card,Returned
3159,2024-09-06,320,15,6,4,15452.0,0,-4136.0,Debit Card,Delivered
3160,2024-09-14,213,66,4,3,13346.55,5,10676.55,Cash,Cancelled
3161,2023-03-27,334,56,20,5,15720.75,15,-6044.25,Cash,Delivered
3162,2024-12-20,211,11,11,4,14842.8,10,12658.8,UPI,Delivered
3163,2025-02-24,47,40,8,4,12180.0,30,-4808.0,Net Banking,Delivered
3164,2024-12-19,344,64,14,4,4191.0,25,-11369.0,Cash,Delivered
3165,2025-09-25,309,61,7,4,12732.0,0,5764.0,UPI,Delivered
3166,2023-07-08,23,57,15,3,12729.6,20,759.6,UPI,Delivered
3167,2025-02-16,289,35,6,1,1486.65,15,444.65,Debit Card,Delivered
3168,2023-03-12,135,46,20,5,4713.25,15,-14296.75,Debit Card,Delivered
3169,2025-07-13,151,10,8,5,23198.0,30,5938.0,Credit Card,Cancelled
3170,2023-01-22,274,1,16,4,12948.0,0,2664.0,Credit Card,Cancelled
3171,2025-06-29,9,62,20,1,3725.6,20,-370.4,UPI,Cancelled
3172,2024-07-16,325,65,18,2,10881.7,15,4855.7,Net Banking,Delivered
3173,2023-04-10,496,46,18,5,4158.75,25,-14851.25,Debit Card,Cancelled
3174,2025-11-24,227,3,11,1,5001.75,25,727.75,Cash,Delivered
3175,2023-11-30,254,36,6,4,7797.6,10,-1386.4,UPI,Delivered
3176,2025-05-23,316,37,5,5,24678.0,10,16573.0,UPI,Returned
3177,2023-06-07,322,45,4,2,2500.4,30,-3077.6,Credit Card,Delivered
3178,2023-01-12,457,29,12,4,4465.0,5,-1843.0,Cash,Returned
3179,2025-02-10,116,39,15,2,2801.4,30,1167.4,UPI,Delivered
3180,2024-11-27,282,34,10,2,4721.5,5,1903.5,Net Banking,Delivered
3181,2025-06-29,262,46,16,2,1663.5,25,-5940.5,UPI,Delivered
3182,2023-09-28,130,45,1,2,3393.4,5,-2184.6,Net Banking,Cancelled
3183,2025-10-13,108,41,20,1,5757.9,15,939.9,Debit Card,Returned
3184,2025-12-11,449,5,9,4,14656.0,0,9624.0,Debit Card,Returned
3185,2025-05-07,31,43,7,5,29085.0,0,4965.0,Cash,Delivered
3186,2025-05-14,333,15,12,3,9850.65,15,-4840.35,UPI,Delivered
3187,2025-01-02,482,9,4,1,1026.0,10,-2075.0,Cash,Delivered
3188,2023-10-09,4,54,16,5,5595.5,5,-7159.5,UPI,Delivered
3189,2024-01-18,382,41,15,2,13548.0,0,3912.0,Credit Card,Delivered
3190,2024-06-22,218,56,19,5,16645.5,10,-5119.5,Cash,Delivered
3191,2025-04-26,259,3,9,2,10670.4,20,2122.4,UPI,Cancelled
3192,2024-02-19,83,58,8,1,6272.85,5,1532.85,Credit Card,Delivered
3193,2025-03-11,233,59,20,2,6351.0,25,5279.0,UPI,Delivered
3194,2023-01-25,70,2,10,1,490.4,20,-691.6,UPI,Cancelled
3195,2025-12-22,151,42,17,3,10144.8,20,-4696.2,UPI,Delivered
3196,2024-05-14,366,37,5,2,9871.2,10,6629.2,Cash,Delivered
3197,2025-08-30,67,37,16,2,8226.0,25,4984.0,Cash,Delivered
3198,2023-12-20,360,17,5,2,7736.0,0,5450.0,Cash,Cancelled
3199,2023-05-26,310,6,7,5,22099.0,30,-711.0,Credit Card,Returned
3200,2025-11-10,137,42,19,2,5917.8,30,-3976.2,Credit Card,Delivered
3201,2023-05-29,422,19,4,4,17961.6,20,11533.6,Net Banking,Delivered
3202,2025-04-26,454,44,15,2,8532.0,25,2838.0,Debit Card,Delivered
3203,2023-05-03,339,26,7,3,16980.45,15,8757.45,Cash,Delivered
3204,2025-03-19,239,13,16,3,6539.4,30,4028.4,UPI,Delivered
3205,2025-07-10,112,48,14,3,7140.0,15,-900.0,Net Banking,Delivered
3206,2025-11-09,63,11,18,2,7009.1,15,5917.1,Cash,Returned
3207,2025-12-03,45,1,2,2,6150.3,5,1008.3,Debit Card,Delivered
3208,2023-03-05,7,52,7,1,729.3,15,-3172.7,Cash,Delivered
3209,2023-10-26,342,65,1,5,32005.0,0,16940.0,UPI,Delivered
3210,2024-07-29,176,57,20,3,13525.2,15,1555.2,Cash,Returned
3211,2024-10-31,337,50,12,3,3123.9,10,-9944.1,Debit Card,Delivered
3212,2025-03-01,203,55,6,5,23749.0,15,19054.0,Net Banking,Returned
3213,2023-10-09,113,6,11,5,23677.5,25,867.5,Cash,Delivered
3214,2025-09-29,251,52,17,1,643.5,25,-3258.5,Debit Card,Cancelled
3215,2023-05-09,166,6,12,5,25256.0,20,2446.0,Debit Card,Returned
3216,2024-08-14,137,38,10,3,18297.9,10,13941.9,Net Banking,Cancelled
3217,2024-10-25,451,10,15,2,11930.4,10,5026.4,Credit Card,Cancelled
3218,2024-09-19,94,4,1,2,3580.2,10,-3873.8,Credit Card,Delivered
3219,2025-04-22,165,60,2,5,22083.75,25,-2331.25,Debit Card,Delivered
3220,2024-01-21,478,20,19,5,26345.75,15,6500.75,Net Banking,Delivered
3221,2025-01-10,11,27,15,3,6740.25,5,-2202.75,Net Banking,Cancelled
3222,2025-08-05,352,61,15,3,9071.55,5,3845.55,Net Banking,Cancelled
3223,2024-08-19,402,12,13,2,8632.0,0,7926.0,Credit Card,Delivered
3224,2024-11-21,51,28,3,5,24262.0,30,9622.0,Credit Card,Returned
3225,2024-05-18,105,27,16,4,8514.0,10,-3410.0,Cash,Delivered
3226,2025-07-29,386,18,2,3,7704.0,20,6594.0,Net Banking,Delivered
3227,2023-05-28,352,41,11,2,12193.2,10,2557.2,Debit Card,Delivered
3228,2025-03-16,41,6,9,4,17679.2,30,-568.8,UPI,Delivered
3229,2024-06-05,309,65,12,2,8961.4,30,2935.4,Cash,Delivered
3230,2024-07-21,169,66,18,5,18732.0,20,14282.0,Net Banking,Cancelled
3231,2024-06-28,407,49,2,4,13045.4,5,10405.4,UPI,Delivered
3232,2023-08-10,86,14,1,4,13011.2,20,-6652.8,Cash,Delivered
3233,2023-09-02,82,59,4,4,15242.4,10,13098.4,Credit Card,Delivered
3234,2023-04-22,50,45,13,1,1607.4,10,-1181.6,UPI,Delivered
3235,2024-07-03,73,23,18,3,12357.0,0,5778.0,Credit Card,Delivered
3236,2023-03-23,182,57,12,4,20155.2,5,4195.2,Net Banking,Delivered
3237,2024-11-22,260,20,10,1,6199.0,0,2230.0,Net Banking,Returned
3238,2025-05-30,29,56,6,3,9987.3,10,-3071.7,Credit Card,Delivered
3239,2024-06-30,375,36,17,2,3465.6,20,-1126.4,Net Banking,Delivered
3240,2023-02-17,317,11,4,2,7833.7,5,6741.7,Net Banking,Cancelled
3241,2024-03-26,428,5,8,3,7694.4,30,3920.4,Credit Card,Delivered
3242,2023-02-05,124,40,16,2,6960.0,20,-1534.0,Credit Card,Delivered
3243,2024-07-06,155,24,15,5,18157.5,25,757.5,Cash,Delivered
3244,2025-04-12,4,53,5,1,3391.5,5,2725.5,Credit Card,Delivered
3245,2023-12-06,305,59,17,4,13548.8,20,11404.8,Credit Card,Delivered
3246,2023-01-07,1,58,2,3,19809.0,0,5589.0,Credit Card,Returned
3247,2025-03-02,174,65,7,3,16322.55,15,7283.55,Cash,Delivered
3248,2023-06-17,335,16,11,2,5842.0,0,-1400.0,Cash,Returned
3249,2023-11-04,63,45,5,4,6072.4,15,-5083.6,Cash,Cancelled
3250,2024-07-10,458,42,14,4,16908.0,0,-2880.0,Credit Card,Returned
3251,2025-12-09,401,45,12,4,6072.4,15,-5083.6,Debit Card,Delivered
3252,2025-11-05,273,56,20,1,3144.15,15,-1208.85,Net Banking,Delivered
3253,2024-02-25,305,44,9,4,18201.6,20,6813.6,Debit Card,Delivered
3254,2025-02-12,460,58,10,1,5282.4,20,542.4,Credit Card,Delivered
3255,2024-10-05,448,14,2,2,7725.4,5,-2106.6,Debit Card,Delivered
3256,2024-08-18,227,20,1,3,17667.15,5,5760.15,Credit Card,Delivered
3257,2023-02-19,62,46,8,5,4713.25,15,-14296.75,Net Banking,Delivered
3258,2023-02-14,118,28,20,1,5892.2,15,2964.2,Cash,Cancelled
3259,2025-02-19,287,1,9,3,8739.9,10,1026.9,UPI,Delivered
3260,2025-07-01,471,39,18,4,6003.0,25,2735.0,Cash,Delivered
3261,2024-12-14,31,9,14,4,4104.0,10,-8300.0,Credit Card,Delivered
3262,2025-09-07,442,10,7,3,17895.6,10,7539.6,Credit Card,Delivered
3263,2025-11-25,55,66,9,2,6556.2,30,4776.2,Net Banking,Cancelled
3264,2023-03-16,86,3,9,2,9336.6,30,788.6,Cash,Delivered
3265,2024-04-13,378,59,4,1,2963.8,30,2427.8,UPI,Returned
3266,2023-04-13,137,38,18,2,13554.0,0,10650.0,Debit Card,Delivered
3267,2025-07-16,53,12,18,5,19422.0,10,17657.0,Credit Card,Delivered
3268,2025-06-11,78,39,19,2,2801.4,30,1167.4,Debit Card,Delivered
3269,2024-09-30,72,32,12,2,3634.6,15,-5119.4,Credit Card,Cancelled
3270,2023-07-08,239,11,15,1,3916.85,5,3370.85,Net Banking,Delivered
3271,2023-12-27,290,46,19,5,4158.75,25,-14851.25,Debit Card,Cancelled
3272,2023-12-10,4,19,19,4,19084.2,15,12656.2,Credit Card,Delivered
3273,2023-06-07,209,37,15,2,8774.4,20,5532.4,UPI,Delivered
3274,2024-01-02,467,8,18,3,12646.2,30,-1684.8,Net Banking,Delivered
3275,2025-01-25,429,28,14,4,22182.4,20,10470.4,Credit Card,Delivered
3276,2024-05-18,282,29,13,5,5581.25,5,-2303.75,UPI,Delivered
3277,2024-07-11,188,57,15,2,7425.6,30,-554.4,Net Banking,Delivered
3278,2023-04-27,487,56,9,5,14796.0,20,-6969.0,Cash,Delivered
3279,2025-08-18,481,63,1,2,2112.0,0,-758.0,Credit Card,Delivered
3280,2025-01-22,162,22,14,2,1983.8,30,-5570.2,Net Banking,Delivered
3281,2025-07-20,182,14,3,4,15450.8,5,-4213.2,Credit Card,Returned
3282,2024-05-23,280,26,19,1,4994.25,25,2253.25,Credit Card,Returned
3283,2023-03-28,385,34,14,5,8697.5,30,1652.5,UPI,Delivered
3284,2024-08-11,318,3,20,2,13338.0,0,4790.0,Cash,Cancelled
3285,2025-03-19,87,42,17,4,12681.0,25,-7107.0,Net Banking,Cancelled
3286,2025-08-13,56,19,11,4,17961.6,20,11533.6,Net Banking,Delivered
3287,2025-04-09,76,65,14,5,25604.0,20,10539.0,Debit Card,Cancelled
3288,2025-10-27,97,21,2,4,4829.8,5,-7826.2,Cash,Delivered
3289,2023-05-31,120,38,17,1,6438.15,5,4986.15,Net Banking,Delivered
3290,2025-04-24,174,65,1,3,19203.0,0,10164.0,Cash,Delivered
3291,2023-02-18,287,16,6,3,7886.7,10,-2976.3,Debit Card,Delivered
3292,2023-02-02,99,48,15,2,3920.0,30,-1440.0,Credit Card,Delivered
3293,2023-10-14,225,50,10,2,1966.9,15,-6745.1,Debit Card,Delivered
3294,2023-02-03,253,26,9,2,12652.1,5,7170.1,Credit Card,Delivered
3295,2025-03-28,199,57,1,3,13525.2,15,1555.2,Cash,Returned
3296,2024-02-24,25,19,2,4,20206.8,10,13778.8,Cash,Delivered
3297,2024-05-17,362,50,10,4,4628.0,0,-12796.0,Credit Card,Returned
3298,2025-02-05,198,19,19,1,5051.7,10,3444.7,UPI,Delivered
3299,2025-06-06,448,52,18,4,2917.2,15,-12690.8,UPI,Cancelled
3300,2025-11-15,406,26,10,3,17979.3,10,9756.3,Net Banking,Delivered
3301,2025-09-08,435,40,13,1,3045.0,30,-1202.0,UPI,Delivered
3302,2024-09-27,187,43,8,3,16578.45,5,2106.45,Net Banking,Delivered
3303,2023-10-26,351,10,11,1,6628.0,0,3176.0,Net Banking,Delivered
3304,2025-11-09,396,35,20,1,1749.0,0,707.0,Credit Card,Returned
3305,2023-02-19,135,27,3,5,10642.5,10,-4262.5,Cash,Delivered
3306,2025-07-31,152,21,6,3,2669.1,30,-6822.9,Debit Card,Cancelled
3307,2025-01-23,466,13,5,3,8407.8,10,5896.8,UPI,Cancelled
3308,2025-06-16,12,9,13,5,5700.0,0,-9805.0,Cash,Delivered
3309,2025-11-02,183,21,17,5,6355.0,0,-9465.0,UPI,Delivered
3310,2025-06-19,496,18,3,4,11556.0,10,10076.0,Debit Card,Delivered
3311,2024-02-07,432,18,13,2,4494.0,30,3754.0,UPI,Cancelled
3312,2025-03-18,492,33,11,4,12333.6,10,85.6,Credit Card,Delivered
3313,2023-01-25,91,61,4,1,2864.7,10,1122.7,Credit Card,Delivered
3314,2024-02-01,320,26,11,4,21308.8,20,10344.8,Cash,Delivered
3315,2024-06-06,44,64,20,4,4470.4,20,-11089.6,Credit Card,Delivered
3316,2023-03-18,256,34,3,1,2360.75,5,951.75,Debit Card,Returned
3317,2023-05-16,494,59,9,4,11855.2,30,9711.2,Credit Card,Delivered
3318,2025-10-07,124,55,12,2,8382.0,25,6504.0,UPI,Delivered
3319,2024-12-02,349,58,20,4,18488.4,30,-471.6,Net Banking,Returned
3320,2025-08-18,186,41,4,3,14225.4,30,-228.6,Debit Card,Cancelled
3321,2024-11-08,294,49,7,5,13732.0,20,10432.0,Debit Card,Cancelled
3322,2025-12-01,23,36,12,2,3249.0,25,-1343.0,Debit Card,Cancelled
3323,2023-02-15,446,19,10,2,10664.7,5,7450.7,Cash,Delivered
3324,2025-11-08,356,10,9,3,17895.6,10,7539.6,Debit Card,Delivered
3325,2024-09-07,67,62,18,4,18628.0,0,2244.0,Debit Card,Delivered
3326,2024-04-02,20,18,4,2,5136.0,20,4396.0,Credit Card,Delivered
3327,2023-07-21,487,18,16,4,12198.0,5,10718.0,Net Banking,Cancelled
3328,2025-03-29,75,1,8,3,8254.35,15,541.35,Cash,Cancelled
3329,2023-06-16,419,21,10,3,3431.7,10,-6060.3,Credit Card,Delivered
3330,2023-05-16,149,50,19,5,4917.25,15,-16862.75,Debit Card,Delivered
3331,2025-06-04,267,53,13,4,12138.0,15,9474.0,Credit Card,Delivered
3332,2024-11-14,484,26,14,4,26636.0,0,15672.0,Debit Card,Delivered
3333,2025-09-23,20,26,6,3,18978.15,5,10755.15,Cash,Delivered
3334,2025-04-10,465,49,20,5,16306.75,5,13006.75,Cash,Delivered
3335,2023-12-04,359,10,1,3,18889.8,5,8533.8,Debit Card,Delivered
3336,2025-02-10,438,63,3,5,4752.0,10,-2423.0,UPI,Delivered
3337,2023-01-18,19,49,3,1,3433.0,0,2773.0,Credit Card,Cancelled
3338,2023-07-09,355,22,19,4,4817.8,15,-10290.2,Credit Card,Delivered
3339,2023-12-30,141,3,11,1,5668.65,15,1394.65,UPI,Delivered
3340,2025-01-21,226,38,10,3,14231.7,30,9875.7,Debit Card,Returned
3341,2023-03-24,435,20,1,5,30995.0,0,11150.0,Credit Card,Delivered
3342,2023-03-21,167,39,9,3,6003.0,0,3552.0,Net Banking,Delivered
3343,2023-01-01,58,54,20,1,942.4,20,-1608.6,Credit Card,Delivered
3344,2025-10-01,89,23,2,4,11533.2,30,2761.2,UPI,Delivered
3345,2025-12-13,265,16,9,5,13144.5,10,-4960.5,UPI,Cancelled
3346,2023-05-14,401,62,3,3,13272.45,5,984.45,Cash,Cancelled
3347,2025-11-20,330,57,13,3,15116.4,5,3146.4,UPI,Delivered
3348,2024-08-04,109,47,5,5,19817.0,5,-388.0,UPI,Delivered
3349,2023-11-30,228,55,4,3,12573.0,25,9756.0,Cash,Delivered
3350,2024-09-19,29,50,13,3,2776.8,20,-10291.2,Debit Card,Returned
3351,2024-04-26,103,37,3,4,18645.6,15,12161.6,Debit Card,Returned
3352,2024-05-07,398,29,10,3,3348.75,5,-1382.25,Cash,Delivered
3353,2023-06-12,330,55,16,2,11176.0,0,9298.0,UPI,Cancelled
3354,2023-08-09,480,12,19,1,4100.2,5,3747.2,Cash,Delivered
3355,2023-05-31,431,35,6,2,2623.5,25,539.5,Debit Card,Delivered
3356,2024-05-04,157,29,9,3,2820.0,20,-1911.0,Cash,Delivered
3357,2024-09-11,299,32,18,4,8552.0,0,-8956.0,Credit Card,Delivered
3358,2023-11-17,62,18,19,1,2889.0,10,2519.0,Cash,Delivered
3359,2023-04-11,423,7,13,3,13944.0,0,7689.0,UPI,Delivered
3360,2025-10-16,139,26,19,4,25304.2,5,14340.2,Cash,Returned
3361,2024-10-24,87,66,19,4,13112.4,30,9552.4,Cash,Delivered
3362,2025-05-14,361,43,6,3,13088.25,25,-1383.75,Debit Card,Cancelled
3363,2023-12-03,10,49,2,2,6866.0,0,5546.0,Debit Card,Delivered
3364,2024-11-16,5,32,18,1,1817.3,15,-2559.7,Credit Card,Delivered
3365,2025-11-16,216,29,19,2,2232.5,5,-921.5,Net Banking,Delivered
3366,2024-01-05,55,60,14,3,16783.65,5,2134.65,Cash,Delivered
3367,2025-01-08,135,20,16,1,4649.25,25,680.25,Debit Card,Cancelled
3368,2023-01-06,297,47,17,3,11264.4,10,-858.6,UPI,Delivered
3369,2024-03-08,374,33,8,5,16273.5,5,963.5,Credit Card,Delivered
3370,2025-12-23,317,58,8,5,29713.5,10,6013.5,Cash,Cancelled
3371,2024-02-07,370,5,2,5,14656.0,20,8366.0,Cash,Returned
3372,2024-08-17,446,2,20,1,521.05,15,-660.95,Net Banking,Delivered
3373,2024-11-12,252,58,6,1,5942.7,10,1202.7,UPI,Delivered
3374,2023-05-09,454,61,6,5,11936.25,25,3226.25,Cash,Delivered
3375,2024-04-17,211,46,6,4,3548.8,20,-11659.2,Debit Card,Cancelled
3376,2024-06-26,24,22,12,2,2408.9,15,-5145.1,Debit Card,Returned
3377,2024-04-14,299,64,5,1,977.9,30,-2912.1,Net Banking,Delivered
3378,2023-01-09,204,14,7,4,14637.6,10,-5026.4,Net Banking,Delivered
3379,2025-07-09,398,3,5,1,6335.55,5,2061.55,Credit Card,Delivered
3380,2023-04-08,23,47,10,1,3546.2,15,-494.8,UPI,Delivered
3381,2025-05-03,221,47,17,5,14602.0,30,-5603.0,UPI,Cancelled
3382,2023-04-15,496,56,19,3,7767.9,30,-5291.1,Cash,Cancelled
3383,2024-08-11,333,40,3,2,6960.0,20,-1534.0,UPI,Delivered
3384,2024-11-03,188,44,13,4,18201.6,20,6813.6,Credit Card,Cancelled
3385,2025-05-29,336,23,15,2,8238.0,0,3852.0,UPI,Delivered
3386,2023-02-12,303,41,8,2,11515.8,15,1879.8,UPI,Delivered
3387,2024-08-21,297,47,12,3,11890.2,5,-232.8,Debit Card,Delivered
3388,2024-02-22,270,10,12,2,11267.6,15,4363.6,Credit Card,Delivered
3389,2024-08-14,288,1,15,1,2265.9,30,-305.1,Debit Card,Cancelled
3390,2023-05-21,467,32,12,5,8017.5,25,-13867.5,UPI,Delivered
3391,2023-01-07,105,63,15,1,739.2,30,-695.8,Credit Card,Delivered
3392,2023-08-21,346,19,2,3,15997.05,5,11176.05,Cash,Delivered
3393,2025-12-30,343,38,10,1,5421.6,20,3969.6,Cash,Cancelled
3394,2024-07-23,228,58,18,1,5612.55,15,872.55,UPI,Delivered
3395,2023-12-28,161,8,19,1,5419.8,10,642.8,Cash,Delivered
3396,2023-02-07,323,59,10,5,19053.0,10,16373.0,Net Banking,Delivered
3397,2023-10-26,374,24,2,1,4599.9,5,1119.9,Debit Card,Delivered
3398,2025-12-31,372,23,8,5,14416.5,30,3451.5,Credit Card,Delivered
3399,2024-11-27,288,59,19,3,12702.0,0,11094.0,Cash,Delivered
3400,2025-11-15,51,1,19,1,2265.9,30,-305.1,Cash,Delivered
3401,2025-09-17,278,42,7,2,8031.3,5,-1862.7,Net Banking,Returned
3402,2024-04-09,209,30,18,1,4302.75,25,-78.25,Cash,Cancelled
3403,2024-10-21,238,19,15,4,19084.2,15,12656.2,Debit Card,Delivered
3404,2025-07-16,68,13,16,1,3114.0,0,2277.0,Credit Card,Delivered
3405,2023-02-05,84,19,8,5,25258.5,10,17223.5,Debit Card,Returned
3406,2023-01-16,375,26,4,3,16980.45,15,8757.45,Debit Card,Delivered
3407,2023-07-16,472,19,7,1,5332.35,5,3725.35,Net Banking,Cancelled
3408,2023-08-27,290,18,5,5,11235.0,30,9385.0,Net Banking,Delivered
3409,2024-11-28,235,61,15,4,10822.2,15,3854.2,UPI,Cancelled
3410,2024-10-11,496,60,5,1,4122.3,30,-760.7,Credit Card,Delivered
3411,2025-05-21,184,44,18,5,19908.0,30,5673.0,Debit Card,Delivered
3412,2024-09-06,406,27,10,1,2365.0,0,-616.0,Credit Card,Returned
3413,2025-02-16,248,19,5,3,11787.3,30,6966.3,Credit Card,Delivered
3414,2025-04-23,327,66,10,3,9834.3,30,7164.3,UPI,Cancelled
3415,2025-10-17,375,24,14,3,14526.0,0,4086.0,Debit Card,Returned
3416,2023-02-16,342,35,5,3,4459.95,15,1333.95,UPI,Delivered
3417,2023-07-10,232,7,14,3,13246.8,5,6991.8,Credit Card,Cancelled
3418,2023-07-25,332,46,15,5,4436.0,20,-14574.0,Debit Card,Delivered
3419,2024-11-14,32,38,9,1,6099.3,10,4647.3,Debit Card,Delivered
3420,2024-03-10,8,10,4,2,10604.8,20,3700.8,Net Banking,Delivered
3421,2024-07-20,172,34,16,2,4970.0,0,2152.0,Debit Card,Cancelled
3422,2023-06-13,75,3,8,5,23341.5,30,1971.5,Net Banking,Cancelled
3423,2024-09-01,459,62,6,5,20956.5,10,476.5,UPI,Delivered
3424,2025-05-10,437,52,3,1,772.2,10,-3129.8,UPI,Returned
3425,2023-04-17,18,52,9,3,2316.6,10,-9389.4,Credit Card,Delivered
3426,2023-01-09,398,47,7,1,3337.6,20,-703.4,UPI,Delivered
3427,2025-01-09,393,18,11,1,2728.5,15,2358.5,Cash,Cancelled
3428,2023-11-22,143,52,9,1,772.2,10,-3129.8,Net Banking,Cancelled
3429,2024-11-15,392,60,7,2,11778.0,0,2012.0,Credit Card,Delivered
3430,2023-08-01,475,39,16,5,7503.75,25,3418.75,UPI,Delivered
3431,2023-09-17,177,8,10,2,9033.0,25,-521.0,Credit Card,Returned
3432,2025-04-15,314,8,20,5,28604.5,5,4719.5,UPI,Returned
3433,2024-01-20,135,65,2,5,28804.5,10,13739.5,Cash,Cancelled
3434,2025-05-30,210,34,18,2,4970.0,0,2152.0,Credit Card,Cancelled
3435,2025-12-16,499,51,12,4,16461.6,5,5493.6,Debit Card,Delivered
3436,2025-04-22,338,59,8,2,7197.8,15,6125.8,Net Banking,Delivered
3437,2023-09-13,189,16,14,3,8324.85,5,-2538.15,Cash,Delivered
3438,2023-01-03,491,60,11,5,25028.25,15,613.25,UPI,Delivered
3439,2024-06-02,155,20,19,5,29445.25,5,9600.25,Credit Card,Cancelled
3440,2023-09-03,119,23,15,2,5766.6,30,1380.6,Credit Card,Delivered
3441,2024-05-26,43,42,12,1,4015.65,5,-931.35,UPI,Returned
3442,2025-03-19,426,15,18,1,2897.25,25,-1999.75,Credit Card,Delivered
3443,2023-01-06,133,20,3,3,18597.0,0,6690.0,Credit Card,Returned
3444,2023-01-29,71,3,3,1,4668.3,30,394.3,Cash,Delivered
3445,2025-07-04,340,21,17,3,3622.35,5,-5869.65,Credit Card,Delivered
3446,2025-01-25,200,54,19,1,824.6,30,-1726.4,Debit Card,Delivered
3447,2025-11-28,487,62,7,4,13971.0,25,-2413.0,Debit Card,Delivered
3448,2023-10-26,328,38,4,2,9487.8,30,6583.8,Credit Card,Delivered
3449,2024-05-12,50,47,14,3,11890.2,5,-232.8,Cash,Delivered
3450,2023-04-11,475,25,7,3,9669.6,15,7137.6,Debit Card,Delivered
3451,2023-11-21,218,62,4,4,15833.8,15,-550.2,UPI,Delivered
3452,2024-08-15,369,15,11,4,12361.6,20,-7226.4,Credit Card,Delivered
3453,2023-10-16,328,21,2,1,1143.9,10,-2020.1,Debit Card,Delivered
3454,2023-01-29,230,58,12,2,11225.1,15,1745.1,Cash,Cancelled
3455,2025-07-19,64,3,15,1,5335.2,20,1061.2,Debit Card,Delivered
3456,2024-02-16,253,43,13,2,9888.9,15,240.9,Debit Card,Delivered
3457,2023-11-25,37,28,11,4,24955.2,10,13243.2,Cash,Delivered
3458,2023-02-05,269,1,7,4,12300.6,5,2016.6,Credit Card,Returned
3459,2024-03-24,95,64,20,4,4749.8,15,-10810.2,Net Banking,Cancelled
3460,2024-07-02,267,19,12,2,11226.0,0,8012.0,Debit Card,Cancelled
3461,2023-07-22,493,49,4,3,7724.25,25,5744.25,Debit Card,Returned
3462,2024-09-27,134,10,3,5,23198.0,30,5938.0,Cash,Delivered
3463,2023-08-08,267,63,18,1,844.8,20,-590.2,Credit Card,Delivered
3464,2024-05-15,219,58,5,3,13866.3,30,-353.7,Net Banking,Cancelled
3465,2025-12-21,395,57,15,5,18564.0,30,-1386.0,Credit Card,Returned
3466,2023-01-07,255,16,16,4,9347.2,20,-5136.8,Credit Card,Delivered
3467,2025-05-09,79,58,3,3,13866.3,30,-353.7,Net Banking,Delivered
3468,2024-02-01,425,62,18,1,3958.45,15,-137.55,Credit Card,Delivered
3469,2025-05-20,282,45,11,3,4018.5,25,-4348.5,Debit Card,Returned
3470,2024-02-13,190,40,18,3,10440.0,20,-2301.0,Cash,Returned
3471,2024-12-31,260,1,2,5,12948.0,20,93.0,UPI,Delivered
3472,2024-02-06,432,16,11,4,9347.2,20,-5136.8,Credit Card,Delivered
3473,2024-11-19,71,51,5,1,3032.4,30,290.4,Debit Card,Delivered
3474,2024-11-13,49,30,14,2,9179.2,20,417.2,Cash,Delivered
3475,2023-02-03,85,15,17,4,12361.6,20,-7226.4,UPI,Delivered
3476,2024-04-18,208,8,19,5,28604.5,5,4719.5,Cash,Delivered
3477,2025-04-24,111,48,12,2,4760.0,15,-600.0,Net Banking,Returned
3478,2025-06-22,73,4,8,1,1989.0,0,-1738.0,Credit Card,Delivered
3479,2025-01-29,173,17,1,2,7349.2,5,5063.2,UPI,Delivered
3480,2025-04-17,296,17,5,3,11604.0,0,8175.0,UPI,Delivered
3481,2024-03-04,179,12,5,5,18343.0,15,16578.0,UPI,Delivered
3482,2023-09-01,231,35,14,2,2798.4,20,714.4,UPI,Delivered
3483,2024-05-08,412,13,12,5,12456.0,20,8271.0,UPI,Delivered
3484,2023-12-09,352,9,15,3,2736.0,20,-6567.0,UPI,Delivered
3485,2025-04-23,40,52,8,2,1201.2,30,-6602.8,Debit Card,Delivered
3486,2024-04-14,416,16,14,1,2336.8,20,-1284.2,Net Banking,Delivered
3487,2024-12-15,108,14,14,1,3456.1,15,-1459.9,Debit Card,Delivered
3488,2023-12-03,250,8,18,5,22582.5,25,-1302.5,UPI,Returned
3489,2023-02-13,295,8,11,1,4516.5,25,-260.5,Debit Card,Delivered
3490,2023-11-18,285,29,20,2,1645.0,30,-1509.0,Credit Card,Returned
3491,2024-01-03,163,19,1,1,4209.75,25,2602.75,Credit Card,Delivered
3492,2024-08-27,2,25,16,2,7204.8,5,5516.8,Cash,Delivered
3493,2023-10-03,429,6,12,4,23993.2,5,5745.2,UPI,Delivered
3494,2024-09-05,190,14,6,2,7318.8,10,-2513.2,Cash,Delivered
3495,2023-11-22,315,44,11,1,3981.6,30,1134.6,Cash,Delivered
3496,2025-02-06,36,35,20,1,1661.55,5,619.55,UPI,Cancelled
3497,2025-05-10,339,25,7,2,5688.0,25,4000.0,UPI,Delivered
3498,2023-05-30,12,20,14,2,11778.1,5,3840.1,Credit Card,Delivered
3499,2024-04-14,32,2,19,1,521.05,15,-660.95,Credit Card,Delivered
3500,2025-12-23,31,24,7,5,18157.5,25,757.5,Net Banking,Cancelled
3501,2023-11-19,463,29,11,3,2996.25,15,-1734.75,Net Banking,Cancelled
3502,2025-07-08,169,61,18,5,15119.25,5,6409.25,Cash,Delivered
3503,2025-06-30,115,18,10,5,11235.0,30,9385.0,Debit Card,Delivered
3504,2024-03-14,12,51,20,3,10396.8,20,2170.8,UPI,Delivered
3505,2025-02-08,406,46,2,4,3992.4,10,-11215.6,Net Banking,Delivered
3506,2023-08-25,330,35,3,1,1224.3,30,182.3,Credit Card,Delivered
3507,2025-12-28,461,35,7,2,2623.5,25,539.5,UPI,Cancelled
3508,2023-10-04,470,65,3,4,21763.4,15,9711.4,UPI,Cancelled
3509,2024-04-19,355,42,8,2,6763.2,20,-3130.8,Credit Card,Delivered
3510,2023-06-01,293,22,12,1,1133.6,20,-2643.4,Credit Card,Cancelled
3511,2024-11-25,465,2,2,5,3065.0,0,-2845.0,Net Banking,Cancelled
3512,2024-06-18,195,24,14,1,4357.8,10,877.8,Debit Card,Cancelled
3513,2024-01-01,436,45,2,2,2500.4,30,-3077.6,UPI,Delivered
3514,2024-02-25,435,2,9,4,1716.4,30,-3011.6,Credit Card,Delivered
3515,2023-10-30,481,33,18,1,2740.8,20,-321.2,Net Banking,Delivered
3516,2023-06-14,494,5,7,1,3114.4,15,1856.4,Debit Card,Delivered
3517,2024-07-19,273,19,11,2,8419.5,25,5205.5,Debit Card,Delivered
3518,2023-01-24,379,18,11,1,2247.0,30,1877.0,UPI,Returned
3519,2023-03-04,229,3,5,1,4668.3,30,394.3,UPI,Delivered
3520,2023-06-16,144,21,4,2,1779.4,30,-4548.6,UPI,Returned
3521,2023-07-21,153,7,3,2,7901.6,15,3731.6,Cash,Cancelled
3522,2023-02-22,216,12,20,3,12948.0,0,11889.0,Credit Card,Delivered
3523,2023-08-24,198,36,10,3,5523.3,15,-1364.7,Net Banking,Returned
3524,2024-08-21,3,55,20,3,11734.8,30,8917.8,Debit Card,Delivered
3525,2023-10-30,175,28,16,1,5545.6,20,2617.6,Net Banking,Returned
3526,2025-09-03,339,63,20,5,4224.0,20,-2951.0,Debit Card,Delivered
3527,2023-06-06,470,21,18,5,4448.5,30,-11371.5,Credit Card,Delivered
3528,2023-03-28,90,2,4,3,1471.2,20,-2074.8,Debit Card,Delivered
3529,2025-11-04,218,34,5,4,9940.0,0,4304.0,Cash,Delivered
3530,2023-04-11,189,38,1,1,6777.0,0,5325.0,UPI,Returned
3531,2025-02-12,51,17,1,3,11023.8,5,7594.8,Debit Card,Returned
3532,2025-01-10,408,21,3,3,3813.0,0,-5679.0,Net Banking,Delivered
3533,2025-04-09,490,22,10,5,6730.75,5,-12154.25,Cash,Cancelled
3534,2025-04-25,24,63,20,1,1003.2,5,-431.8,Credit Card,Delivered
3535,2024-10-20,100,48,17,5,13300.0,5,-100.0,Debit Card,Returned
3536,2024-09-27,236,42,3,1,3804.3,10,-1142.7,Credit Card,Cancelled
3537,2023-03-27,133,33,6,4,10278.0,25,-1970.0,Net Banking,Returned
3538,2025-08-20,72,59,3,1,3175.5,25,2639.5,UPI,Delivered
3539,2025-04-20,375,50,12,2,2198.3,5,-6513.7,Net Banking,Cancelled
3540,2024-12-28,85,37,11,5,23307.0,15,15202.0,UPI,Cancelled
3541,2023-09-15,450,4,8,5,9447.75,5,-9187.25,UPI,Delivered
3542,2023-04-07,10,48,2,3,5880.0,30,-2160.0,UPI,Delivered
3543,2025-12-18,95,15,10,3,8112.3,30,-6578.7,UPI,Cancelled
3544,2023-01-11,7,30,14,5,21513.75,25,-391.25,Debit Card,Returned
3545,2023-12-30,354,12,6,3,9063.6,30,8004.6,Net Banking,Delivered
3546,2025-11-22,363,3,5,4,25342.2,5,8246.2,Credit Card,Delivered
3547,2023-05-12,268,29,13,2,1880.0,20,-1274.0,Cash,Delivered
3548,2023-05-15,334,55,8,2,10617.2,5,8739.2,Credit Card,Returned
3549,2024-08-27,211,25,18,4,12134.4,20,8758.4,Credit Card,Cancelled
3550,2024-09-21,198,14,16,5,15247.5,25,-9332.5,Cash,Delivered
3551,2024-05-12,289,33,9,2,6852.0,0,728.0,Cash,Returned
3552,2025-12-18,303,33,7,2,6166.8,10,42.8,Cash,Delivered
3553,2024-05-30,15,11,16,1,3710.7,10,3164.7,UPI,Delivered
3554,2025-03-10,484,36,10,1,1516.2,30,-779.8,Debit Card,Returned
3555,2024-12-27,216,15,20,4,14679.4,5,-4908.6,Debit Card,Delivered
3556,2025-04-05,228,64,1,1,1327.15,5,-2562.85,Credit Card,Returned
3557,2024-01-18,168,35,12,3,4722.3,10,1596.3,Debit Card,Delivered
3558,2023-06-23,129,50,4,1,867.75,25,-3488.25,Cash,Delivered
3559,2024-07-27,229,22,14,3,3613.35,15,-7717.65,Debit Card,Cancelled
3560,2025-12-22,167,56,11,5,12946.5,30,-8818.5,Net Banking,Delivered
3561,2023-08-12,457,64,9,2,2095.5,25,-5684.5,Debit Card,Delivered
3562,2025-10-22,467,1,16,5,12138.75,25,-716.25,Net Banking,Delivered
3563,2023-10-02,40,28,2,3,18716.4,10,9932.4,Cash,Cancelled
3564,2024-11-27,417,59,12,1,3175.5,25,2639.5,UPI,Delivered
3565,2024-08-19,441,1,10,1,2265.9,30,-305.1,Credit Card,Delivered
3566,2024-12-28,482,5,13,2,6961.6,5,4445.6,Credit Card,Cancelled
3567,2024-10-07,469,54,4,3,2827.2,20,-4825.8,UPI,Delivered
3568,2023-10-17,442,2,18,2,858.2,30,-1505.8,UPI,Delivered
3569,2025-07-20,447,4,13,1,1491.75,25,-2235.25,Net Banking,Delivered
3570,2023-04-09,489,32,3,1,1710.4,20,-2666.6,Net Banking,Delivered
3571,2023-07-07,427,17,6,2,6188.8,20,3902.8,Credit Card,Delivered
3572,2025-04-09,119,24,18,2,9199.8,5,2239.8,Debit Card,Delivered
3573,2023-03-13,232,30,18,1,4876.45,15,495.45,UPI,Delivered
3574,2025-10-31,266,31,4,5,17136.0,30,11466.0,Cash,Delivered
3575,2025-08-03,145,61,19,4,12732.0,0,5764.0,Net Banking,Delivered
3576,2025-12-10,81,56,14,5,13871.25,25,-7893.75,UPI,Delivered
3577,2023-02-24,440,44,5,2,10807.2,5,5113.2,UPI,Cancelled
3578,2025-04-29,231,27,11,1,2128.5,10,-852.5,UPI,Cancelled
3579,2025-12-08,280,34,17,2,3479.0,30,661.0,UPI,Delivered
3580,2025-08-25,92,8,12,4,21679.2,10,2571.2,Cash,Delivered
3581,2023-09-03,294,46,8,3,2328.9,30,-9077.1,Cash,Delivered
3582,2024-03-13,65,62,7,5,17463.75,25,-3016.25,Cash,Delivered
3583,2024-12-09,379,37,20,5,19194.0,30,11089.0,Credit Card,Delivered
3584,2023-05-26,177,44,17,1,5119.2,10,2272.2,UPI,Cancelled
3585,2023-08-11,80,27,9,5,10642.5,10,-4262.5,Net Banking,Delivered
3586,2025-03-24,184,43,1,2,11052.3,5,1404.3,Net Banking,Delivered
3587,2023-02-24,407,12,17,3,9063.6,30,8004.6,Net Banking,Delivered
3588,2023-12-16,252,8,8,4,22883.6,5,3775.6,Credit Card,Delivered
3589,2025-11-01,347,52,19,5,3432.0,20,-16078.0,Credit Card,Delivered
3590,2024-07-17,211,9,18,2,1938.0,15,-4264.0,Debit Card,Delivered
3591,2023-07-08,357,8,18,4,24088.0,0,4980.0,Debit Card,Delivered
3592,2025-11-30,474,35,1,3,4984.65,5,1858.65,Net Banking,Delivered
3593,2025-01-21,211,62,4,1,3259.9,30,-836.1,UPI,Delivered
3594,2025-03-20,82,23,2,2,7002.3,15,2616.3,Cash,Delivered
3595,2023-07-16,286,22,17,1,1133.6,20,-2643.4,UPI,Returned
3596,2023-02-06,290,61,11,2,5411.1,15,1927.1,UPI,Delivered
3597,2024-02-21,456,5,14,1,2931.2,20,1673.2,Debit Card,Delivered
3598,2023-07-01,362,31,1,4,15667.2,20,11131.2,UPI,Delivered
3599,2025-07-22,276,26,5,2,9988.5,25,4506.5,UPI,Delivered
3600,2023-12-26,45,22,10,2,2834.0,0,-4720.0,Credit Card,Delivered
3601,2023-04-17,411,36,18,3,5848.2,10,-1039.8,Cash,Cancelled
3602,2025-06-12,379,33,11,5,16273.5,5,963.5,Net Banking,Delivered
3603,2025-09-20,52,44,6,4,17064.0,25,5676.0,Cash,Cancelled
3604,2024-03-07,358,48,18,2,4480.0,20,-880.0,Net Banking,Delivered
3605,2023-03-24,191,12,10,3,9711.0,25,8652.0,UPI,Delivered
3606,2023-01-11,93,56,1,3,8877.6,20,-4181.4,Net Banking,Delivered
3607,2024-09-03,180,49,7,2,6179.4,10,4859.4,Credit Card,Delivered
3608,2025-12-18,283,23,8,5,15446.25,25,4481.25,Credit Card,Delivered
3609,2024-04-23,276,42,9,1,4015.65,5,-931.35,Debit Card,Cancelled
3610,2023-07-29,461,45,15,1,1786.0,0,-1003.0,Debit Card,Delivered
3611,2023-04-08,263,33,5,1,2740.8,20,-321.2,Net Banking,Delivered
3612,2023-05-13,349,9,7,5,4560.0,20,-10945.0,Debit Card,Delivered
3613,2023-02-02,191,30,5,5,27250.75,5,5345.75,Cash,Delivered
3614,2023-12-06,334,20,9,5,21696.5,30,1851.5,Cash,Cancelled
3615,2025-05-11,354,38,4,5,27108.0,20,19848.0,Net Banking,Cancelled
3616,2024-08-30,7,50,10,4,3239.6,30,-14184.4,Net Banking,Returned
3617,2025-07-23,311,6,12,5,22099.0,30,-711.0,UPI,Cancelled
3618,2025-01-19,276,31,4,3,13953.6,5,10551.6,Net Banking,Delivered
3619,2023-10-28,264,25,11,5,18012.0,5,13792.0,Debit Card,Cancelled
3620,2023-02-13,481,45,5,1,1607.4,10,-1181.6,Net Banking,Delivered
3621,2024-02-03,293,1,2,5,12948.0,20,93.0,Credit Card,Delivered
3622,2024-04-01,312,29,4,1,1116.25,5,-460.75,Debit Card,Delivered
3623,2023-04-23,376,27,9,4,8041.0,15,-3883.0,Cash,Cancelled
3624,2025-08-26,96,38,16,1,5421.6,20,3969.6,Credit Card,Delivered
3625,2025-05-05,34,65,7,1,5440.85,15,2427.85,UPI,Returned
3626,2024-03-18,159,31,18,4,18604.8,5,14068.8,Debit Card,Cancelled
3627,2024-03-27,399,42,8,2,6763.2,20,-3130.8,Debit Card,Returned
3628,2024-05-14,163,19,19,5,25258.5,10,17223.5,Net Banking,Delivered
3629,2023-02-05,325,20,20,5,21696.5,30,1851.5,Debit Card,Delivered
3630,2023-08-30,129,9,16,3,2907.0,15,-6396.0,Credit Card,Returned
3631,2025-06-08,405,45,8,5,7144.0,20,-6801.0,Debit Card,Delivered
3632,2023-10-29,431,24,7,5,16947.0,30,-453.0,Cash,Cancelled
3633,2023-10-28,53,65,3,3,15362.4,20,6323.4,Cash,Returned
3634,2025-02-22,359,48,13,3,8400.0,0,360.0,Net Banking,Delivered
3635,2023-05-30,101,17,2,3,9863.4,15,6434.4,Credit Card,Delivered
3636,2025-05-22,259,4,7,5,8453.25,15,-10181.75,UPI,Returned
3637,2024-01-25,334,49,3,2,4806.2,30,3486.2,Net Banking,Delivered
3638,2023-09-04,381,5,3,5,16488.0,10,10198.0,Debit Card,Delivered
3639,2023-11-02,313,43,12,3,14833.35,15,361.35,Credit Card,Cancelled
3640,2025-11-08,362,56,13,3,7767.9,30,-5291.1,Debit Card,Returned
3641,2023-03-02,102,15,5,1,2704.1,30,-2192.9,Credit Card,Delivered
3642,2023-01-14,464,53,19,2,7140.0,0,5808.0,Net Banking,Delivered
3643,2025-03-08,127,58,2,5,28062.75,15,4362.75,UPI,Delivered
3644,2025-03-03,348,61,8,1,2228.1,30,486.1,Net Banking,Delivered
3645,2024-01-31,432,1,19,1,3237.0,0,666.0,Net Banking,Delivered
3646,2023-05-16,297,55,6,1,5588.0,0,4649.0,Cash,Cancelled
3647,2024-07-25,207,63,3,1,844.8,20,-590.2,UPI,Delivered
3648,2024-10-20,482,4,5,5,9945.0,0,-8690.0,UPI,Delivered
3649,2023-12-29,59,23,20,4,11533.2,30,2761.2,Net Banking,Delivered
3650,2025-04-22,486,50,11,5,4917.25,15,-16862.75,Credit Card,Delivered
3651,2024-07-27,42,16,6,3,8324.85,5,-2538.15,Debit Card,Delivered
3652,2025-06-25,11,42,4,4,14371.8,15,-5416.2,Net Banking,Delivered
3653,2023-04-30,171,17,14,4,14698.4,5,10126.4,Cash,Delivered
3654,2025-04-23,380,45,18,4,5000.8,30,-6155.2,Credit Card,Cancelled
3655,2023-02-09,460,27,12,2,4257.0,10,-1705.0,Net Banking,Delivered
3656,2025-08-29,136,47,4,4,12516.0,25,-3648.0,Cash,Delivered
3657,2023-05-17,297,18,11,2,5136.0,20,4396.0,Debit Card,Delivered
3658,2025-12-28,464,64,9,4,4470.4,20,-11089.6,Debit Card,Delivered
3659,2024-02-20,464,8,14,2,11441.8,5,1887.8,Cash,Delivered
3660,2024-10-05,39,9,8,1,1083.0,5,-2018.0,Debit Card,Returned
3661,2024-12-07,5,31,6,2,9302.4,5,7034.4,Cash,Delivered
3662,2023-06-12,147,50,13,4,3702.4,20,-13721.6,Cash,Delivered
3663,2023-12-03,308,11,3,2,5772.2,30,4680.2,UPI,Delivered
3664,2023-01-01,264,8,3,5,28604.5,5,4719.5,Cash,Delivered
3665,2025-05-14,234,12,11,2,6042.4,30,5336.4,Credit Card,Cancelled
3666,2025-08-15,432,11,14,3,11750.55,5,10112.55,Cash,Cancelled
3667,2025-02-09,212,3,2,5,30010.5,10,8640.5,UPI,Delivered
3668,2023-06-02,158,59,6,2,7197.8,15,6125.8,Net Banking,Delivered
3669,2023-04-11,22,15,15,3,10430.1,10,-4260.9,Credit Card,Cancelled
3670,2023-10-16,332,26,8,3,19977.0,0,11754.0,Cash,Delivered
3671,2023-07-13,264,30,13,5,28685.0,0,6780.0,Cash,Delivered
3672,2024-04-29,116,58,2,3,19809.0,0,5589.0,Cash,Delivered
3673,2023-07-28,25,27,8,3,4966.5,30,-3976.5,Cash,Delivered
3674,2023-10-18,278,38,8,5,33885.0,0,26625.0,Cash,Returned
3675,2025-11-17,307,59,4,4,12702.0,25,10558.0,Credit Card,Delivered
3676,2023-11-27,484,26,2,1,6659.0,0,3918.0,UPI,Delivered
3677,2024-01-09,45,42,18,5,16908.0,20,-7827.0,UPI,Returned
3678,2025-11-29,464,40,7,2,7830.0,10,-664.0,Cash,Delivered
3679,2024-11-27,257,22,2,5,5668.0,20,-13217.0,Cash,Returned
3680,2024-04-23,13,10,18,5,28169.0,15,10909.0,Cash,Delivered
3681,2023-08-24,333,49,18,5,16306.75,5,13006.75,Net Banking,Delivered
3682,2024-10-14,164,62,10,5,17463.75,25,-3016.25,Cash,Delivered
3683,2025-07-09,241,59,10,3,12066.9,5,10458.9,UPI,Delivered
3684,2025-05-27,448,1,5,5,12948.0,20,93.0,Cash,Returned
3685,2025-09-06,407,41,14,1,5757.9,15,939.9,UPI,Delivered
3686,2025-04-09,115,42,13,4,16062.6,5,-3725.4,Net Banking,Delivered
3687,2023-01-05,410,65,19,1,5760.9,10,2747.9,Cash,Cancelled
3688,2023-12-17,454,12,8,2,8632.0,0,7926.0,Credit Card,Delivered
3689,2023-11-23,317,35,6,3,4722.3,10,1596.3,UPI,Delivered
3690,2024-11-17,373,16,13,3,8763.0,0,-2100.0,Net Banking,Delivered
3691,2024-06-26,289,33,10,1,2569.5,25,-492.5,Cash,Cancelled
3692,2023-05-30,93,47,2,2,6258.0,25,-1824.0,Net Banking,Returned
3693,2023-10-12,492,24,18,2,9684.0,0,2724.0,Debit Card,Cancelled
3694,2023-03-22,317,17,8,4,13151.2,15,8579.2,Net Banking,Cancelled
3695,2024-07-03,491,24,1,5,16947.0,30,-453.0,Credit Card,Delivered
3696,2024-08-14,211,16,6,5,11684.0,20,-6421.0,Net Banking,Delivered
3697,2023-03-19,168,9,10,2,2166.0,5,-4036.0,Debit Card,Delivered
3698,2024-04-15,78,21,12,5,4766.25,25,-11053.75,Net Banking,Delivered
3699,2024-05-28,276,14,1,5,15247.5,25,-9332.5,Net Banking,Delivered
3700,2024-11-22,84,13,2,2,5605.2,10,3931.2,Net Banking,Cancelled
3701,2023-05-16,102,10,2,5,24855.0,25,7595.0,UPI,Delivered
3702,2025-11-05,95,62,15,3,11875.35,15,-412.65,Cash,Delivered
3703,2025-01-01,392,3,7,4,26676.0,0,9580.0,Credit Card,Delivered
3704,2025-07-05,68,27,18,5,10051.25,15,-4853.75,Cash,Delivered
3705,2024-01-18,8,59,19,2,6774.4,20,5702.4,UPI,Cancelled
3706,2025-02-18,106,11,1,4,14842.8,10,12658.8,UPI,Cancelled
3707,2025-08-02,120,50,10,1,867.75,25,-3488.25,Cash,Cancelled
3708,2025-02-26,473,58,7,5,28062.75,15,4362.75,Net Banking,Delivered
3709,2025-06-12,194,60,14,5,23556.0,20,-859.0,Net Banking,Delivered
3710,2023-09-23,345,58,17,2,9244.2,30,-235.8,Debit Card,Cancelled
3711,2025-10-08,360,61,8,5,15119.25,5,6409.25,UPI,Returned
3712,2025-12-09,200,61,20,5,14323.5,10,5613.5,UPI,Delivered
3713,2024-05-01,498,20,16,2,9298.5,25,1360.5,Debit Card,Delivered
3714,2025-01-08,376,24,14,3,14526.0,0,4086.0,Cash,Delivered
3715,2025-07-24,37,8,4,5,27099.0,10,3214.0,Net Banking,Delivered
3716,2023-09-13,178,25,3,1,2844.0,25,2000.0,Credit Card,Delivered
3717,2024-12-02,135,10,14,5,31483.0,5,14223.0,Debit Card,Delivered
3718,2025-12-08,389,60,17,3,16783.65,5,2134.65,Cash,Delivered
3719,2024-02-06,184,63,9,5,4488.0,15,-2687.0,Credit Card,Delivered
3720,2024-01-16,449,63,12,5,4752.0,10,-2423.0,Credit Card,Returned
3721,2025-12-26,379,46,12,2,1663.5,25,-5940.5,Net Banking,Delivered
3722,2024-03-31,214,14,4,4,11384.8,30,-8279.2,Credit Card,Cancelled
3723,2024-11-27,58,63,1,5,5280.0,0,-1895.0,Cash,Delivered
3724,2024-11-02,94,59,2,3,12702.0,0,11094.0,Credit Card,Cancelled
3725,2025-09-16,496,44,12,3,12798.0,25,4257.0,Credit Card,Delivered
3726,2023-12-18,485,28,15,4,26341.6,5,14629.6,Cash,Cancelled
3727,2024-03-31,127,55,10,2,7823.2,30,5945.2,Debit Card,Cancelled
3728,2025-01-27,478,19,8,5,19645.5,30,11610.5,UPI,Delivered
3729,2025-03-12,330,5,4,5,18320.0,0,12030.0,Debit Card,Delivered
3730,2025-09-29,23,57,18,1,3978.0,25,-12.0,Net Banking,Delivered
3731,2024-10-26,444,11,14,4,11544.4,30,9360.4,UPI,Cancelled
3732,2025-09-25,98,62,17,3,9779.7,30,-2508.3,Debit Card,Delivered
3733,2024-02-02,65,54,1,2,2356.0,0,-2746.0,Debit Card,Returned
3734,2025-11-15,153,55,12,5,27940.0,0,23245.0,Net Banking,Delivered
3735,2025-09-18,455,11,12,1,3504.55,15,2958.55,Credit Card,Delivered
3736,2024-11-14,469,53,15,2,5712.0,20,4380.0,Net Banking,Delivered
3737,2023-03-19,191,37,5,3,11516.4,30,6653.4,UPI,Delivered
3738,2024-09-21,129,17,7,2,6575.6,15,4289.6,UPI,Delivered
3739,2023-08-09,257,59,16,3,10796.7,15,9188.7,Debit Card,Delivered
3740,2024-03-19,119,61,10,2,6366.0,0,2882.0,Credit Card,Delivered
3741,2025-05-09,140,53,20,5,16957.5,5,13627.5,Cash,Returned
3742,2024-05-02,361,39,10,5,10005.0,0,5920.0,Cash,Delivered
3743,2023-02-02,361,59,3,3,12702.0,0,11094.0,Net Banking,Delivered
3744,2023-08-12,386,10,10,2,9942.0,25,3038.0,Debit Card,Delivered
3745,2024-12-25,444,22,2,1,991.9,30,-2785.1,Credit Card,Delivered
3746,2025-12-19,100,17,19,4,12377.6,20,7805.6,UPI,Returned
3747,2025-08-26,419,14,5,5,16264.0,20,-8316.0,Net Banking,Delivered
3748,2023-09-27,356,15,19,5,14486.25,25,-9998.75,Cash,Delivered
3749,2023-09-23,279,49,8,3,9269.1,10,7289.1,Credit Card,Cancelled
3750,2024-12-14,199,7,19,5,18592.0,20,8167.0,Cash,Delivered
3751,2025-05-26,306,2,6,2,1103.4,10,-1260.6,Cash,Delivered
3752,2025-11-03,13,34,15,3,5218.5,30,991.5,Cash,Delivered
3753,2024-07-26,163,10,8,5,28169.0,15,10909.0,Debit Card,Delivered
3754,2024-11-22,424,2,7,2,1042.1,15,-1321.9,Net Banking,Delivered
3755,2024-11-26,65,50,6,3,2776.8,20,-10291.2,Net Banking,Delivered
3756,2024-10-11,174,42,10,3,8876.7,30,-5964.3,Net Banking,Delivered
3757,2023-09-21,252,63,19,2,1689.6,20,-1180.4,Debit Card,Cancelled
3758,2025-05-26,367,34,9,1,2485.0,0,1076.0,Debit Card,Delivered
3759,2023-01-13,381,20,13,2,8678.6,30,740.6,UPI,Delivered
3760,2024-09-20,221,32,11,2,2993.2,30,-5760.8,Debit Card,Returned
3761,2024-04-20,498,41,18,2,10838.4,20,1202.4,UPI,Delivered
3762,2023-08-26,84,65,19,2,9601.5,25,3575.5,Debit Card,Delivered
3763,2023-01-12,500,42,18,1,4015.65,5,-931.35,Debit Card,Delivered
3764,2025-12-04,486,41,9,4,27096.0,0,7824.0,Credit Card,Returned
3765,2024-01-09,209,62,6,4,14902.4,20,-1481.6,UPI,Delivered
3766,2025-11-30,247,25,18,3,10238.4,10,7706.4,Net Banking,Cancelled
3767,2025-10-01,149,36,17,4,7364.4,15,-1819.6,Credit Card,Delivered
3768,2025-07-08,183,33,11,2,5824.2,15,-299.8,Cash,Returned
3769,2025-04-26,231,47,12,3,9387.0,25,-2736.0,Credit Card,Returned
3770,2025-01-20,444,16,6,1,2774.95,5,-846.05,Net Banking,Returned
3771,2024-08-12,212,5,2,2,6595.2,10,4079.2,Credit Card,Delivered
3772,2023-12-21,320,60,17,5,27972.75,5,3557.75,Net Banking,Delivered
3773,2023-05-09,219,66,11,2,8897.7,5,7117.7,Credit Card,Delivered
3774,2023-01-15,209,64,9,5,6635.75,5,-12814.25,Debit Card,Cancelled
3775,2025-02-11,276,50,3,1,1157.0,0,-3199.0,UPI,Delivered
3776,2025-04-30,446,36,19,5,10288.5,5,-1191.5,Debit Card,Delivered
3777,2025-08-06,353,35,10,2,3323.1,5,1239.1,Debit Card,Delivered
3778,2025-08-23,279,66,14,5,22244.25,5,17794.25,Cash,Cancelled
3779,2025-07-22,198,12,8,1,3237.0,25,2884.0,Credit Card,Delivered
3780,2025-08-08,397,3,14,3,17005.95,15,4183.95,Debit Card,Delivered
3781,2024-06-28,87,28,7,3,16636.8,20,7852.8,Cash,Delivered
3782,2023-03-08,490,48,14,4,10640.0,5,-80.0,Debit Card,Delivered
3783,2025-11-12,114,55,11,5,27940.0,0,23245.0,Cash,Delivered
3784,2023-07-29,173,31,13,5,23256.0,5,17586.0,Cash,Delivered
3785,2024-01-08,377,27,20,5,8277.5,30,-6627.5,Cash,Delivered
3786,2023-05-10,412,29,11,4,4465.0,5,-1843.0,Cash,Returned
3787,2025-06-26,213,9,1,2,2166.0,5,-4036.0,Credit Card,Cancelled
3788,2023-03-01,289,62,2,5,22120.75,5,1640.75,Debit Card,Delivered
3789,2024-03-14,378,56,17,2,7028.1,5,-1677.9,Cash,Delivered
3790,2025-05-24,51,29,5,1,881.25,25,-695.75,Debit Card,Returned
3791,2024-09-12,310,18,14,5,16050.0,0,14200.0,Credit Card,Cancelled
3792,2024-04-29,187,42,8,5,20078.25,5,-4656.75,Credit Card,Delivered
3793,2024-05-15,483,48,11,3,6300.0,25,-1740.0,Net Banking,Cancelled
3794,2024-09-22,490,34,8,2,4473.0,10,1655.0,Debit Card,Delivered
3795,2025-08-06,139,42,7,1,3592.95,15,-1354.05,Cash,Delivered
3796,2025-03-16,43,59,6,2,5927.6,30,4855.6,Debit Card,Delivered
3797,2024-11-12,153,15,20,1,3090.4,20,-1806.6,Debit Card,Delivered
3798,2025-10-17,17,43,10,5,20359.5,30,-3760.5,Net Banking,Returned
3799,2025-07-04,434,22,1,1,1346.15,5,-2430.85,Net Banking,Cancelled
3800,2024-01-18,23,30,10,4,22948.0,0,5424.0,Net Banking,Delivered
3801,2023-11-28,445,16,17,4,11684.0,0,-2800.0,UPI,Delivered
3802,2025-08-17,297,62,16,2,6985.5,25,-1206.5,Net Banking,Delivered
3803,2025-10-01,354,46,17,1,1053.55,5,-2748.45,Debit Card,Delivered
3804,2025-11-28,335,66,18,5,18732.0,20,14282.0,Credit Card,Delivered
3805,2023-07-21,430,25,8,2,7584.0,0,5896.0,Credit Card,Delivered
3806,2023-04-22,473,43,11,4,17451.0,25,-1845.0,Net Banking,Delivered
3807,2023-04-02,425,46,10,2,2218.0,0,-5386.0,Debit Card,Cancelled
3808,2025-08-11,69,41,8,4,21676.8,20,2404.8,Net Banking,Cancelled
3809,2025-06-16,414,34,16,5,8697.5,30,1652.5,Debit Card,Returned
3810,2025-02-01,435,56,20,2,5548.5,25,-3157.5,Net Banking,Delivered
3811,2025-12-31,18,5,17,2,6961.6,5,4445.6,Cash,Delivered
3812,2023-02-05,120,56,15,1,3514.05,5,-838.95,Debit Card,Delivered
3813,2023-06-17,392,46,13,2,1885.3,15,-5718.7,Net Banking,Cancelled
3814,2025-07-31,212,17,18,3,11604.0,0,8175.0,UPI,Delivered
3815,2023-07-11,24,23,17,2,7826.1,5,3440.1,UPI,Delivered
3816,2024-12-14,166,50,7,5,5495.75,5,-16284.25,UPI,Delivered
3817,2025-09-05,14,65,6,3,18242.85,5,9203.85,Debit Card,Returned
3818,2023-04-27,467,27,15,5,11233.75,5,-3671.25,Net Banking,Delivered
3819,2025-05-01,70,13,16,1,2491.2,20,1654.2,Cash,Delivered
3820,2025-10-20,296,48,5,2,4200.0,25,-1160.0,UPI,Cancelled
3821,2025-03-25,497,31,16,1,4651.2,5,3517.2,UPI,Returned
3822,2023-11-07,499,38,2,2,10165.5,25,7261.5,UPI,Delivered
3823,2025-07-31,255,59,13,2,8468.0,0,7396.0,Cash,Delivered
3824,2023-08-24,355,13,13,2,6228.0,0,4554.0,Net Banking,Returned
3825,2023-08-19,401,59,15,1,4234.0,0,3698.0,Cash,Delivered
3826,2024-01-06,111,57,7,1,5038.8,5,1048.8,UPI,Delivered
3827,2023-03-07,415,36,10,5,8122.5,25,-3357.5,Cash,Delivered
3828,2025-12-19,326,59,8,3,9526.5,25,7918.5,Cash,Delivered
3829,2024-03-14,362,18,4,2,5136.0,20,4396.0,UPI,Delivered
3830,2025-06-02,198,50,10,5,5495.75,5,-16284.25,Cash,Delivered
3831,2023-01-28,82,64,8,2,2235.2,20,-5544.8,Credit Card,Delivered
3832,2025-12-02,335,23,20,3,8649.9,30,2070.9,UPI,Delivered
3833,2023-07-25,284,10,9,3,18889.8,5,8533.8,UPI,Delivered
3834,2025-03-19,443,46,4,1,776.3,30,-3025.7,Net Banking,Delivered
3835,2023-01-18,282,56,3,3,7767.9,30,-5291.1,Net Banking,Returned
3836,2023-11-04,350,25,1,3,10807.2,5,8275.2,Net Banking,Delivered
3837,2023-02-05,426,52,4,4,3260.4,5,-12347.6,Net Banking,Delivered
3838,2025-02-18,121,1,1,3,8739.9,10,1026.9,UPI,Returned
3839,2024-03-15,98,66,3,1,3278.1,30,2388.1,Net Banking,Cancelled
3840,2025-10-13,491,21,1,3,3622.35,5,-5869.65,UPI,Delivered
3841,2023-08-31,122,36,19,2,3682.2,15,-909.8,Credit Card,Delivered
3842,2025-01-05,347,64,7,2,2374.9,15,-5405.1,Net Banking,Delivered
3843,2025-03-04,474,18,19,5,14445.0,10,12595.0,Debit Card,Delivered
3844,2023-02-25,114,41,11,2,9483.6,30,-152.4,Debit Card,Delivered
3845,2023-10-16,458,52,18,2,1716.0,0,-6088.0,Cash,Delivered
3846,2025-01-11,270,57,5,4,21216.0,0,5256.0,Net Banking,Delivered
3847,2025-10-10,450,37,9,4,20839.2,5,14355.2,Debit Card,Delivered
3848,2023-05-06,438,28,20,2,11091.2,20,5235.2,Cash,Returned
3849,2025-05-22,15,58,8,1,5612.55,15,872.55,Net Banking,Delivered
3850,2023-09-24,130,48,1,4,10640.0,5,-80.0,Credit Card,Delivered
3851,2023-08-08,99,23,20,5,15446.25,25,4481.25,Debit Card,Delivered
3852,2023-11-21,243,8,6,3,12646.2,30,-1684.8,UPI,Delivered
3853,2024-05-26,479,34,16,3,7455.0,0,3228.0,UPI,Delivered
3854,2025-01-13,251,60,15,1,4711.2,20,-171.8,Cash,Delivered
3855,2025-07-13,498,11,7,5,14430.5,30,11700.5,Debit Card,Delivered
3856,2023-05-13,253,23,18,3,9885.6,20,3306.6,Debit Card,Delivered
3857,2024-12-13,311,52,4,5,3217.5,25,-16292.5,Debit Card,Delivered
3858,2023-12-20,296,3,16,4,18673.2,30,1577.2,Credit Card,Delivered
3859,2023-08-06,154,29,18,4,3290.0,30,-3018.0,Credit Card,Delivered
3860,2023-01-06,449,30,5,4,19505.8,15,1981.8,UPI,Delivered
3861,2023-08-31,203,28,8,5,34660.0,0,20020.0,Net Banking,Delivered
3862,2023-02-24,106,7,3,1,4415.6,5,2330.6,Cash,Cancelled
3863,2025-07-09,95,66,10,2,9366.0,0,7586.0,Cash,Delivered
3864,2023-11-28,462,65,12,1,5440.85,15,2427.85,Cash,Cancelled
3865,2023-01-27,178,34,2,1,1988.0,20,579.0,Net Banking,Delivered
3866,2023-08-08,381,48,19,3,7140.0,15,-900.0,Credit Card,Cancelled
3867,2023-08-10,226,22,9,1,991.9,30,-2785.1,Debit Card,Returned
3868,2023-06-22,304,3,1,1,5668.65,15,1394.65,Credit Card,Cancelled
3869,2025-07-16,48,31,8,1,4161.6,15,3027.6,UPI,Delivered
3870,2024-04-14,260,25,2,1,3223.2,15,2379.2,Debit Card,Delivered
3871,2024-08-12,298,18,4,1,2247.0,30,1877.0,Debit Card,Cancelled
3872,2024-09-06,376,58,5,3,16837.65,15,2617.65,Credit Card,Delivered
3873,2024-02-07,143,34,8,2,4970.0,0,2152.0,UPI,Delivered
3874,2024-01-08,172,51,20,5,18411.0,15,4701.0,Debit Card,Cancelled
3875,2024-12-28,221,8,6,5,22582.5,25,-1302.5,Cash,Delivered
3876,2024-06-03,28,39,3,4,6403.2,20,3135.2,Cash,Delivered
3877,2023-01-12,246,1,17,2,6474.0,0,1332.0,Debit Card,Delivered
3878,2025-04-04,225,55,7,2,8940.8,20,7062.8,Credit Card,Delivered
3879,2025-06-14,51,46,3,3,2328.9,30,-9077.1,Cash,Delivered
3880,2024-12-24,46,39,19,2,4002.0,0,2368.0,Net Banking,Delivered
3881,2023-10-11,18,4,7,5,9447.75,5,-9187.25,Cash,Delivered
3882,2024-06-28,349,10,15,1,6628.0,0,3176.0,Cash,Delivered
3883,2024-09-28,281,15,16,4,15452.0,0,-4136.0,Debit Card,Returned
3884,2023-05-19,65,40,8,5,21750.0,0,515.0,UPI,Delivered
3885,2025-09-21,369,26,18,4,21308.8,20,10344.8,Cash,Delivered
3886,2023-02-10,139,62,14,3,13971.0,0,1683.0,Debit Card,Cancelled
3887,2023-05-20,104,57,8,2,8486.4,20,506.4,Net Banking,Returned
3888,2023-01-07,375,45,2,3,4286.4,20,-4080.6,Debit Card,Delivered
3889,2023-12-19,251,33,9,1,3083.4,10,21.4,UPI,Delivered
3890,2025-10-24,376,56,3,5,14796.0,20,-6969.0,UPI,Cancelled
3891,2025-10-14,133,27,18,3,5321.25,25,-3621.75,Cash,Cancelled
3892,2024-04-03,233,55,10,5,23749.0,15,19054.0,UPI,Delivered
3893,2025-06-18,22,14,19,4,13011.2,20,-6652.8,UPI,Delivered
3894,2024-08-22,131,51,5,4,13862.4,20,2894.4,UPI,Delivered
3895,2023-11-01,139,64,16,4,5588.0,0,-9972.0,Credit Card,Delivered
3896,2025-09-20,257,15,10,3,11589.0,0,-3102.0,Cash,Cancelled
3897,2024-04-22,357,66,17,3,13346.55,5,10676.55,Credit Card,Delivered
3898,2024-03-07,146,48,13,4,10640.0,5,-80.0,Net Banking,Returned
3899,2024-08-15,322,30,10,5,22948.0,20,1043.0,Net Banking,Cancelled
3900,2025-07-02,326,62,8,1,3725.6,20,-370.4,UPI,Delivered
3901,2025-06-01,20,15,6,3,11009.55,5,-3681.45,Credit Card,Delivered
3902,2023-04-15,332,44,15,2,9669.6,15,3975.6,Net Banking,Delivered
3903,2023-12-18,3,33,1,5,11991.0,30,-3319.0,UPI,Delivered
3904,2023-11-21,25,12,18,4,17264.0,0,15852.0,UPI,Returned
3905,2023-06-21,166,40,9,3,13050.0,0,309.0,Credit Card,Delivered
3906,2025-11-16,223,60,14,5,23556.0,20,-859.0,Net Banking,Cancelled
3907,2023-10-28,245,34,12,5,10561.25,15,3516.25,UPI,Delivered
3908,2025-10-28,243,18,1,4,12840.0,0,11360.0,Net Banking,Delivered
3909,2023-05-25,491,61,16,5,15915.0,0,7205.0,Net Banking,Delivered
3910,2025-12-31,365,52,12,3,2316.6,10,-9389.4,Credit Card,Delivered
3911,2024-12-30,109,62,5,1,3958.45,15,-137.55,Net Banking,Cancelled
3912,2025-06-20,461,41,16,2,10838.4,20,1202.4,Net Banking,Delivered
3913,2023-12-20,488,52,8,4,3432.0,0,-12176.0,UPI,Delivered
3914,2023-04-06,370,7,7,3,11155.2,20,4900.2,Cash,Delivered
3915,2023-07-11,115,60,3,3,15016.95,15,367.95,Credit Card,Delivered
3916,2023-06-24,189,21,19,4,4067.2,20,-8588.8,Debit Card,Cancelled
3917,2023-06-22,344,11,8,4,16492.0,0,14308.0,Credit Card,Cancelled
3918,2024-07-07,83,52,18,4,2574.0,25,-13034.0,Credit Card,Cancelled
3919,2025-10-30,17,29,1,4,3760.0,20,-2548.0,Credit Card,Delivered
3920,2025-09-04,318,64,7,4,4470.4,20,-11089.6,UPI,Delivered
3921,2024-12-27,56,33,3,1,2740.8,20,-321.2,Credit Card,Returned
3922,2023-07-01,368,44,5,1,5119.2,10,2272.2,Net Banking,Delivered
3923,2025-05-24,400,6,15,1,5682.6,10,1120.6,UPI,Delivered
3924,2024-05-23,414,60,14,5,22083.75,25,-2331.25,Credit Card,Delivered
3925,2024-04-04,38,29,4,3,2643.75,25,-2087.25,Debit Card,Returned
3926,2023-08-08,493,34,17,4,8946.0,10,3310.0,Cash,Cancelled
3927,2024-08-22,101,47,14,4,15853.6,5,-310.4,UPI,Cancelled
3928,2024-08-02,390,38,5,4,20331.0,25,14523.0,Net Banking,Delivered
3929,2024-05-24,269,7,3,4,14873.6,20,6533.6,Debit Card,Cancelled
3930,2024-06-28,337,19,17,4,22452.0,0,16024.0,Cash,Cancelled
3931,2023-05-13,135,33,11,3,9764.1,5,578.1,Cash,Delivered
3932,2024-11-23,109,20,16,2,9918.4,20,1980.4,UPI,Delivered
3933,2024-12-29,149,24,17,2,9199.8,5,2239.8,Net Banking,Delivered
3934,2023-09-14,408,65,9,4,23043.6,10,10991.6,UPI,Cancelled
3935,2024-03-30,217,41,18,5,23709.0,30,-381.0,Debit Card,Cancelled
3936,2025-10-24,485,60,5,4,18844.8,20,-687.2,Credit Card,Cancelled
3937,2023-10-09,315,16,5,1,2482.85,15,-1138.15,Debit Card,Delivered
3938,2025-12-15,67,58,1,4,25091.4,5,6131.4,Cash,Cancelled
3939,2025-05-20,132,49,15,5,17165.0,0,13865.0,UPI,Cancelled
3940,2024-09-06,378,44,8,1,5688.0,0,2841.0,UPI,Delivered
3941,2024-05-23,190,57,3,1,4243.2,20,253.2,Debit Card,Returned
3942,2023-12-01,28,1,7,5,12138.75,25,-716.25,Credit Card,Returned
3943,2024-04-21,156,24,18,4,19368.0,0,5448.0,Credit Card,Delivered
3944,2024-11-30,488,23,13,4,16476.0,0,7704.0,Credit Card,Delivered
3945,2024-10-19,339,19,18,1,5051.7,10,3444.7,Net Banking,Cancelled
3946,2024-11-11,331,16,7,1,2482.85,15,-1138.15,UPI,Delivered
3947,2024-09-10,400,36,15,3,5848.2,10,-1039.8,Cash,Delivered
3948,2023-07-19,374,58,2,3,19809.0,0,5589.0,Cash,Delivered
3949,2024-01-31,156,45,10,1,1250.2,30,-1538.8,Debit Card,Delivered
3950,2025-05-02,214,17,6,1,2707.6,30,1564.6,Cash,Delivered
3951,2025-09-18,477,24,17,4,13557.6,30,-362.4,UPI,Cancelled
3952,2024-06-13,72,46,18,2,1663.5,25,-5940.5,Net Banking,Cancelled
3953,2023-03-27,487,39,13,5,7003.5,30,2918.5,Net Banking,Cancelled
3954,2025-03-31,396,24,6,1,3389.4,30,-90.6,Cash,Cancelled
3955,2024-07-10,85,20,5,2,12398.0,0,4460.0,UPI,Delivered
3956,2025-11-24,119,46,20,3,2827.95,15,-8578.05,UPI,Delivered
3957,2024-01-14,41,25,18,3,9100.8,20,6568.8,Cash,Returned
3958,2025-05-14,46,41,9,4,24386.4,10,5114.4,Net Banking,Returned
3959,2024-05-24,152,42,5,5,16908.0,20,-7827.0,Net Banking,Delivered
3960,2025-06-20,360,47,12,5,16688.0,20,-3517.0,Debit Card,Cancelled
3961,2024-10-01,308,29,15,4,3760.0,20,-2548.0,UPI,Delivered
3962,2024-06-18,11,14,16,3,9758.4,20,-4989.6,Debit Card,Returned
3963,2023-09-12,337,49,15,1,3433.0,0,2773.0,Net Banking,Delivered
3964,2024-01-05,460,13,20,5,11677.5,25,7492.5,UPI,Returned
3965,2024-05-19,346,49,19,4,12358.8,10,9718.8,Cash,Returned
3966,2023-08-21,309,5,3,1,3297.6,10,2039.6,UPI,Delivered
3967,2023-05-07,185,62,3,1,3958.45,15,-137.55,Credit Card,Cancelled
3968,2025-03-19,69,56,5,5,12946.5,30,-8818.5,Credit Card,Delivered
3969,2025-04-21,31,53,11,3,10174.5,5,8176.5,Credit Card,Delivered
3970,2024-06-16,175,56,19,5,14796.0,20,-6969.0,Debit Card,Delivered
3971,2025-02-15,187,34,19,5,12425.0,0,5380.0,Cash,Delivered
3972,2024-09-08,356,58,6,1,6603.0,0,1863.0,Credit Card,Delivered
3973,2024-05-27,340,24,7,5,19368.0,20,1968.0,Credit Card,Delivered
3974,2025-02-07,459,2,5,3,1563.15,15,-1982.85,Debit Card,Returned
3975,2025-06-09,28,18,15,5,12840.0,20,10990.0,Cash,Delivered
3976,2024-10-31,54,29,14,4,4700.0,0,-1608.0,Cash,Delivered
3977,2024-09-28,493,11,1,2,8246.0,0,7154.0,Debit Card,Delivered
3978,2025-06-26,402,43,10,3,14833.35,15,361.35,Debit Card,Cancelled
3979,2025-07-11,323,5,15,1,2931.2,20,1673.2,Debit Card,Delivered
3980,2025-11-03,405,27,2,2,4493.5,5,-1468.5,Net Banking,Delivered
3981,2024-05-11,62,31,10,4,18604.8,5,14068.8,Debit Card,Delivered
3982,2023-09-25,289,47,4,4,14184.8,15,-1979.2,Credit Card,Delivered
3983,2024-08-15,6,46,19,3,2495.25,25,-8910.75,UPI,Delivered
3984,2024-11-15,438,22,7,4,4251.0,25,-10857.0,Net Banking,Cancelled
3985,2023-04-20,357,45,5,3,5090.1,5,-3276.9,UPI,Returned
3986,2024-01-18,486,41,7,4,25741.2,5,6469.2,UPI,Delivered
3987,2024-01-06,448,22,7,2,2550.6,10,-5003.4,Cash,Delivered
3988,2025-08-28,112,63,4,4,3168.0,25,-2572.0,Debit Card,Delivered
3989,2024-10-09,492,8,11,2,8430.8,30,-1123.2,Net Banking,Delivered
3990,2023-08-01,202,17,20,4,15472.0,0,10900.0,UPI,Delivered
3991,2023-07-24,83,22,14,3,3188.25,25,-8142.75,UPI,Delivered
3992,2024-05-29,365,44,12,5,19908.0,30,5673.0,Net Banking,Cancelled
3993,2023-01-13,439,49,13,4,13732.0,0,11092.0,Net Banking,Delivered
3994,2025-11-23,4,49,13,1,2918.05,15,2258.05,Cash,Delivered
3995,2023-09-19,340,37,18,4,17548.8,20,11064.8,Credit Card,Delivered
3996,2025-01-03,402,41,11,2,10838.4,20,1202.4,Cash,Delivered
3997,2023-10-04,92,42,19,3,10778.85,15,-4062.15,Cash,Delivered
3998,2025-05-20,288,40,4,2,6525.0,25,-1969.0,UPI,Delivered
3999,2023-04-20,397,42,9,1,4015.65,5,-931.35,Credit Card,Cancelled
4000,2025-09-07,425,30,13,3,16350.45,5,3207.45,Debit Card,Delivered
4001,2025-03-01,280,1,16,4,11653.2,10,1369.2,Net Banking,Delivered
4002,2024-12-18,155,13,5,4,9964.8,20,6616.8,Credit Card,Delivered
4003,2023-12-25,178,11,1,3,9895.2,20,8257.2,Debit Card,Delivered
4004,2024-04-21,481,54,12,1,883.5,25,-1667.5,Net Banking,Delivered
4005,2024-07-03,213,53,18,3,9639.0,10,7641.0,UPI,Delivered
4006,2024-09-17,247,21,1,4,4575.6,10,-8080.4,Debit Card,Delivered
4007,2023-10-26,13,47,4,4,15019.2,10,-1144.8,Credit Card,Delivered
4008,2024-02-01,79,17,13,1,3674.6,5,2531.6,Credit Card,Returned
4009,2025-10-03,405,63,1,4,3801.6,10,-1938.4,Net Banking,Returned
4010,2025-06-16,73,38,7,1,5760.45,15,4308.45,Cash,Delivered
4011,2024-08-24,2,15,8,2,5794.5,25,-3999.5,Credit Card,Delivered
4012,2024-01-28,4,64,12,2,2794.0,0,-4986.0,Net Banking,Cancelled
4013,2023-12-14,107,7,8,4,13944.0,25,5604.0,UPI,Delivered
4014,2023-01-26,294,29,10,3,2643.75,25,-2087.25,Net Banking,Delivered
4015,2025-03-03,169,28,7,1,5545.6,20,2617.6,Credit Card,Delivered
4016,2024-02-03,433,4,7,3,5370.3,10,-5810.7,UPI,Delivered
4017,2024-04-15,414,4,10,5,6961.5,30,-11673.5,Debit Card,Returned
4018,2023-10-24,308,8,1,5,24088.0,20,203.0,Debit Card,Cancelled
4019,2024-04-15,274,36,18,2,3898.8,10,-693.2,Debit Card,Delivered
4020,2023-08-01,231,7,8,1,3253.6,30,1168.6,Net Banking,Delivered
4021,2025-08-29,68,14,7,4,13824.4,15,-5839.6,Net Banking,Delivered
4022,2025-05-20,423,20,14,5,30995.0,0,11150.0,Debit Card,Delivered
4023,2024-06-04,396,25,3,3,10238.4,10,7706.4,Debit Card,Delivered
4024,2023-04-20,461,24,4,3,12347.1,15,1907.1,Net Banking,Delivered
4025,2023-05-16,488,17,13,5,17406.0,10,11691.0,Cash,Cancelled
4026,2025-07-11,47,37,8,5,26049.0,5,17944.0,Net Banking,Delivered
4027,2024-10-18,334,63,18,1,792.0,25,-643.0,Credit Card,Returned
4028,2023-10-29,455,43,9,5,29085.0,0,4965.0,Net Banking,Delivered
4029,2024-06-07,382,16,19,5,11684.0,20,-6421.0,Net Banking,Returned
4030,2025-05-21,446,27,2,4,6622.0,30,-5302.0,Net Banking,Cancelled
4031,2023-11-14,2,24,13,5,16947.0,30,-453.0,Net Banking,Delivered
4032,2025-09-12,32,66,20,3,12644.1,10,9974.1,Net Banking,Returned
4033,2025-09-08,224,43,7,2,8143.8,30,-1504.2,UPI,Delivered
4034,2023-10-09,342,1,8,4,9711.0,25,-573.0,Debit Card,Delivered
4035,2023-07-03,382,23,3,2,8238.0,0,3852.0,Net Banking,Cancelled
4036,2024-06-01,186,28,6,4,20796.0,25,9084.0,Credit Card,Delivered
4037,2024-04-08,449,55,1,2,10617.2,5,8739.2,Net Banking,Delivered
4038,2024-04-27,251,29,11,2,1880.0,20,-1274.0,Credit Card,Cancelled
4039,2023-08-19,6,60,2,1,5594.55,5,711.55,Net Banking,Delivered
4040,2023-11-18,29,59,12,1,3598.9,15,3062.9,Net Banking,Delivered
4041,2025-11-20,422,47,10,2,6675.2,20,-1406.8,UPI,Returned
4042,2024-03-10,250,66,15,5,18732.0,20,14282.0,Credit Card,Delivered
4043,2023-08-28,428,60,12,1,5889.0,0,1006.0,UPI,Delivered
4044,2023-01-05,71,58,18,2,12545.7,5,3065.7,UPI,Delivered
4045,2025-08-02,25,7,18,5,19754.0,15,9329.0,Cash,Delivered
4046,2023-03-03,458,23,13,1,4119.0,0,1926.0,Net Banking,Returned
4047,2025-09-11,329,31,16,5,18360.0,25,12690.0,Cash,Delivered
4048,2023-06-21,403,27,10,1,1892.0,20,-1089.0,Debit Card,Delivered
4049,2023-07-10,290,24,9,3,12347.1,15,1907.1,Debit Card,Delivered
4050,2024-08-15,374,35,2,2,2798.4,20,714.4,Debit Card,Returned
4051,2023-06-24,102,27,16,2,3547.5,25,-2414.5,Net Banking,Cancelled
4052,2025-09-15,402,44,14,1,3981.6,30,1134.6,Debit Card,Delivered
4053,2023-10-11,157,66,16,5,17561.25,25,13111.25,Credit Card,Delivered
4054,2024-10-09,183,19,16,3,14313.15,15,9492.15,UPI,Delivered
4055,2023-02-04,224,15,11,1,3669.85,5,-1227.15,Cash,Delivered
4056,2025-01-27,496,41,17,2,13548.0,0,3912.0,Debit Card,Delivered
4057,2025-06-15,495,58,1,5,28062.75,15,4362.75,UPI,Delivered
4058,2023-04-05,286,44,16,1,4266.0,25,1419.0,Cash,Delivered
4059,2024-07-04,197,64,13,4,4749.8,15,-10810.2,UPI,Delivered
4060,2025-03-15,271,19,16,1,4209.75,25,2602.75,Debit Card,Delivered
4061,2023-07-04,100,37,10,1,4113.0,25,2492.0,Credit Card,Delivered
4062,2025-07-04,152,39,19,1,1400.7,30,583.7,Net Banking,Delivered
4063,2024-07-04,171,41,20,1,5757.9,15,939.9,Net Banking,Delivered
4064,2023-01-31,404,10,12,1,5302.4,20,1850.4,Debit Card,Cancelled
4065,2025-05-09,59,41,8,2,11515.8,15,1879.8,Net Banking,Delivered
4066,2023-10-16,124,52,12,3,2059.2,20,-9646.8,Cash,Cancelled
4067,2025-04-09,123,43,6,5,23268.0,20,-852.0,Credit Card,Delivered
4068,2023-02-01,267,53,11,5,15172.5,15,11842.5,Net Banking,Delivered
4069,2025-12-01,208,47,11,5,17731.0,15,-2474.0,Net Banking,Delivered
4070,2025-09-20,295,38,19,4,21686.4,20,15878.4,Net Banking,Delivered
4071,2025-01-29,224,40,3,3,13050.0,0,309.0,Net Banking,Delivered
4072,2025-07-17,422,65,10,2,11521.8,10,5495.8,UPI,Cancelled
4073,2023-02-17,52,41,13,4,23031.6,15,3759.6,Net Banking,Delivered
4074,2023-06-28,50,66,5,2,9366.0,0,7586.0,Credit Card,Delivered
4075,2025-12-05,447,18,10,3,8185.5,15,7075.5,Net Banking,Cancelled
4076,2023-01-31,402,22,3,2,2408.9,15,-5145.1,Debit Card,Delivered
4077,2023-01-12,300,55,18,5,19558.0,30,14863.0,Net Banking,Delivered
4078,2025-08-02,476,35,9,2,3498.0,0,1414.0,Debit Card,Delivered
4079,2023-08-30,100,5,11,5,16488.0,10,10198.0,Cash,Delivered
4080,2023-07-04,309,17,14,4,13924.8,10,9352.8,Credit Card,Delivered
4081,2024-01-14,388,56,19,3,9432.45,15,-3626.55,UPI,Delivered
4082,2023-10-24,34,25,11,5,14220.0,25,10000.0,Debit Card,Delivered
4083,2025-04-04,374,46,1,5,4158.75,25,-14851.25,Credit Card,Delivered
4084,2023-11-30,235,18,12,3,9148.5,5,8038.5,Credit Card,Cancelled
4085,2025-11-15,267,38,17,4,24397.2,10,18589.2,Net Banking,Delivered
4086,2024-06-25,237,55,12,4,22352.0,0,18596.0,Debit Card,Delivered
4087,2024-12-10,68,17,2,2,7736.0,0,5450.0,Debit Card,Delivered
4088,2023-04-03,295,5,12,4,10259.2,30,5227.2,Debit Card,Delivered
4089,2023-01-06,360,35,3,5,8307.75,5,3097.75,Net Banking,Delivered
4090,2025-01-21,15,61,14,2,4456.2,30,972.2,Cash,Delivered
4091,2023-04-12,312,56,10,5,18495.0,0,-3270.0,UPI,Returned
4092,2024-12-01,304,49,15,4,13045.4,5,10405.4,Cash,Delivered
4093,2023-12-18,4,50,12,1,983.45,15,-3372.55,Credit Card,Delivered
4094,2025-08-20,79,2,18,3,1287.3,30,-2258.7,Credit Card,Cancelled
4095,2024-11-02,158,42,15,2,6763.2,20,-3130.8,Debit Card,Delivered
4096,2025-09-21,42,53,5,1,3570.0,0,2904.0,Net Banking,Returned
4097,2023-11-26,349,63,1,5,5016.0,5,-2159.0,Debit Card,Returned
4098,2023-07-04,79,8,2,4,22883.6,5,3775.6,Credit Card,Delivered
4099,2025-02-03,62,52,9,1,729.3,15,-3172.7,UPI,Delivered
4100,2024-12-20,212,34,14,1,2485.0,0,1076.0,Net Banking,Returned
4101,2023-08-26,185,54,17,1,1178.0,0,-1373.0,Net Banking,Delivered
4102,2023-12-31,390,65,15,1,5120.8,20,2107.8,Cash,Delivered
4103,2024-01-16,414,14,14,1,3659.4,10,-1256.6,Cash,Delivered
4104,2025-01-12,476,18,17,1,2407.5,25,2037.5,Credit Card,Delivered
4105,2023-10-06,285,25,6,1,2654.4,30,1810.4,Credit Card,Delivered
4106,2023-05-26,313,13,13,1,2646.9,15,1809.9,Cash,Cancelled
4107,2023-01-31,371,64,5,3,3143.25,25,-8526.75,UPI,Delivered
4108,2023-06-27,350,45,18,3,4018.5,25,-4348.5,Net Banking,Cancelled
4109,2024-11-01,61,52,6,3,2059.2,20,-9646.8,Debit Card,Delivered
4110,2025-12-04,35,7,16,2,6507.2,30,2337.2,Cash,Delivered
4111,2024-03-12,187,46,5,5,4436.0,20,-14574.0,Cash,Delivered
4112,2024-06-10,36,22,12,2,2267.2,20,-5286.8,Debit Card,Delivered
4113,2023-06-30,436,50,10,1,983.45,15,-3372.55,Net Banking,Returned
4114,2025-08-29,244,47,19,5,19817.0,5,-388.0,Credit Card,Delivered
4115,2024-03-12,357,38,7,5,33885.0,0,26625.0,UPI,Delivered
4116,2023-04-03,86,46,16,3,2994.3,10,-8411.7,Credit Card,Delivered
4117,2025-04-05,193,13,1,5,11677.5,25,7492.5,Credit Card,Returned
4118,2025-08-17,104,53,9,2,7140.0,0,5808.0,Debit Card,Delivered
4119,2024-06-08,336,39,3,3,5102.55,15,2651.55,Net Banking,Delivered
4120,2023-11-07,251,42,15,3,8876.7,30,-5964.3,Cash,Cancelled
4121,2024-07-13,340,19,13,1,4771.05,15,3164.05,Net Banking,Delivered
4122,2025-05-29,405,30,8,1,4302.75,25,-78.25,Cash,Delivered
4123,2024-03-24,177,42,16,5,16908.0,20,-7827.0,Debit Card,Delivered
4124,2024-02-04,424,30,13,5,22948.0,20,1043.0,Net Banking,Delivered
4125,2024-04-11,340,4,8,2,3580.2,10,-3873.8,Cash,Returned
4126,2023-10-10,466,2,13,3,1563.15,15,-1982.85,Net Banking,Delivered
4127,2023-04-19,9,31,12,3,13219.2,10,9817.2,Cash,Delivered
4128,2023-04-13,128,25,9,3,8532.0,25,6000.0,Cash,Delivered
4129,2024-11-18,214,26,18,4,21308.8,20,10344.8,Debit Card,Delivered
4130,2023-11-23,494,14,18,3,10368.3,15,-4379.7,Credit Card,Cancelled
4131,2023-01-20,348,27,8,2,3547.5,25,-2414.5,Net Banking,Delivered
4132,2024-10-26,234,49,3,5,15448.5,10,12148.5,UPI,Delivered
4133,2024-09-25,130,34,3,4,7455.0,25,1819.0,UPI,Returned
4134,2024-04-23,483,52,17,5,4290.0,0,-15220.0,UPI,Delivered
4135,2025-11-05,32,45,8,1,1518.1,15,-1270.9,Cash,Delivered
4136,2023-02-09,90,9,8,5,4275.0,25,-11230.0,Credit Card,Delivered
4137,2025-06-30,316,6,18,3,14206.5,25,520.5,Cash,Delivered
4138,2023-02-18,406,15,8,2,7339.7,5,-2454.3,Cash,Returned
4139,2024-04-23,83,30,20,5,25816.5,10,3911.5,Debit Card,Delivered
4140,2023-12-29,295,38,19,1,5082.75,25,3630.75,UPI,Delivered
4141,2025-06-15,380,15,14,2,7339.7,5,-2454.3,Debit Card,Cancelled
4142,2023-05-02,166,19,13,3,11787.3,30,6966.3,UPI,Delivered
4143,2023-04-14,294,34,16,4,6958.0,30,1322.0,UPI,Delivered
4144,2024-03-15,314,59,18,1,3810.6,10,3274.6,Credit Card,Delivered
4145,2025-06-20,270,16,14,5,13144.5,10,-4960.5,Net Banking,Delivered
4146,2024-08-01,256,15,6,1,3283.55,15,-1613.45,UPI,Delivered
4147,2025-06-26,309,30,19,1,4015.9,30,-365.1,Credit Card,Delivered
4148,2023-04-12,30,38,16,4,21686.4,20,15878.4,Debit Card,Returned
4149,2025-01-19,369,25,14,5,14220.0,25,10000.0,UPI,Delivered
4150,2023-01-20,329,15,11,1,3863.0,0,-1034.0,Cash,Delivered
4151,2024-09-14,42,43,5,5,27630.75,5,3510.75,UPI,Delivered
4152,2023-01-07,292,11,15,5,20615.0,0,17885.0,Debit Card,Delivered
4153,2024-03-15,221,29,7,2,2350.0,0,-804.0,Cash,Delivered
4154,2024-08-05,363,5,15,5,14656.0,20,8366.0,UPI,Delivered
4155,2023-07-12,260,13,12,5,14013.0,10,9828.0,Credit Card,Returned
4156,2023-12-23,48,9,14,3,2736.0,20,-6567.0,Net Banking,Delivered
4157,2024-05-13,415,54,20,3,2473.8,30,-5179.2,Debit Card,Returned
4158,2023-10-28,402,50,4,5,5206.5,10,-16573.5,UPI,Delivered
4159,2023-03-10,489,60,11,4,23556.0,0,4024.0,UPI,Delivered
4160,2023-01-27,100,27,10,4,7568.0,20,-4356.0,UPI,Delivered
4161,2023-05-01,113,50,10,5,4917.25,15,-16862.75,UPI,Cancelled
4162,2025-06-18,386,13,9,4,9342.0,25,5994.0,Cash,Delivered
4163,2024-05-09,372,21,14,1,889.7,30,-2274.3,Cash,Cancelled
4164,2023-09-14,285,15,20,3,8691.75,25,-5999.25,Credit Card,Returned
4165,2024-08-14,120,3,14,2,10670.4,20,2122.4,Debit Card,Cancelled
4166,2024-04-05,232,49,9,3,7209.3,30,5229.3,UPI,Delivered
4167,2025-07-27,256,5,6,4,12457.6,15,7425.6,Cash,Delivered
4168,2023-01-17,204,14,19,3,10978.2,10,-3769.8,Credit Card,Delivered
4169,2023-01-23,3,66,8,3,9834.3,30,7164.3,UPI,Delivered
4170,2024-10-03,67,17,12,2,6575.6,15,4289.6,Debit Card,Delivered
4171,2024-08-08,215,17,3,4,14698.4,5,10126.4,UPI,Delivered
4172,2024-01-12,369,18,8,5,14445.0,10,12595.0,Net Banking,Delivered
4173,2023-11-03,56,55,7,2,8382.0,25,6504.0,Credit Card,Delivered
4174,2023-07-15,470,17,9,3,10443.6,10,7014.6,UPI,Delivered
4175,2023-03-23,22,2,5,1,490.4,20,-691.6,Cash,Returned
4176,2024-05-15,101,25,9,1,3412.8,10,2568.8,UPI,Returned
4177,2025-04-27,300,64,15,5,5588.0,20,-13862.0,Net Banking,Delivered
4178,2023-11-07,294,58,14,2,13206.0,0,3726.0,UPI,Delivered
4179,2025-06-28,456,49,18,4,11672.2,15,9032.2,Credit Card,Delivered
4180,2024-07-30,154,56,20,5,18495.0,0,-3270.0,Debit Card,Delivered
4181,2025-07-12,378,50,20,3,2429.7,30,-10638.3,Debit Card,Cancelled
4182,2023-12-17,436,63,10,2,2112.0,0,-758.0,Net Banking,Returned
4183,2025-05-17,379,41,8,5,23709.0,30,-381.0,Debit Card,Delivered
4184,2024-04-17,427,36,10,4,8664.0,0,-520.0,Credit Card,Delivered
4185,2023-01-18,118,1,6,2,4531.8,30,-610.2,Credit Card,Delivered
4186,2025-12-02,324,58,9,3,17828.1,10,3608.1,Credit Card,Delivered
4187,2025-08-06,36,48,6,3,7140.0,15,-900.0,UPI,Returned
4188,2023-01-03,33,44,14,5,27018.0,5,12783.0,Cash,Delivered
4189,2024-12-06,321,9,16,1,798.0,30,-2303.0,Credit Card,Delivered
4190,2024-01-06,320,4,20,5,9945.0,0,-8690.0,Credit Card,Delivered
4191,2023-12-17,290,2,15,2,1226.0,0,-1138.0,UPI,Delivered
4192,2023-09-12,326,55,8,5,19558.0,30,14863.0,Net Banking,Cancelled
4193,2023-01-09,447,30,17,4,17211.0,25,-313.0,Debit Card,Cancelled
4194,2023-08-06,257,20,20,1,5269.15,15,1300.15,UPI,Cancelled
4195,2025-01-30,428,46,11,4,4214.2,5,-10993.8,Debit Card,Cancelled
4196,2024-10-02,491,28,12,5,34660.0,0,20020.0,Net Banking,Returned
4197,2025-08-21,86,17,8,4,11604.0,25,7032.0,Credit Card,Returned
4198,2025-11-24,237,56,12,1,3144.15,15,-1208.85,UPI,Returned
4199,2024-11-26,292,1,17,1,2265.9,30,-305.1,Credit Card,Delivered
4200,2024-03-18,388,7,17,5,16268.0,30,5843.0,UPI,Cancelled
4201,2023-11-13,316,58,19,4,21129.6,20,2169.6,Net Banking,Cancelled
4202,2025-11-08,113,4,12,4,7558.2,5,-7349.8,Debit Card,Delivered
4203,2023-04-20,122,24,4,3,10168.2,30,-271.8,UPI,Cancelled
4204,2025-09-03,454,42,20,2,8031.3,5,-1862.7,Credit Card,Delivered
4205,2024-03-13,432,22,3,1,1346.15,5,-2430.85,Net Banking,Delivered
4206,2024-04-13,384,23,10,5,19565.25,5,8600.25,Credit Card,Returned
4207,2024-05-31,102,61,10,2,6366.0,0,2882.0,UPI,Delivered
4208,2024-07-24,443,3,6,3,17005.95,15,4183.95,Credit Card,Returned
4209,2025-12-10,389,11,15,2,6184.5,25,5092.5,UPI,Delivered
4210,2024-02-06,497,55,10,4,20116.8,10,16360.8,UPI,Returned
4211,2023-01-27,490,61,17,2,4774.5,25,1290.5,Credit Card,Delivered
4212,2024-07-21,447,43,2,2,11634.0,0,1986.0,Credit Card,Delivered
4213,2025-06-17,458,8,8,2,11441.8,5,1887.8,Cash,Delivered
4214,2023-07-31,467,63,17,2,1584.0,25,-1286.0,Credit Card,Delivered
4215,2023-09-25,178,5,6,2,7328.0,0,4812.0,Net Banking,Delivered
4216,2023-04-07,277,21,16,4,4575.6,10,-8080.4,Cash,Delivered
4217,2023-01-06,187,49,3,4,13045.4,5,10405.4,UPI,Delivered
4218,2025-06-20,30,27,18,5,11233.75,5,-3671.25,Cash,Delivered
4219,2023-07-16,221,11,1,3,10513.65,15,8875.65,Net Banking,Cancelled
4220,2023-05-26,281,20,10,2,11778.1,5,3840.1,UPI,Returned
4221,2023-07-03,410,65,15,2,10241.6,20,4215.6,Cash,Returned
4222,2024-09-03,98,12,8,1,3668.6,15,3315.6,Cash,Cancelled
4223,2023-11-22,481,10,3,1,4639.6,30,1187.6,Net Banking,Returned
4224,2023-09-02,11,51,10,5,20577.0,5,6867.0,UPI,Delivered
4225,2024-07-19,129,20,15,2,8678.6,30,740.6,UPI,Cancelled
4226,2023-11-29,160,23,2,4,14004.6,15,5232.6,Credit Card,Cancelled
4227,2024-02-20,333,25,1,1,2654.4,30,1810.4,UPI,Delivered
4228,2025-10-23,148,40,6,4,17400.0,0,412.0,UPI,Delivered
4229,2025-01-24,325,32,8,4,6841.6,20,-10666.4,Cash,Delivered
4230,2023-03-25,57,51,14,4,12129.6,30,1161.6,Cash,Delivered
4231,2023-06-22,472,51,14,4,16461.6,5,5493.6,Net Banking,Cancelled
4232,2025-01-10,188,8,2,4,21679.2,10,2571.2,UPI,Delivered
4233,2024-06-05,392,23,11,5,18535.5,10,7570.5,Debit Card,Returned
4234,2025-06-02,224,17,7,1,3287.8,15,2144.8,Cash,Delivered
4235,2024-01-22,481,40,20,3,10440.0,20,-2301.0,Credit Card,Cancelled
4236,2023-01-18,13,36,17,4,7797.6,10,-1386.4,Debit Card,Returned
4237,2023-12-09,344,2,15,5,2605.25,15,-3304.75,Cash,Delivered
4238,2023-12-12,107,29,18,2,1645.0,30,-1509.0,Cash,Delivered
4239,2023-08-29,285,5,7,4,10259.2,30,5227.2,UPI,Delivered
4240,2024-03-19,307,65,10,2,11521.8,10,5495.8,Cash,Returned
4241,2024-12-04,268,63,3,2,1478.4,30,-1391.6,Net Banking,Returned
4242,2023-11-06,68,46,19,3,2994.3,10,-8411.7,UPI,Returned
4243,2025-11-17,88,38,6,5,23719.5,30,16459.5,UPI,Cancelled
4244,2023-07-20,194,11,20,4,13193.6,20,11009.6,Net Banking,Delivered
4245,2024-05-06,472,41,8,2,10161.0,25,525.0,Debit Card,Returned
4246,2025-02-17,387,19,20,1,4209.75,25,2602.75,Debit Card,Delivered
4247,2024-11-24,153,16,14,2,4673.6,20,-2568.4,Credit Card,Delivered
4248,2024-01-18,376,48,10,3,7140.0,15,-900.0,Debit Card,Returned
4249,2025-12-24,138,53,17,1,3213.0,10,2547.0,Credit Card,Delivered
4250,2024-02-19,187,7,12,2,8366.4,10,4196.4,UPI,Returned
4251,2023-06-11,312,60,8,2,11778.0,0,2012.0,Debit Card,Returned
4252,2025-04-10,349,35,12,5,7433.25,15,2223.25,UPI,Delivered
4253,2025-08-14,67,19,14,3,15155.1,10,10334.1,Cash,Returned
4254,2024-07-04,485,30,17,5,21513.75,25,-391.25,Cash,Delivered
4255,2024-07-03,111,27,9,4,8041.0,15,-3883.0,Debit Card,Delivered
4256,2025-06-13,7,66,9,3,13346.55,5,10676.55,Debit Card,Cancelled
4257,2024-07-08,17,50,17,4,3239.6,30,-14184.4,Cash,Delivered
4258,2025-10-26,331,40,18,5,15225.0,30,-6010.0,Cash,Delivered
4259,2024-07-28,233,20,1,4,23556.2,5,7680.2,Credit Card,Delivered
4260,2024-08-07,2,10,13,2,11930.4,10,5026.4,Debit Card,Delivered
4261,2023-01-17,363,64,11,5,5238.75,25,-14211.25,Net Banking,Delivered
4262,2025-11-06,364,4,18,5,8950.5,10,-9684.5,UPI,Delivered
4263,2025-03-28,476,59,17,2,5927.6,30,4855.6,Net Banking,Delivered
4264,2025-01-30,105,52,17,3,1801.8,30,-9904.2,Net Banking,Delivered
4265,2025-07-03,86,59,20,4,15242.4,10,13098.4,Credit Card,Delivered
4266,2025-07-17,90,53,18,2,7140.0,0,5808.0,Debit Card,Delivered
4267,2023-09-01,286,57,12,2,9547.2,10,1567.2,Debit Card,Delivered
4268,2024-08-08,95,52,5,4,3432.0,0,-12176.0,UPI,Returned
4269,2024-02-05,257,55,20,3,12573.0,25,9756.0,Credit Card,Delivered
4270,2023-08-27,14,15,5,4,10816.4,30,-8771.6,Debit Card,Delivered
4271,2023-04-25,29,56,17,3,10542.15,5,-2516.85,Cash,Cancelled
4272,2025-07-26,329,39,19,4,7603.8,5,4335.8,Credit Card,Delivered
4273,2025-12-29,458,58,18,1,6603.0,0,1863.0,UPI,Delivered
4274,2024-12-30,7,19,19,5,19645.5,30,11610.5,Credit Card,Delivered
4275,2025-01-24,481,56,17,1,3699.0,0,-654.0,Net Banking,Delivered
4276,2024-07-29,283,46,12,1,887.2,20,-2914.8,Debit Card,Delivered
4277,2024-07-26,53,54,14,2,2120.4,10,-2981.6,Credit Card,Delivered
4278,2025-08-01,71,23,2,5,14416.5,30,3451.5,Debit Card,Delivered
4279,2023-08-19,26,3,18,4,26676.0,0,9580.0,Cash,Delivered
4280,2023-02-21,31,2,3,2,858.2,30,-1505.8,Net Banking,Delivered
4281,2023-10-30,337,46,11,3,2495.25,25,-8910.75,Credit Card,Delivered
4282,2023-09-28,77,49,16,4,11672.2,15,9032.2,Net Banking,Delivered
4283,2024-10-25,25,35,1,4,5247.0,25,1079.0,Cash,Delivered
4284,2023-01-07,260,28,8,2,11784.4,15,5928.4,UPI,Delivered
4285,2023-04-06,399,58,10,1,4952.25,25,212.25,Debit Card,Delivered
4286,2023-05-09,155,50,16,4,3702.4,20,-13721.6,UPI,Delivered
4287,2025-11-29,172,48,13,3,6300.0,25,-1740.0,UPI,Delivered
4288,2025-09-17,275,5,15,1,3480.8,5,2222.8,Credit Card,Returned
4289,2024-09-25,474,15,8,2,7726.0,0,-2068.0,Credit Card,Delivered
4290,2024-02-04,196,13,2,4,9342.0,25,5994.0,UPI,Delivered
4291,2024-09-08,27,29,19,1,940.0,20,-637.0,Credit Card,Cancelled
4292,2024-03-21,444,42,18,1,2958.9,30,-1988.1,Cash,Cancelled
4293,2023-12-03,47,28,20,1,5892.2,15,2964.2,UPI,Delivered
4294,2025-02-13,271,29,7,1,1116.25,5,-460.75,Net Banking,Delivered
4295,2023-11-12,204,60,13,3,13250.25,25,-1398.75,Net Banking,Delivered
4296,2023-02-24,328,27,16,2,3547.5,25,-2414.5,Net Banking,Returned
4297,2025-09-19,94,17,12,2,6188.8,20,3902.8,Credit Card,Delivered
4298,2025-02-03,24,42,8,2,6340.5,25,-3553.5,Net Banking,Delivered
4299,2023-10-31,203,25,1,2,7204.8,5,5516.8,Credit Card,Delivered
4300,2024-01-25,236,53,11,4,13566.0,5,10902.0,Net Banking,Cancelled
4301,2023-01-03,17,13,6,5,14791.5,5,10606.5,Debit Card,Delivered
4302,2024-03-30,170,36,13,4,6498.0,25,-2686.0,Debit Card,Delivered
4303,2025-05-16,480,60,7,2,11189.1,5,1423.1,Cash,Delivered
4304,2023-03-13,195,29,7,5,5287.5,10,-2597.5,Cash,Delivered
4305,2025-07-29,216,62,16,1,4657.0,0,561.0,UPI,Cancelled
4306,2025-10-16,417,55,7,2,9499.6,15,7621.6,UPI,Cancelled
4307,2024-02-14,79,64,15,2,1955.8,30,-5824.2,Cash,Delivered
4308,2025-10-03,497,25,3,1,3792.0,0,2948.0,UPI,Delivered
4309,2024-12-26,341,12,8,4,17264.0,0,15852.0,Net Banking,Delivered
4310,2024-01-10,470,4,14,5,7458.75,25,-11176.25,UPI,Delivered
4311,2024-06-20,232,44,4,4,17064.0,25,5676.0,Net Banking,Delivered
4312,2024-02-15,248,38,10,4,23041.8,15,17233.8,Debit Card,Delivered
4313,2023-10-25,77,4,19,3,5668.65,5,-5512.35,Credit Card,Delivered
4314,2023-11-27,281,19,4,2,10664.7,5,7450.7,Net Banking,Delivered
4315,2024-08-21,279,41,17,1,4741.8,30,-76.2,Debit Card,Delivered
4316,2023-11-12,184,59,16,3,10161.6,20,8553.6,Credit Card,Delivered
4317,2023-04-28,364,58,17,3,16837.65,15,2617.65,Cash,Delivered
4318,2024-03-08,413,56,18,5,16645.5,10,-5119.5,Debit Card,Returned
4319,2024-05-11,390,8,5,1,5118.7,15,341.7,Cash,Delivered
4320,2023-08-23,201,34,15,1,1739.5,30,330.5,Net Banking,Delivered
4321,2025-10-04,397,4,7,3,5071.95,15,-6109.05,Debit Card,Delivered
4322,2025-09-21,294,34,10,2,4970.0,0,2152.0,Debit Card,Delivered
4323,2023-09-07,119,43,14,5,26176.5,10,2056.5,Net Banking,Delivered
4324,2023-05-27,143,3,2,2,13338.0,0,4790.0,Credit Card,Delivered
4325,2023-04-28,382,30,10,2,9752.9,15,990.9,Net Banking,Delivered
4326,2025-08-27,251,27,4,4,8987.0,5,-2937.0,Debit Card,Delivered
4327,2024-07-20,17,56,9,1,3329.1,10,-1023.9,Cash,Delivered
4328,2024-05-29,266,25,18,3,10238.4,10,7706.4,Net Banking,Delivered
4329,2023-05-18,499,2,14,2,919.5,25,-1444.5,Debit Card,Delivered
4330,2024-07-02,87,5,3,4,10992.0,25,5960.0,UPI,Delivered
4331,2024-12-01,481,25,8,5,13272.0,30,9052.0,Debit Card,Delivered
4332,2023-07-07,242,19,16,3,16839.0,0,12018.0,Net Banking,Returned
4333,2024-03-09,420,12,14,4,13811.2,20,12399.2,Net Banking,Delivered
4334,2025-10-14,100,3,8,4,21340.8,20,4244.8,Debit Card,Delivered
4335,2023-01-02,31,21,6,1,1080.35,15,-2083.65,Credit Card,Delivered
4336,2025-06-09,66,38,15,3,19314.45,5,14958.45,Credit Card,Returned
4337,2025-10-13,468,33,5,1,3426.0,0,364.0,UPI,Delivered
4338,2024-09-21,315,36,5,1,2057.7,5,-238.3,UPI,Delivered
4339,2025-05-30,432,61,17,5,15119.25,5,6409.25,Net Banking,Delivered
4340,2025-07-18,256,12,15,4,13811.2,20,12399.2,Cash,Delivered
4341,2025-08-29,350,52,13,5,3432.0,20,-16078.0,Credit Card,Delivered
4342,2025-10-01,107,65,8,2,10881.7,15,4855.7,Cash,Delivered
4343,2024-01-15,307,29,1,1,822.5,30,-754.5,Credit Card,Delivered
4344,2023-02-27,392,65,14,4,19203.0,25,7151.0,Cash,Delivered
4345,2025-12-31,77,30,18,5,22948.0,20,1043.0,Net Banking,Delivered
4346,2024-12-22,381,60,4,5,25028.25,15,613.25,Credit Card,Returned
4347,2024-09-24,426,13,4,2,4671.0,25,2997.0,Credit Card,Delivered
4348,2025-02-21,160,50,7,5,5785.0,0,-15995.0,Debit Card,Delivered
4349,2025-11-15,224,16,2,2,5842.0,0,-1400.0,Net Banking,Returned
4350,2024-04-22,207,2,8,3,1747.05,5,-1798.95,UPI,Delivered
4351,2023-09-05,203,56,8,1,3514.05,5,-838.95,Net Banking,Delivered
4352,2023-02-18,152,53,2,3,7497.0,30,5499.0,Debit Card,Delivered
4353,2024-08-02,83,63,7,4,3801.6,10,-1938.4,Net Banking,Returned
4354,2024-08-04,129,6,1,4,17679.2,30,-568.8,Cash,Delivered
4355,2023-10-15,167,8,17,1,6022.0,0,1245.0,Cash,Cancelled
4356,2024-09-19,476,15,19,4,13134.2,15,-6453.8,Debit Card,Cancelled
4357,2025-04-01,377,9,12,4,3876.0,15,-8528.0,Debit Card,Cancelled
4358,2025-07-10,424,55,3,4,17881.6,20,14125.6,Debit Card,Delivered
4359,2024-02-17,349,21,4,4,3558.8,30,-9097.2,Cash,Delivered
4360,2023-03-11,450,30,10,4,17211.0,25,-313.0,Debit Card,Delivered
4361,2025-04-12,264,7,2,1,4648.0,0,2563.0,Credit Card,Delivered
4362,2024-03-27,181,7,2,3,10458.0,25,4203.0,Cash,Delivered
4363,2025-03-01,308,36,8,1,1732.8,20,-563.2,Debit Card,Cancelled
4364,2024-01-17,158,44,3,4,18201.6,20,6813.6,Cash,Delivered
4365,2025-01-03,380,37,17,1,5484.0,0,3863.0,Credit Card,Cancelled
4366,2024-10-19,169,3,8,4,25342.2,5,8246.2,Credit Card,Delivered
4367,2025-08-12,253,10,11,3,15907.2,20,5551.2,UPI,Delivered
4368,2023-08-14,213,4,10,3,5370.3,10,-5810.7,Credit Card,Cancelled
4369,2025-04-26,252,34,14,2,4224.5,15,1406.5,Credit Card,Delivered
4370,2023-06-10,341,57,6,3,15116.4,5,3146.4,Debit Card,Cancelled
4371,2024-11-17,346,3,2,3,16005.6,20,3183.6,Net Banking,Delivered
4372,2025-04-27,436,20,10,3,16737.3,10,4830.3,Cash,Delivered
4373,2024-06-20,453,38,2,3,18297.9,10,13941.9,Debit Card,Returned
4374,2024-06-11,457,31,14,2,8812.8,10,6544.8,UPI,Delivered
4375,2025-03-21,166,10,15,5,33140.0,0,15880.0,Net Banking,Cancelled
4376,2024-05-11,116,18,14,5,15247.5,5,13397.5,Debit Card,Delivered
4377,2024-08-06,178,54,7,5,5006.5,15,-7748.5,Credit Card,Cancelled
4378,2024-06-24,316,22,17,3,3613.35,15,-7717.65,UPI,Cancelled
4379,2023-10-27,457,29,8,5,5581.25,5,-2303.75,Credit Card,Delivered
4380,2025-10-22,382,43,17,5,26176.5,10,2056.5,Cash,Delivered
4381,2025-09-03,225,44,17,5,21330.0,25,7095.0,Credit Card,Cancelled
4382,2025-12-05,125,32,14,5,8017.5,25,-13867.5,Net Banking,Delivered
4383,2023-11-19,186,48,3,1,2660.0,5,-20.0,UPI,Delivered
4384,2023-09-22,357,31,15,5,20808.0,15,15138.0,UPI,Returned
4385,2025-09-07,387,65,19,2,12802.0,0,6776.0,UPI,Delivered
4386,2025-11-28,387,15,2,3,10430.1,10,-4260.9,Debit Card,Delivered
4387,2025-04-25,378,37,7,3,12339.0,25,7476.0,Debit Card,Delivered
4388,2023-09-28,355,28,13,4,19409.6,30,7697.6,Credit Card,Delivered
4389,2023-03-29,437,5,5,2,7328.0,0,4812.0,Debit Card,Delivered
4390,2024-09-15,394,29,6,5,4993.75,15,-2891.25,Cash,Delivered
4391,2024-04-02,297,46,9,2,1663.5,25,-5940.5,Net Banking,Delivered
4392,2024-12-29,183,58,11,1,6272.85,5,1532.85,UPI,Delivered
4393,2025-08-03,115,56,10,1,3514.05,5,-838.95,Debit Card,Delivered
4394,2025-03-13,274,56,3,3,8877.6,20,-4181.4,Credit Card,Delivered
4395,2025-08-23,266,61,4,5,14323.5,10,5613.5,UPI,Cancelled
4396,2023-06-11,474,20,17,4,17357.2,30,1481.2,Net Banking,Cancelled
4397,2024-06-18,267,2,1,2,1226.0,0,-1138.0,Debit Card,Cancelled
4398,2024-06-15,410,2,6,3,1747.05,5,-1798.95,Debit Card,Delivered
4399,2023-06-23,164,20,19,4,23556.2,5,7680.2,UPI,Delivered
4400,2025-01-29,18,36,18,5,8664.0,20,-2816.0,UPI,Delivered
4401,2024-01-26,59,16,16,3,8324.85,5,-2538.15,Cash,Delivered
4402,2024-05-24,477,20,1,2,12398.0,0,4460.0,Credit Card,Delivered
4403,2024-01-11,430,24,14,4,17431.2,10,3511.2,Debit Card,Delivered
4404,2023-08-09,143,3,5,2,10003.5,25,1455.5,UPI,Delivered
4405,2025-07-12,317,34,9,2,3727.5,25,909.5,Net Banking,Delivered
4406,2025-03-22,271,17,11,5,14505.0,25,8790.0,Net Banking,Delivered
4407,2024-10-04,124,57,17,1,4243.2,20,253.2,Credit Card,Cancelled
4408,2023-04-13,404,10,14,3,16901.4,15,6545.4,Credit Card,Returned
4409,2025-09-24,222,37,12,1,4113.0,25,2492.0,Cash,Delivered
4410,2024-06-23,82,40,19,1,3697.5,15,-549.5,Credit Card,Delivered
4411,2024-10-14,77,11,9,3,11750.55,5,10112.55,UPI,Delivered
4412,2025-01-20,251,58,4,2,10564.8,20,1084.8,UPI,Delivered
4413,2024-07-28,432,58,13,2,9244.2,30,-235.8,Cash,Delivered
4414,2025-07-07,324,10,10,3,18889.8,5,8533.8,Debit Card,Returned
4415,2024-02-16,125,9,6,2,2166.0,5,-4036.0,Credit Card,Cancelled
4416,2024-04-23,128,35,7,2,2798.4,20,714.4,UPI,Delivered
4417,2024-11-07,436,57,11,1,5038.8,5,1048.8,Cash,Cancelled
4418,2024-02-23,272,53,5,1,3391.5,5,2725.5,UPI,Delivered
4419,2024-02-09,271,43,9,1,5526.15,5,702.15,Debit Card,Delivered
4420,2023-05-19,300,18,5,4,10914.0,15,9434.0,UPI,Returned
4421,2025-07-23,26,32,3,4,5986.4,30,-11521.6,Debit Card,Delivered
4422,2025-05-24,455,51,14,4,12129.6,30,1161.6,Credit Card,Delivered
4423,2024-12-12,391,7,7,5,18592.0,20,8167.0,Debit Card,Delivered
4424,2024-07-23,222,30,10,1,5450.15,5,1069.15,Debit Card,Delivered
4425,2023-12-21,358,51,1,1,4332.0,0,1590.0,Credit Card,Returned
4426,2024-06-13,472,30,11,5,22948.0,20,1043.0,Cash,Delivered
4427,2024-03-19,9,44,14,2,11376.0,0,5682.0,Debit Card,Returned
4428,2023-09-18,185,41,7,2,13548.0,0,3912.0,Net Banking,Delivered
4429,2023-02-03,252,65,8,4,25604.0,0,13552.0,UPI,Delivered
4430,2023-09-29,244,23,11,2,7826.1,5,3440.1,Debit Card,Delivered
4431,2025-06-18,121,10,6,3,19884.0,0,9528.0,Cash,Delivered
4432,2023-07-28,454,24,2,5,20578.5,15,3178.5,Cash,Returned
4433,2024-06-17,200,36,4,4,7797.6,10,-1386.4,Cash,Delivered
4434,2024-01-10,117,21,4,5,4448.5,30,-11371.5,Debit Card,Delivered
4435,2024-04-10,363,55,9,4,20116.8,10,16360.8,Net Banking,Delivered
4436,2025-08-18,469,32,7,2,2993.2,30,-5760.8,Credit Card,Delivered
4437,2023-05-12,12,32,8,5,7483.0,30,-14402.0,Credit Card,Delivered
4438,2023-03-24,465,2,7,3,1471.2,20,-2074.8,Net Banking,Returned
4439,2025-03-18,303,14,19,3,10368.3,15,-4379.7,Net Banking,Delivered
4440,2023-10-29,125,26,10,3,15981.6,20,7758.6,Credit Card,Delivered
4441,2024-01-20,285,27,6,2,3547.5,25,-2414.5,Cash,Cancelled
4442,2024-01-17,363,10,14,1,4639.6,30,1187.6,UPI,Delivered
4443,2023-04-07,201,37,13,1,5484.0,0,3863.0,UPI,Cancelled
4444,2023-03-27,57,7,9,4,14873.6,20,6533.6,Credit Card,Returned
4445,2025-05-01,26,33,3,3,7708.5,25,-1477.5,Net Banking,Delivered
4446,2023-04-12,49,47,12,1,3546.2,15,-494.8,Cash,Delivered
4447,2024-04-06,104,28,16,1,4852.4,30,1924.4,Net Banking,Delivered
4448,2024-05-30,303,1,5,3,9711.0,0,1998.0,Debit Card,Delivered
4449,2023-08-13,27,14,14,5,18297.0,10,-6283.0,Cash,Delivered
4450,2023-10-19,266,54,10,2,2238.2,5,-2863.8,Cash,Delivered
4451,2024-03-27,292,2,7,3,1747.05,5,-1798.95,Net Banking,Delivered
4452,2023-02-13,13,28,1,2,13170.8,5,7314.8,Debit Card,Delivered
4453,2023-08-20,238,50,11,2,2198.3,5,-6513.7,Cash,Delivered
4454,2024-10-18,106,9,16,4,3420.0,25,-8984.0,Debit Card,Cancelled
4455,2024-01-29,33,7,10,4,13014.4,30,4674.4,Credit Card,Returned
4456,2024-02-05,201,47,17,1,3129.0,25,-912.0,Credit Card,Delivered
4457,2025-06-25,225,14,10,3,10978.2,10,-3769.8,UPI,Delivered
4458,2025-11-28,201,45,16,5,6251.0,30,-7694.0,Cash,Cancelled
4459,2024-11-08,304,51,20,5,17328.0,20,3618.0,UPI,Delivered
4460,2023-12-07,486,14,10,4,16264.0,0,-3400.0,UPI,Delivered
4461,2025-02-12,195,48,11,5,10500.0,25,-2900.0,Net Banking,Returned
4462,2024-10-03,461,26,7,3,19977.0,0,11754.0,Credit Card,Returned
4463,2024-06-11,113,15,20,4,13134.2,15,-6453.8,Net Banking,Returned
4464,2025-05-24,480,32,15,2,3634.6,15,-5119.4,Credit Card,Delivered
4465,2024-10-10,286,25,10,5,14220.0,25,10000.0,Cash,Delivered
4466,2025-07-15,422,25,14,3,10807.2,5,8275.2,Cash,Delivered
4467,2023-12-16,466,47,10,3,8761.2,30,-3361.8,Credit Card,Delivered
4468,2023-02-05,19,26,11,5,31630.25,5,17925.25,Cash,Delivered
4469,2023-06-21,44,40,9,4,15660.0,10,-1328.0,Credit Card,Cancelled
4470,2025-01-25,386,41,10,2,13548.0,0,3912.0,Net Banking,Returned
4471,2024-08-08,423,17,13,2,7349.2,5,5063.2,UPI,Delivered
4472,2025-04-20,413,2,17,3,1287.3,30,-2258.7,Credit Card,Delivered
4473,2024-10-12,122,31,1,2,7833.6,20,5565.6,Debit Card,Returned
4474,2024-04-21,62,31,7,5,20808.0,15,15138.0,Cash,Delivered
4475,2023-11-12,91,55,1,4,16764.0,25,13008.0,Cash,Delivered
4476,2024-08-30,98,1,15,5,12138.75,25,-716.25,Credit Card,Delivered
4477,2023-06-05,126,52,8,4,2917.2,15,-12690.8,Debit Card,Returned
4478,2025-11-19,11,65,3,3,15362.4,20,6323.4,UPI,Returned
4479,2023-07-18,450,50,1,5,5206.5,10,-16573.5,Credit Card,Delivered
4480,2023-03-24,446,16,20,1,2774.95,5,-846.05,UPI,Delivered
4481,2024-04-04,457,3,1,5,26676.0,20,5306.0,Credit Card,Delivered
4482,2023-11-07,150,48,6,1,2660.0,5,-20.0,UPI,Delivered
4483,2024-08-29,340,30,20,1,5163.3,10,782.3,Net Banking,Returned
4484,2025-02-01,380,4,3,1,1491.75,25,-2235.25,Net Banking,Delivered
4485,2025-05-04,21,22,12,4,4534.4,20,-10573.6,Net Banking,Delivered
4486,2023-01-18,389,1,2,4,11653.2,10,1369.2,UPI,Cancelled
4487,2024-10-31,334,56,12,1,2959.2,20,-1393.8,Debit Card,Cancelled
4488,2025-03-08,204,53,5,5,17850.0,0,14520.0,Debit Card,Delivered
4489,2023-01-02,347,44,17,2,7963.2,30,2269.2,UPI,Delivered
4490,2025-10-26,338,47,16,2,6675.2,20,-1406.8,Cash,Delivered
4491,2024-05-15,13,23,14,5,17505.75,15,6540.75,Debit Card,Cancelled
4492,2025-03-05,319,49,10,3,7209.3,30,5229.3,Cash,Delivered
4493,2024-09-28,326,40,16,4,13050.0,25,-3938.0,UPI,Cancelled
4494,2023-09-22,307,29,14,4,3525.0,25,-2783.0,Credit Card,Delivered
4495,2023-10-16,498,21,5,2,2542.0,0,-3786.0,Cash,Delivered
4496,2024-01-31,344,49,4,2,6866.0,0,5546.0,Credit Card,Delivered
4497,2023-05-11,376,43,19,3,13088.25,25,-1383.75,UPI,Delivered
4498,2024-06-02,19,26,15,2,10654.4,20,5172.4,Net Banking,Delivered
4499,2025-09-21,490,29,18,1,1057.5,10,-519.5,Net Banking,Cancelled
4500,2025-08-22,117,44,2,1,5688.0,0,2841.0,Net Banking,Delivered
4501,2025-04-12,165,20,1,2,8678.6,30,740.6,Net Banking,Cancelled
4502,2024-07-22,345,55,12,5,22352.0,20,17657.0,Net Banking,Returned
4503,2023-11-26,223,33,10,5,17130.0,0,1820.0,Net Banking,Returned
4504,2023-02-10,458,66,6,2,9366.0,0,7586.0,UPI,Delivered
4505,2025-04-19,304,11,20,4,14018.2,15,11834.2,UPI,Returned
4506,2023-01-05,495,58,3,2,9904.5,25,424.5,UPI,Delivered
4507,2023-11-27,497,29,18,3,3348.75,5,-1382.25,Net Banking,Delivered
4508,2025-03-22,91,11,8,2,6596.8,20,5504.8,Credit Card,Delivered
4509,2023-04-06,95,2,1,1,551.7,10,-630.3,Debit Card,Delivered
4510,2025-12-20,243,44,17,3,16210.8,5,7669.8,Credit Card,Cancelled
4511,2023-11-28,118,33,8,1,3083.4,10,21.4,Cash,Cancelled
4512,2023-05-08,409,63,13,2,1584.0,25,-1286.0,UPI,Delivered
4513,2025-06-04,388,38,18,4,21686.4,20,15878.4,Credit Card,Delivered
4514,2024-04-10,271,26,6,4,25304.2,5,14340.2,Credit Card,Cancelled
4515,2025-10-24,96,51,5,2,6064.8,30,580.8,Net Banking,Delivered
4516,2025-09-17,448,58,2,2,12545.7,5,3065.7,Cash,Returned
4517,2024-11-19,336,56,19,1,2959.2,20,-1393.8,UPI,Returned
4518,2025-04-04,330,38,10,5,23719.5,30,16459.5,Credit Card,Delivered
4519,2024-05-22,130,35,2,4,6996.0,0,2828.0,Cash,Cancelled
4520,2023-08-11,446,48,7,3,5880.0,30,-2160.0,UPI,Delivered
4521,2025-11-01,38,15,1,2,7339.7,5,-2454.3,Credit Card,Delivered
4522,2023-11-09,186,11,1,2,6184.5,25,5092.5,UPI,Returned
4523,2025-11-06,88,56,18,5,12946.5,30,-8818.5,Credit Card,Delivered
4524,2023-05-10,401,3,12,2,11337.3,15,2789.3,Net Banking,Delivered
4525,2023-02-10,339,35,8,3,3935.25,25,809.25,Cash,Delivered
4526,2023-07-14,295,45,18,4,6072.4,15,-5083.6,UPI,Delivered
4527,2023-12-09,324,1,6,3,6797.7,30,-915.3,UPI,Returned
4528,2023-07-25,193,16,17,5,11684.0,20,-6421.0,Debit Card,Delivered
4529,2023-09-18,387,41,1,1,5419.2,20,601.2,Cash,Cancelled
4530,2023-08-28,269,19,1,4,19084.2,15,12656.2,Cash,Cancelled
4531,2025-05-08,297,45,3,1,1607.4,10,-1181.6,Net Banking,Cancelled
4532,2024-09-04,199,58,10,2,10564.8,20,1084.8,Debit Card,Returned
4533,2023-02-04,29,36,7,4,8230.8,5,-953.2,Credit Card,Returned
4534,2025-01-24,95,29,4,4,3995.0,15,-2313.0,Cash,Cancelled
4535,2023-12-16,495,31,2,4,13708.8,30,9172.8,Net Banking,Delivered
4536,2023-07-12,15,58,5,5,23110.5,30,-589.5,Credit Card,Delivered
4537,2024-09-22,377,36,4,4,8230.8,5,-953.2,Net Banking,Cancelled
4538,2023-11-29,364,8,14,5,24088.0,20,203.0,Debit Card,Delivered
4539,2024-07-12,67,12,16,2,6905.6,20,6199.6,Cash,Returned
4540,2025-06-29,233,41,6,1,4741.8,30,-76.2,Debit Card,Delivered
4541,2023-02-16,282,2,3,5,2145.5,30,-3764.5,Cash,Delivered
4542,2025-04-23,246,46,12,4,4214.2,5,-10993.8,Cash,Cancelled
4543,2025-06-15,251,52,9,3,2574.0,0,-9132.0,Net Banking,Cancelled
4544,2023-02-14,155,47,20,4,14184.8,15,-1979.2,Net Banking,Delivered
4545,2025-07-25,145,41,11,5,23709.0,30,-381.0,Debit Card,Returned
4546,2024-12-21,291,14,11,4,14637.6,10,-5026.4,Net Banking,Cancelled
4547,2024-07-18,440,59,12,3,10796.7,15,9188.7,UPI,Cancelled
4548,2025-10-29,196,53,14,2,4998.0,30,3666.0,Debit Card,Delivered
4549,2024-05-11,4,3,15,4,22674.6,15,5578.6,Debit Card,Delivered
4550,2024-12-04,369,48,20,5,10500.0,25,-2900.0,Credit Card,Delivered
4551,2025-12-28,409,54,6,5,4712.0,20,-8043.0,UPI,Delivered
4552,2025-12-29,403,55,14,3,11734.8,30,8917.8,UPI,Delivered
4553,2023-01-21,146,7,14,3,12549.6,10,6294.6,Net Banking,Delivered
4554,2025-03-18,155,23,1,5,14416.5,30,3451.5,UPI,Delivered
4555,2023-03-06,105,1,7,2,6474.0,0,1332.0,Credit Card,Delivered
4556,2023-03-22,289,24,6,2,8231.4,15,1271.4,Cash,Delivered
4557,2023-05-06,474,17,3,3,9283.2,20,5854.2,UPI,Cancelled
4558,2025-12-30,229,57,14,2,9547.2,10,1567.2,Debit Card,Delivered
4559,2024-03-29,421,60,6,5,29445.0,0,5030.0,UPI,Cancelled
4560,2024-01-25,409,45,7,5,7144.0,20,-6801.0,UPI,Delivered
4561,2024-04-30,15,65,1,4,23043.6,10,10991.6,Net Banking,Cancelled
4562,2023-08-06,363,12,9,4,15537.6,10,14125.6,Net Banking,Delivered
4563,2024-04-29,36,52,14,4,2402.4,30,-13205.6,UPI,Delivered
4564,2025-01-28,95,47,7,4,11681.6,30,-4482.4,UPI,Delivered
4565,2023-04-05,324,58,7,1,6272.85,5,1532.85,Debit Card,Returned
4566,2025-04-05,395,44,1,4,15926.4,30,4538.4,UPI,Cancelled
4567,2024-02-21,270,1,13,5,14566.5,10,1711.5,UPI,Delivered
4568,2023-07-18,146,1,16,4,11653.2,10,1369.2,Net Banking,Delivered
4569,2025-06-16,115,13,14,5,14791.5,5,10606.5,Net Banking,Returned
4570,2025-07-08,466,23,2,3,10503.45,15,3924.45,Net Banking,Delivered
4571,2025-09-09,473,7,18,5,16268.0,30,5843.0,UPI,Returned
4572,2025-08-24,427,66,11,1,3746.4,20,2856.4,Credit Card,Delivered
4573,2023-08-20,483,37,14,1,5484.0,0,3863.0,Credit Card,Delivered
4574,2023-09-09,307,50,7,3,2603.25,25,-10464.75,UPI,Delivered
4575,2024-09-12,147,8,1,3,16259.4,10,1928.4,Debit Card,Delivered
4576,2023-03-30,378,39,10,5,8004.0,20,3919.0,Cash,Delivered
4577,2024-12-03,122,26,2,3,14982.75,25,6759.75,Cash,Cancelled
4578,2025-02-05,450,64,2,4,3911.6,30,-11648.4,Credit Card,Delivered
4579,2023-10-18,89,61,15,1,2705.55,15,963.55,Credit Card,Delivered
4580,2025-06-12,342,66,2,3,12644.1,10,9974.1,Cash,Delivered
4581,2024-01-01,70,55,13,3,14249.4,15,11432.4,Credit Card,Delivered
4582,2023-01-17,165,35,9,1,1399.2,20,357.2,Debit Card,Delivered
4583,2024-08-26,133,27,1,2,3547.5,25,-2414.5,Cash,Delivered
4584,2024-09-21,461,40,15,3,11092.5,15,-1648.5,Cash,Delivered
4585,2024-08-13,58,34,14,3,5964.0,20,1737.0,Debit Card,Delivered
4586,2025-06-14,31,4,12,5,9447.75,5,-9187.25,Debit Card,Delivered
4587,2024-04-19,401,66,3,1,3278.1,30,2388.1,Net Banking,Delivered
4588,2025-09-28,387,20,18,3,18597.0,0,6690.0,UPI,Delivered
4589,2024-12-13,128,49,9,3,9269.1,10,7289.1,Credit Card,Delivered
4590,2023-04-26,276,66,5,2,7024.5,25,5244.5,UPI,Returned
4591,2023-09-19,495,4,3,2,3381.3,15,-4072.7,Credit Card,Delivered
4592,2025-08-25,285,44,18,1,4266.0,25,1419.0,Credit Card,Returned
4593,2025-08-06,26,50,20,2,1735.5,25,-6976.5,Cash,Delivered
4594,2024-07-08,42,11,12,4,11544.4,30,9360.4,Net Banking,Returned
4595,2024-05-19,78,23,14,5,15446.25,25,4481.25,Net Banking,Delivered
4596,2024-10-19,183,40,16,5,19575.0,10,-1660.0,Net Banking,Delivered
4597,2024-09-17,137,19,1,2,10664.7,5,7450.7,Credit Card,Returned
4598,2024-10-02,386,27,14,3,6740.25,5,-2202.75,UPI,Delivered
4599,2024-11-02,108,38,5,1,5421.6,20,3969.6,Cash,Delivered
4600,2025-07-07,330,4,8,5,9945.0,0,-8690.0,UPI,Delivered
4601,2025-12-19,404,28,2,3,20796.0,0,12012.0,UPI,Delivered
4602,2023-07-09,336,19,5,3,13471.2,20,8650.2,Debit Card,Delivered
4603,2024-07-05,395,66,9,4,16858.8,10,13298.8,Cash,Delivered
4604,2024-03-15,160,64,18,3,3143.25,25,-8526.75,Debit Card,Delivered
4605,2025-12-19,78,11,15,3,10513.65,15,8875.65,Debit Card,Delivered
4606,2024-12-30,455,12,7,4,17264.0,0,15852.0,Net Banking,Delivered
4607,2024-02-13,122,24,1,5,20578.5,15,3178.5,Debit Card,Delivered
4608,2023-03-17,349,27,13,5,11233.75,5,-3671.25,Debit Card,Delivered
4609,2025-12-30,22,54,12,4,3769.6,20,-6434.4,UPI,Delivered
4610,2025-12-21,130,5,2,2,7328.0,0,4812.0,Credit Card,Delivered
4611,2023-05-21,77,66,1,1,3278.1,30,2388.1,Credit Card,Delivered
4612,2024-01-09,377,6,19,5,25256.0,20,2446.0,Cash,Delivered
4613,2025-11-02,206,8,1,5,25593.5,15,1708.5,Net Banking,Delivered
4614,2024-12-23,220,30,11,5,28685.0,0,6780.0,Credit Card,Delivered
4615,2024-02-07,386,24,11,5,20578.5,15,3178.5,UPI,Delivered
4616,2024-01-12,50,62,19,5,19792.25,15,-687.75,Debit Card,Returned
4617,2024-01-07,376,47,12,1,3754.8,10,-286.2,UPI,Delivered
4618,2024-10-31,45,18,8,3,8185.5,15,7075.5,Credit Card,Delivered
4619,2025-11-14,404,25,17,2,6446.4,15,4758.4,UPI,Delivered
4620,2023-08-08,111,11,20,5,16492.0,20,13762.0,Debit Card,Delivered
4621,2024-08-22,46,2,16,4,2329.4,5,-2398.6,Debit Card,Delivered
4622,2025-09-08,249,7,14,4,18592.0,0,10252.0,Cash,Returned
4623,2025-03-25,444,20,13,4,23556.2,5,7680.2,Net Banking,Delivered
4624,2024-03-05,442,13,8,3,8874.9,5,6363.9,Cash,Delivered
4625,2024-06-10,441,48,17,5,11200.0,20,-2200.0,Cash,Returned
4626,2024-11-30,197,41,14,4,24386.4,10,5114.4,UPI,Cancelled
4627,2023-03-01,146,35,6,5,6996.0,20,1786.0,UPI,Delivered
4628,2024-11-27,240,38,3,1,5421.6,20,3969.6,Cash,Delivered
4629,2025-12-24,285,30,6,5,28685.0,0,6780.0,Credit Card,Returned
4630,2023-07-14,52,22,19,3,4038.45,5,-7292.55,UPI,Cancelled
4631,2025-12-05,367,2,5,5,2605.25,15,-3304.75,Debit Card,Delivered
4632,2024-08-26,199,10,11,2,9942.0,25,3038.0,Cash,Delivered
4633,2025-11-24,346,13,14,5,10899.0,30,6714.0,Debit Card,Cancelled
4634,2025-07-26,280,52,20,5,3217.5,25,-16292.5,Net Banking,Delivered
4635,2025-01-29,495,4,6,4,7558.2,5,-7349.8,Cash,Delivered
4636,2025-11-30,202,21,5,5,5719.5,10,-10100.5,Credit Card,Cancelled
4637,2023-04-16,352,22,2,1,991.9,30,-2785.1,Credit Card,Delivered
4638,2025-08-05,62,13,11,1,2646.9,15,1809.9,Net Banking,Cancelled
4639,2023-10-09,44,27,6,1,1655.5,30,-1325.5,Debit Card,Cancelled
4640,2025-07-14,421,6,16,5,29991.5,5,7181.5,UPI,Delivered
4641,2025-12-19,81,6,18,1,5682.6,10,1120.6,Debit Card,Delivered
4642,2023-07-22,224,20,9,3,13017.9,30,1110.9,Debit Card,Delivered
4643,2023-11-24,84,1,16,4,11005.8,15,721.8,Net Banking,Delivered
4644,2023-06-19,211,30,10,5,28685.0,0,6780.0,Credit Card,Returned
4645,2023-03-02,169,53,2,2,5355.0,25,4023.0,Credit Card,Cancelled
4646,2025-06-08,408,53,1,5,16065.0,10,12735.0,Net Banking,Delivered
4647,2024-05-18,163,24,2,1,3873.6,20,393.6,Net Banking,Delivered
4648,2024-07-17,375,62,13,5,23285.0,0,2805.0,Debit Card,Cancelled
4649,2023-02-16,169,63,13,1,739.2,30,-695.8,Net Banking,Returned
4650,2023-12-08,12,55,3,5,20955.0,25,16260.0,UPI,Delivered
4651,2023-04-07,319,8,10,4,19270.4,20,162.4,Debit Card,Delivered
4652,2025-05-20,456,25,9,2,6067.2,20,4379.2,Cash,Cancelled
4653,2025-02-04,35,61,15,2,6047.7,5,2563.7,UPI,Returned
4654,2025-10-30,42,62,8,3,10478.25,25,-1809.75,Net Banking,Delivered
4655,2023-01-25,209,21,1,4,3813.0,25,-8843.0,Debit Card,Delivered
4656,2025-03-19,402,22,16,2,2125.5,25,-5428.5,UPI,Returned
4657,2024-05-08,47,15,5,1,3863.0,0,-1034.0,Net Banking,Delivered
4658,2025-12-26,12,21,15,1,1207.45,5,-1956.55,Credit Card,Cancelled
4659,2023-10-03,161,11,18,4,14842.8,10,12658.8,Debit Card,Delivered
4660,2025-05-23,70,32,8,1,2031.1,5,-2345.9,UPI,Cancelled
4661,2025-12-23,133,63,3,1,792.0,25,-643.0,Debit Card,Cancelled
4662,2025-10-25,107,53,13,1,2499.0,30,1833.0,UPI,Delivered
4663,2023-05-05,414,26,18,3,17979.3,10,9756.3,Credit Card,Delivered
4664,2025-08-02,153,59,8,2,6351.0,25,5279.0,Credit Card,Delivered
4665,2025-12-23,294,15,2,1,3476.7,10,-1420.3,Cash,Delivered
4666,2025-04-03,172,38,4,4,18975.6,30,13167.6,Credit Card,Delivered
4667,2024-12-15,220,30,6,1,5450.15,5,1069.15,Net Banking,Returned
4668,2024-05-17,101,22,4,5,6022.25,15,-12862.75,Credit Card,Delivered
4669,2023-05-04,400,15,8,2,5408.2,30,-4385.8,UPI,Returned
4670,2024-10-20,103,63,3,3,2534.4,20,-1770.6,Cash,Delivered
4671,2024-08-20,291,13,2,3,7006.5,25,4495.5,Cash,Returned
4672,2024-11-15,222,24,17,2,9684.0,0,2724.0,Cash,Delivered
4673,2025-09-25,175,8,18,2,9635.2,20,81.2,Net Banking,Delivered
4674,2023-08-25,476,3,11,3,18006.3,10,5184.3,UPI,Delivered
4675,2025-03-15,161,65,2,3,18242.85,5,9203.85,Net Banking,Delivered
4676,2025-11-06,76,43,12,2,8143.8,30,-1504.2,Credit Card,Delivered
4677,2025-07-24,242,53,7,4,13566.0,5,10902.0,UPI,Delivered
4678,2025-05-13,80,37,6,5,21936.0,20,13831.0,Cash,Delivered
4679,2024-05-25,129,30,11,1,5163.3,10,782.3,Debit Card,Delivered
4680,2025-02-12,366,21,8,5,6355.0,0,-9465.0,Debit Card,Delivered
4681,2025-04-24,494,23,4,1,2883.3,30,690.3,UPI,Delivered
4682,2025-08-03,358,31,20,1,3916.8,20,2782.8,Debit Card,Returned
4683,2024-09-05,462,42,10,2,7608.6,10,-2285.4,Cash,Delivered
4684,2023-09-12,328,39,8,1,1800.9,10,983.9,UPI,Delivered
4685,2023-01-03,404,24,18,5,19368.0,20,1968.0,Credit Card,Delivered
4686,2024-06-24,131,5,15,2,7328.0,0,4812.0,Credit Card,Delivered
4687,2025-05-14,21,56,15,4,14056.2,5,-3355.8,Credit Card,Cancelled
4688,2024-06-14,487,15,4,1,3476.7,10,-1420.3,Debit Card,Delivered
4689,2024-04-15,434,17,14,1,3094.4,20,1951.4,Net Banking,Delivered
4690,2025-04-23,280,54,18,2,2356.0,0,-2746.0,Net Banking,Delivered
4691,2025-04-03,71,11,8,4,14018.2,15,11834.2,Debit Card,Returned
4692,2023-01-08,222,28,6,5,25995.0,25,11355.0,Net Banking,Delivered
4693,2024-07-23,220,8,4,2,9635.2,20,81.2,Net Banking,Cancelled
4694,2024-07-06,478,29,9,4,3290.0,30,-3018.0,Debit Card,Delivered
4695,2024-04-30,357,66,1,1,3278.1,30,2388.1,Debit Card,Cancelled
4696,2025-10-02,196,46,17,4,4214.2,5,-10993.8,UPI,Delivered
4697,2023-02-13,246,3,18,3,19006.65,5,6184.65,Cash,Cancelled
4698,2023-08-05,212,27,4,5,11825.0,0,-3080.0,Cash,Delivered
4699,2024-09-16,381,13,1,1,2958.3,5,2121.3,Credit Card,Cancelled
4700,2025-12-06,80,29,4,5,4112.5,30,-3772.5,UPI,Cancelled
4701,2025-08-20,278,33,12,4,13018.8,5,770.8,Cash,Returned
4702,2024-03-31,6,35,14,3,4197.6,20,1071.6,Credit Card,Delivered
4703,2025-08-30,175,66,1,4,16858.8,10,13298.8,Cash,Delivered
4704,2024-04-21,168,62,2,3,13971.0,0,1683.0,UPI,Cancelled
4705,2023-08-19,367,18,6,1,2568.0,20,2198.0,Debit Card,Delivered
4706,2025-05-08,334,52,19,5,3003.0,30,-16507.0,UPI,Delivered
4707,2025-03-21,327,29,18,5,5581.25,5,-2303.75,Credit Card,Delivered
4708,2023-12-08,298,30,9,3,12047.7,30,-1095.3,UPI,Delivered
4709,2023-12-15,121,11,4,1,3092.25,25,2546.25,Credit Card,Delivered
4710,2024-12-30,401,24,11,5,24210.0,0,6810.0,Cash,Delivered
4711,2024-07-03,349,49,20,2,6866.0,0,5546.0,Debit Card,Delivered
4712,2025-10-10,274,16,10,1,2921.0,0,-700.0,Net Banking,Returned
4713,2024-03-16,186,27,12,3,7095.0,0,-1848.0,Credit Card,Delivered
4714,2024-05-06,37,44,16,3,11944.8,30,3403.8,Net Banking,Returned
4715,2025-09-15,330,34,1,1,2485.0,0,1076.0,Net Banking,Delivered
4716,2023-10-23,420,27,18,1,1773.75,25,-1207.25,Credit Card,Delivered
4717,2023-02-27,469,35,7,5,7433.25,15,2223.25,Net Banking,Returned
4718,2023-11-06,188,64,18,5,5937.25,15,-13512.75,Cash,Delivered
4719,2024-02-24,281,66,8,5,19902.75,15,15452.75,Credit Card,Delivered
4720,2025-10-12,434,61,2,3,9549.0,0,4323.0,Debit Card,Delivered
4721,2023-01-29,308,60,9,2,10600.2,10,834.2,Debit Card,Returned
4722,2025-05-08,20,22,12,2,2692.3,5,-4861.7,UPI,Delivered
4723,2023-04-16,85,20,12,5,21696.5,30,1851.5,UPI,Delivered
4724,2025-12-12,323,53,8,3,9103.5,15,7105.5,Cash,Delivered
4725,2023-04-13,257,34,12,4,9443.0,5,3807.0,Cash,Delivered
4726,2025-03-28,156,59,2,2,6774.4,20,5702.4,Cash,Returned
4727,2023-11-07,36,9,18,2,2280.0,0,-3922.0,UPI,Delivered
4728,2024-04-29,289,20,17,5,27895.5,10,8050.5,Cash,Delivered
4729,2025-01-08,407,13,3,2,6228.0,0,4554.0,Credit Card,Delivered
4730,2023-03-05,385,27,3,5,9460.0,20,-5445.0,UPI,Delivered
4731,2024-10-03,261,56,9,4,12576.6,15,-4835.4,UPI,Delivered
4732,2024-05-13,14,54,14,1,1001.3,15,-1549.7,Credit Card,Delivered
4733,2023-02-23,302,14,2,5,20330.0,0,-4250.0,Cash,Delivered
4734,2023-07-03,483,20,10,5,26345.75,15,6500.75,Credit Card,Delivered
4735,2023-11-25,5,36,7,4,8230.8,5,-953.2,UPI,Delivered
4736,2025-02-18,152,28,16,2,11091.2,20,5235.2,Net Banking,Delivered
4737,2023-06-04,62,21,18,5,5401.75,15,-10418.25,Cash,Delivered
4738,2023-09-03,360,6,2,2,11996.6,5,2872.6,UPI,Delivered
4739,2024-07-26,83,5,4,3,7694.4,30,3920.4,Cash,Delivered
4740,2023-12-09,179,44,13,4,22752.0,0,11364.0,Net Banking,Delivered
4741,2023-01-13,448,63,9,4,2956.8,30,-2783.2,Cash,Delivered
4742,2025-04-13,155,61,13,3,9071.55,5,3845.55,UPI,Delivered
4743,2024-09-09,483,61,16,2,4456.2,30,972.2,Debit Card,Delivered
4744,2023-10-23,133,58,4,2,11885.4,10,2405.4,UPI,Returned
4745,2023-10-23,350,26,2,4,26636.0,0,15672.0,Debit Card,Delivered
4746,2024-07-06,59,13,7,2,4982.4,20,3308.4,UPI,Delivered
4747,2024-07-10,300,46,13,1,887.2,20,-2914.8,Debit Card,Returned
4748,2025-08-29,229,59,15,4,11855.2,30,9711.2,Credit Card,Delivered
4749,2024-03-02,483,40,15,5,21750.0,0,515.0,Credit Card,Delivered
4750,2023-07-13,399,51,13,3,11696.4,10,3470.4,Credit Card,Delivered
4751,2023-06-11,296,58,5,4,22450.2,15,3490.2,Cash,Cancelled
4752,2023-02-19,438,35,9,3,3935.25,25,809.25,Credit Card,Delivered
4753,2025-01-05,185,21,19,3,2669.1,30,-6822.9,Net Banking,Cancelled
4754,2025-02-21,460,6,10,3,18942.0,0,5256.0,UPI,Delivered
4755,2023-08-15,284,50,4,1,1157.0,0,-3199.0,Debit Card,Cancelled
4756,2023-07-06,42,59,10,5,14819.0,30,12139.0,Credit Card,Delivered
4757,2024-08-07,56,43,9,5,24722.25,15,602.25,Net Banking,Cancelled
4758,2025-09-07,485,56,11,4,13316.4,10,-4095.6,Net Banking,Delivered
4759,2025-05-12,23,28,13,5,25995.0,25,11355.0,Credit Card,Delivered
4760,2023-05-01,330,25,12,4,12892.8,15,9516.8,UPI,Cancelled
4761,2024-09-30,392,1,15,5,14566.5,10,1711.5,Cash,Delivered
4762,2024-04-17,241,52,12,1,686.4,20,-3215.6,Cash,Returned
4763,2023-08-13,395,25,13,5,18960.0,0,14740.0,Net Banking,Delivered
4764,2023-09-25,320,13,6,4,11210.4,10,7862.4,UPI,Delivered
4765,2023-04-14,402,47,6,3,12516.0,0,393.0,Cash,Cancelled
4766,2024-02-17,374,47,18,5,14602.0,30,-5603.0,Cash,Cancelled
4767,2024-02-09,326,44,19,2,7963.2,30,2269.2,Debit Card,Delivered
4768,2024-07-04,68,25,13,3,9100.8,20,6568.8,Net Banking,Delivered
4769,2023-03-22,493,2,4,3,1563.15,15,-1982.85,Net Banking,Delivered
4770,2025-12-16,282,11,15,1,3916.85,5,3370.85,Cash,Delivered
4771,2024-01-19,269,30,16,3,14629.35,15,1486.35,Credit Card,Returned
4772,2023-05-16,165,7,14,1,4415.6,5,2330.6,Credit Card,Delivered
4773,2023-10-31,458,59,4,4,12702.0,25,10558.0,UPI,Delivered
4774,2024-03-02,481,30,2,3,17211.0,0,4068.0,Credit Card,Delivered
4775,2023-02-07,93,6,3,1,6314.0,0,1752.0,Net Banking,Cancelled
4776,2024-08-20,388,52,7,4,3260.4,5,-12347.6,Cash,Delivered
4777,2023-08-16,408,50,2,2,1851.2,20,-6860.8,Net Banking,Delivered
4778,2025-12-03,465,36,4,1,1732.8,20,-563.2,Net Banking,Cancelled
4779,2024-05-31,438,38,9,1,6777.0,0,5325.0,UPI,Delivered
4780,2023-07-09,95,59,3,1,4234.0,0,3698.0,Cash,Cancelled
4781,2024-04-26,309,6,20,2,8839.6,30,-284.4,Credit Card,Returned
4782,2025-07-24,174,9,13,4,4332.0,5,-8072.0,Net Banking,Returned
4783,2025-07-30,188,50,19,5,4049.5,30,-17730.5,Net Banking,Delivered
4784,2024-11-20,325,39,10,4,8004.0,0,4736.0,Debit Card,Cancelled
4785,2025-05-20,233,27,12,1,1655.5,30,-1325.5,Cash,Delivered
4786,2023-03-25,394,28,19,4,26341.6,5,14629.6,UPI,Delivered
4787,2025-11-20,69,20,18,5,21696.5,30,1851.5,Debit Card,Returned
4788,2025-06-08,459,2,12,2,1164.7,5,-1199.3,UPI,Delivered
4789,2023-06-18,125,47,1,2,7092.4,15,-989.6,UPI,Cancelled
4790,2023-07-09,198,11,4,1,3710.7,10,3164.7,Net Banking,Cancelled
4791,2024-06-14,418,12,5,3,9711.0,25,8652.0,Debit Card,Cancelled
4792,2024-09-24,336,52,16,2,1201.2,30,-6602.8,Credit Card,Delivered
4793,2024-06-16,467,62,5,2,6985.5,25,-1206.5,UPI,Delivered
4794,2024-10-25,473,3,15,3,19006.65,5,6184.65,Credit Card,Delivered
4795,2023-03-03,54,11,17,4,14018.2,15,11834.2,Cash,Delivered
4796,2024-05-27,356,3,12,4,21340.8,20,4244.8,Debit Card,Cancelled
4797,2025-04-08,154,20,11,3,13017.9,30,1110.9,Cash,Delivered
4798,2023-04-20,306,31,4,2,7344.0,25,5076.0,UPI,Delivered
4799,2024-06-30,467,9,11,5,5415.0,5,-10090.0,UPI,Delivered
4800,2025-11-04,431,43,6,5,29085.0,0,4965.0,Credit Card,Delivered
4801,2025-07-03,69,39,15,2,3201.6,20,1567.6,Net Banking,Delivered
4802,2025-03-11,113,30,3,1,5450.15,5,1069.15,Credit Card,Delivered
4803,2025-10-22,440,48,1,5,12600.0,10,-800.0,UPI,Delivered
4804,2024-10-27,104,27,11,3,5321.25,25,-3621.75,Credit Card,Delivered
4805,2025-01-04,308,34,10,2,3479.0,30,661.0,Credit Card,Delivered
4806,2024-03-31,131,60,4,3,16783.65,5,2134.65,Debit Card,Delivered
4807,2024-08-26,453,61,13,1,3183.0,0,1441.0,UPI,Delivered
4808,2023-10-13,426,35,5,5,8745.0,0,3535.0,Net Banking,Returned
4809,2023-08-26,197,33,18,3,10278.0,0,1092.0,Cash,Delivered
4810,2024-11-01,221,27,12,2,3311.0,30,-2651.0,Debit Card,Cancelled
4811,2025-03-25,246,60,1,1,5300.1,10,417.1,UPI,Delivered
4812,2023-12-21,10,54,11,1,1001.3,15,-1549.7,Credit Card,Delivered
4813,2025-04-16,132,31,9,3,12484.8,15,9082.8,UPI,Delivered
4814,2024-05-11,302,47,7,1,3963.4,5,-77.6,Net Banking,Delivered
4815,2023-03-02,437,46,10,4,4436.0,0,-10772.0,UPI,Returned
4816,2023-09-18,153,41,5,2,12870.6,5,3234.6,Net Banking,Returned
4817,2024-12-19,224,35,2,4,6996.0,0,2828.0,UPI,Delivered
4818,2024-06-25,146,46,9,1,831.75,25,-2970.25,Net Banking,Returned
4819,2025-10-16,391,15,9,3,11589.0,0,-3102.0,Cash,Delivered
4820,2024-06-13,265,12,4,3,12300.6,5,11241.6,Debit Card,Delivered
4821,2023-12-30,160,37,6,1,4935.6,10,3314.6,Credit Card,Delivered
4822,2024-09-06,239,42,1,4,16062.6,5,-3725.4,Cash,Delivered
4823,2023-06-30,144,48,1,1,2240.0,20,-440.0,Debit Card,Delivered
4824,2025-10-19,299,26,3,1,5993.1,10,3252.1,Credit Card,Returned
4825,2023-11-01,265,42,15,3,10778.85,15,-4062.15,Debit Card,Delivered
4826,2025-05-13,203,26,19,3,15981.6,20,7758.6,UPI,Delivered
4827,2023-12-13,374,35,11,4,5596.8,20,1428.8,Credit Card,Delivered
4828,2023-09-16,2,19,15,1,4209.75,25,2602.75,Cash,Returned
4829,2025-07-16,497,9,13,2,1938.0,15,-4264.0,UPI,Cancelled
4830,2025-05-06,314,16,10,4,8178.8,30,-6305.2,Cash,Delivered
4831,2023-09-24,237,47,14,4,15853.6,5,-310.4,Debit Card,Delivered
4832,2025-04-17,277,57,12,5,22542.0,15,2592.0,Net Banking,Delivered
4833,2024-07-06,382,8,20,5,21077.0,30,-2808.0,Net Banking,Delivered
4834,2023-06-14,326,18,13,4,10914.0,15,9434.0,Credit Card,Cancelled
4835,2024-03-01,256,64,20,1,1047.75,25,-2842.25,Debit Card,Delivered
4836,2023-08-11,70,50,7,1,983.45,15,-3372.55,Net Banking,Delivered
4837,2025-09-16,414,24,16,5,19368.0,20,1968.0,Debit Card,Delivered
4838,2024-10-03,353,40,4,2,8265.0,5,-229.0,Debit Card,Delivered
4839,2024-09-21,53,46,19,3,3327.0,0,-8079.0,Cash,Returned
4840,2023-11-09,203,22,3,4,4534.4,20,-10573.6,UPI,Delivered
4841,2025-06-05,341,28,4,1,6238.8,10,3310.8,Debit Card,Cancelled
4842,2024-12-31,31,19,1,3,15997.05,5,11176.05,Debit Card,Cancelled
4843,2025-03-29,140,14,11,2,8132.0,0,-1700.0,Debit Card,Delivered
4844,2023-09-11,440,49,20,1,2403.1,30,1743.1,UPI,Returned
4845,2024-02-05,365,50,20,5,4917.25,15,-16862.75,Net Banking,Cancelled
4846,2023-10-28,219,46,9,1,887.2,20,-2914.8,Cash,Delivered
4847,2025-05-28,452,50,14,1,809.9,30,-3546.1,Credit Card,Delivered
4848,2024-08-11,123,53,9,2,6426.0,10,5094.0,Net Banking,Cancelled
4849,2023-05-13,11,12,20,2,6474.0,25,5768.0,Net Banking,Cancelled
4850,2025-05-09,9,9,18,3,2736.0,20,-6567.0,Net Banking,Delivered
4851,2024-06-15,183,26,1,4,22640.6,15,11676.6,UPI,Delivered
4852,2023-07-26,162,47,1,1,2920.4,30,-1120.6,UPI,Delivered
4853,2025-01-29,107,7,9,1,4415.6,5,2330.6,Debit Card,Delivered
4854,2024-01-17,316,15,3,3,11589.0,0,-3102.0,Credit Card,Delivered
4855,2025-04-02,143,56,2,1,2774.25,25,-1578.75,UPI,Delivered
4856,2025-12-17,439,27,6,5,8868.75,25,-6036.25,Cash,Delivered
4857,2023-10-19,195,50,19,2,1966.9,15,-6745.1,UPI,Returned
4858,2023-04-19,153,13,19,5,13234.5,15,9049.5,UPI,Delivered
4859,2024-02-17,312,62,6,2,9314.0,0,1122.0,UPI,Cancelled
4860,2023-04-12,205,60,4,4,18844.8,20,-687.2,UPI,Delivered
4861,2023-01-28,348,57,14,3,15912.0,0,3942.0,Credit Card,Delivered
4862,2023-08-28,26,40,17,4,12180.0,30,-4808.0,Credit Card,Delivered
4863,2023-07-22,491,44,13,4,17064.0,25,5676.0,Net Banking,Delivered
4864,2023-04-04,371,12,18,5,18343.0,15,16578.0,UPI,Returned
4865,2024-12-27,114,59,14,4,16089.2,5,13945.2,Net Banking,Delivered
4866,2023-07-21,374,48,15,5,12600.0,10,-800.0,Net Banking,Returned
4867,2025-08-13,299,50,2,3,2429.7,30,-10638.3,Net Banking,Delivered
4868,2023-09-04,340,58,15,3,19809.0,0,5589.0,UPI,Delivered
4869,2024-04-02,306,64,15,4,5029.2,10,-10530.8,Debit Card,Cancelled
4870,2023-09-02,297,52,18,2,1287.0,25,-6517.0,UPI,Delivered
4871,2025-12-18,85,9,15,2,1824.0,20,-4378.0,Cash,Cancelled
4872,2023-10-09,269,62,12,1,3958.45,15,-137.55,Cash,Cancelled
4873,2024-04-09,245,47,6,1,3129.0,25,-912.0,Cash,Delivered
4874,2025-05-23,452,15,11,4,15452.0,0,-4136.0,UPI,Cancelled
4875,2025-08-20,134,54,8,5,5890.0,0,-6865.0,Credit Card,Delivered
4876,2025-02-25,355,17,16,2,5802.0,25,3516.0,Debit Card,Delivered
4877,2023-09-05,361,47,17,4,11681.6,30,-4482.4,Net Banking,Delivered
4878,2024-04-09,463,24,19,4,17431.2,10,3511.2,UPI,Delivered
4879,2023-08-06,239,22,17,4,4534.4,20,-10573.6,UPI,Delivered
4880,2023-01-31,375,3,17,3,16005.6,20,3183.6,Net Banking,Delivered
4881,2025-10-22,275,62,17,3,11875.35,15,-412.65,UPI,Delivered
4882,2024-06-10,234,30,14,2,8605.5,25,-156.5,Debit Card,Delivered
4883,2025-03-20,410,59,17,2,8044.6,5,6972.6,Credit Card,Delivered
4884,2023-03-19,379,15,13,1,3283.55,15,-1613.45,Cash,Cancelled
4885,2024-12-22,488,17,1,4,12377.6,20,7805.6,Cash,Delivered
4886,2025-08-24,212,52,1,4,2574.0,25,-13034.0,UPI,Delivered
4887,2024-12-31,150,38,12,4,20331.0,25,14523.0,UPI,Delivered
4888,2023-08-31,373,50,2,5,4338.75,25,-17441.25,Credit Card,Cancelled
4889,2023-10-18,447,22,17,3,3188.25,25,-8142.75,UPI,Delivered
4890,2023-08-25,162,22,14,1,1062.75,25,-2714.25,Cash,Delivered
4891,2023-05-29,404,19,6,2,9542.1,15,6328.1,UPI,Delivered
4892,2024-02-09,13,29,20,1,1116.25,5,-460.75,Debit Card,Delivered
4893,2024-06-12,335,52,6,5,3003.0,30,-16507.0,Credit Card,Delivered
4894,2023-08-19,238,41,3,2,10161.0,25,525.0,Net Banking,Cancelled
4895,2023-10-08,223,20,18,2,9918.4,20,1980.4,Debit Card,Cancelled
4896,2023-05-16,294,41,19,3,16257.6,20,1803.6,Credit Card,Delivered
4897,2023-08-08,153,25,18,1,3412.8,10,2568.8,Cash,Cancelled
4898,2023-02-01,150,56,17,1,2589.3,30,-1763.7,Debit Card,Delivered
4899,2023-07-26,271,16,17,1,2774.95,5,-846.05,Debit Card,Delivered
4900,2025-01-16,485,58,19,4,22450.2,15,3490.2,Net Banking,Delivered
4901,2024-05-16,193,41,11,3,17273.7,15,2819.7,Credit Card,Returned
4902,2024-11-06,432,51,15,5,15162.0,30,1452.0,Credit Card,Delivered
4903,2023-07-11,39,49,2,5,17165.0,0,13865.0,UPI,Delivered
4904,2023-08-31,397,45,8,1,1250.2,30,-1538.8,Debit Card,Delivered
4905,2023-11-15,82,33,2,4,12333.6,10,85.6,Cash,Cancelled
4906,2025-05-19,75,32,9,5,7483.0,30,-14402.0,UPI,Delivered
4907,2024-11-21,125,43,12,4,22104.6,5,2808.6,Debit Card,Returned
4908,2023-06-06,457,36,20,1,2057.7,5,-238.3,Cash,Delivered
4909,2023-07-21,65,51,3,3,9097.2,30,871.2,Credit Card,Delivered
4910,2025-10-16,226,51,12,5,19494.0,10,5784.0,Net Banking,Delivered
4911,2024-06-15,134,55,4,3,15087.6,10,12270.6,Credit Card,Delivered
4912,2025-08-03,482,25,7,1,2654.4,30,1810.4,Credit Card,Delivered
4913,2023-11-11,98,50,5,4,4628.0,0,-12796.0,Debit Card,Delivered
4914,2025-01-27,236,10,12,4,18558.4,30,4750.4,Debit Card,Delivered
4915,2023-10-17,351,52,15,4,2917.2,15,-12690.8,UPI,Delivered
4916,2023-07-28,305,36,9,1,1841.1,15,-454.9,UPI,Delivered
4917,2025-10-21,120,66,16,2,9366.0,0,7586.0,Cash,Delivered
4918,2024-06-23,261,8,1,3,15356.1,15,1025.1,Cash,Cancelled
4919,2023-05-06,103,35,14,2,2973.3,15,889.3,Credit Card,Delivered
4920,2024-09-20,41,9,2,4,4104.0,10,-8300.0,Credit Card,Cancelled
4921,2024-01-16,212,58,7,1,4622.1,30,-117.9,Cash,Delivered
4922,2024-09-09,73,45,9,1,1250.2,30,-1538.8,Net Banking,Delivered
4923,2024-01-06,422,62,7,4,13971.0,25,-2413.0,Cash,Delivered
4924,2023-12-20,363,49,20,2,5492.8,20,4172.8,Debit Card,Delivered
4925,2025-12-17,231,46,8,4,3327.0,25,-11881.0,Cash,Delivered
4926,2025-11-23,119,55,1,4,21234.4,5,17478.4,Debit Card,Delivered
4927,2025-05-27,147,1,16,4,11005.8,15,721.8,Debit Card,Delivered
4928,2025-02-11,436,41,17,1,5757.9,15,939.9,Credit Card,Delivered
4929,2024-02-27,439,5,3,4,14656.0,0,9624.0,Debit Card,Delivered
4930,2025-09-01,77,56,20,5,15720.75,15,-6044.25,Cash,Returned
4931,2023-09-14,299,18,7,2,5778.0,10,5038.0,Credit Card,Cancelled
4932,2025-10-29,297,62,17,4,13971.0,25,-2413.0,Cash,Cancelled
4933,2023-03-03,273,40,18,1,3697.5,15,-549.5,Debit Card,Cancelled
4934,2024-04-23,2,19,14,5,23855.25,15,15820.25,Credit Card,Delivered
4935,2025-01-28,453,35,18,3,3672.9,30,546.9,Credit Card,Delivered
4936,2023-02-22,442,37,5,1,4935.6,10,3314.6,Net Banking,Cancelled
4937,2024-02-14,25,36,13,2,3682.2,15,-909.8,Net Banking,Delivered
4938,2025-07-09,476,39,11,1,1800.9,10,983.9,Cash,Delivered
4939,2024-01-28,409,51,10,1,3898.8,10,1156.8,Debit Card,Delivered
4940,2025-08-28,424,29,19,4,4700.0,0,-1608.0,Net Banking,Cancelled
4941,2024-11-25,56,2,16,4,2084.2,15,-2643.8,Debit Card,Delivered
4942,2023-06-07,121,23,11,2,7002.3,15,2616.3,Net Banking,Returned
4943,2025-12-15,122,44,7,1,5403.6,5,2556.6,Debit Card,Delivered
4944,2024-03-06,366,43,20,2,9888.9,15,240.9,Cash,Returned
4945,2024-02-27,437,13,4,2,5293.8,15,3619.8,Credit Card,Delivered
4946,2023-10-29,181,60,2,2,11189.1,5,1423.1,Cash,Delivered
4947,2023-06-03,96,27,17,1,1655.5,30,-1325.5,Cash,Delivered
4948,2023-09-05,196,27,9,4,8041.0,15,-3883.0,Cash,Delivered
4949,2023-04-28,314,1,5,4,12300.6,5,2016.6,Debit Card,Delivered
4950,2025-01-31,452,23,10,5,16476.0,20,5511.0,UPI,Delivered
4951,2025-04-07,364,50,18,3,2429.7,30,-10638.3,Net Banking,Cancelled
4952,2025-02-06,442,19,20,2,11226.0,0,8012.0,Credit Card,Delivered
4953,2023-01-17,138,20,14,4,19836.8,20,3960.8,Credit Card,Cancelled
4954,2023-03-02,355,13,11,2,5916.6,5,4242.6,Credit Card,Returned
4955,2023-01-29,59,20,13,4,19836.8,20,3960.8,UPI,Delivered
4956,2025-03-25,290,20,17,2,9298.5,25,1360.5,Debit Card,Delivered
4957,2025-05-14,173,33,1,1,3426.0,0,364.0,Net Banking,Delivered
4958,2025-08-09,312,66,1,1,3980.55,15,3090.55,UPI,Delivered
4959,2024-02-02,418,17,8,1,3287.8,15,2144.8,Cash,Delivered
4960,2023-01-23,119,47,7,3,9387.0,25,-2736.0,UPI,Delivered
4961,2024-03-03,172,14,4,5,19313.5,5,-5266.5,Credit Card,Delivered
4962,2024-06-03,465,28,6,4,26341.6,5,14629.6,Debit Card,Delivered
4963,2023-08-20,389,10,5,5,31483.0,5,14223.0,Cash,Delivered
4964,2025-06-27,263,36,4,5,9747.0,10,-1733.0,Cash,Delivered
4965,2024-03-31,128,7,16,5,23240.0,0,12815.0,Net Banking,Delivered
4966,2024-10-27,243,30,1,4,16063.6,30,-1460.4,Debit Card,Delivered
4967,2024-10-27,246,1,20,2,5826.6,10,684.6,UPI,Returned
4968,2024-04-05,434,35,13,5,8307.75,5,3097.75,Credit Card,Delivered
4969,2025-10-07,498,47,4,2,5840.8,30,-2241.2,Credit Card,Cancelled
4970,2023-08-30,498,34,10,1,2360.75,5,951.75,Cash,Delivered
4971,2023-04-08,171,8,12,3,13549.5,25,-781.5,Debit Card,Cancelled
4972,2023-09-14,499,9,3,4,4560.0,0,-7844.0,Cash,Returned
4973,2025-03-20,194,53,7,4,12138.0,15,9474.0,Debit Card,Delivered
4974,2023-12-07,388,56,19,4,10357.2,30,-7054.8,Net Banking,Returned
4975,2024-02-25,101,34,17,3,6709.5,10,2482.5,Net Banking,Delivered
4976,2025-02-04,156,24,10,3,11620.8,20,1180.8,UPI,Delivered
4977,2025-06-09,324,43,18,1,4653.6,20,-170.4,Debit Card,Delivered
4978,2025-10-11,387,29,9,4,3525.0,25,-2783.0,Debit Card,Delivered
4979,2023-04-02,364,42,18,1,4015.65,5,-931.35,Net Banking,Delivered
4980,2023-12-18,151,66,1,1,3746.4,20,2856.4,Net Banking,Delivered
4981,2023-06-09,200,12,12,2,8200.4,5,7494.4,Debit Card,Delivered
4982,2023-03-08,309,57,19,2,8486.4,20,506.4,Debit Card,Delivered
4983,2023-03-12,189,59,16,5,16936.0,20,14256.0,Net Banking,Delivered
4984,2024-12-14,363,64,6,2,2654.3,5,-5125.7,Credit Card,Delivered
4985,2023-01-14,172,49,20,2,6522.7,5,5202.7,Credit Card,Delivered
4986,2023-03-25,434,62,13,3,13971.0,0,1683.0,Credit Card,Delivered
4987,2023-05-02,93,42,11,3,11412.9,10,-3428.1,UPI,Cancelled
4988,2024-08-03,54,44,8,2,10238.4,10,4544.4,Debit Card,Returned
4989,2025-04-09,440,8,9,1,5720.9,5,943.9,Net Banking,Cancelled
4990,2024-08-06,276,61,12,5,11140.5,30,2430.5,Credit Card,Cancelled
4991,2024-05-17,262,15,17,2,5408.2,30,-4385.8,Credit Card,Delivered
4992,2024-05-19,472,29,20,3,2467.5,30,-2263.5,Cash,Delivered
4993,2023-09-28,418,32,2,5,9086.5,15,-12798.5,UPI,Cancelled
4994,2024-04-17,210,51,3,1,3898.8,10,1156.8,UPI,Delivered
4995,2024-07-07,451,61,13,3,6684.3,30,1458.3,UPI,Delivered
4996,2025-06-28,490,43,16,5,29085.0,0,4965.0,Debit Card,Cancelled
4997,2023-10-02,261,66,9,4,16858.8,10,13298.8,UPI,Delivered
4998,2025-10-13,482,66,11,2,8897.7,5,7117.7,Cash,Delivered
4999,2025-07-30,40,44,13,1,4834.8,15,1987.8,Debit Card,Cancelled
5000,2023-11-24,316,7,16,3,12549.6,10,6294.6,UPI,Delivered
5001,2024-07-03,432,21,17,4,4829.8,5,-7826.2,UPI,Cancelled
5002,2024-12-01,486,47,14,2,7092.4,15,-989.6,Net Banking,Delivered
5003,2024-01-06,362,25,1,5,18012.0,5,13792.0,Cash,Delivered
5004,2024-04-14,364,9,11,1,855.0,25,-2246.0,UPI,Delivered
5005,2025-03-31,477,17,6,3,11023.8,5,7594.8,Credit Card,Delivered
5006,2024-10-14,317,64,2,3,3562.35,15,-8107.65,Credit Card,Returned
5007,2025-03-27,164,66,13,5,17561.25,25,13111.25,Debit Card,Delivered
5008,2023-02-22,251,55,5,1,5308.6,5,4369.6,Net Banking,Delivered
5009,2024-04-13,334,1,15,1,2751.45,15,180.45,UPI,Delivered
5010,2023-11-21,138,17,9,5,15472.0,20,9757.0,Net Banking,Delivered
5011,2023-10-09,255,24,13,3,10168.2,30,-271.8,Debit Card,Delivered
5012,2023-08-05,210,33,6,2,6509.4,5,385.4,UPI,Delivered
5013,2024-11-10,479,16,1,2,4089.4,30,-3152.6,Debit Card,Delivered
5014,2024-07-08,296,8,9,3,18066.0,0,3735.0,Credit Card,Returned
5015,2023-08-04,410,58,20,2,13206.0,0,3726.0,Debit Card,Delivered
5016,2025-06-23,321,9,17,1,912.0,20,-2189.0,Cash,Cancelled
5017,2023-10-14,233,25,16,4,11376.0,25,8000.0,Debit Card,Delivered
5018,2025-02-05,397,36,1,5,10288.5,5,-1191.5,Debit Card,Delivered
5019,2025-10-24,136,38,10,2,13554.0,0,10650.0,Net Banking,Delivered
5020,2024-10-20,296,4,8,3,4475.25,25,-6705.75,Net Banking,Delivered
5021,2023-01-16,122,25,18,5,18012.0,5,13792.0,Debit Card,Cancelled
5022,2023-03-26,94,10,3,4,22535.2,15,8727.2,Cash,Delivered
5023,2024-02-11,132,2,4,4,1716.4,30,-3011.6,Credit Card,Delivered
5024,2025-05-30,168,18,3,2,5136.0,20,4396.0,Debit Card,Delivered
5025,2023-04-28,118,20,15,3,13017.9,30,1110.9,Credit Card,Delivered
5026,2024-08-16,483,34,14,4,7455.0,25,1819.0,Cash,Delivered
5027,2024-11-14,320,19,11,1,4490.4,20,2883.4,Net Banking,Delivered
5028,2024-01-29,181,27,17,5,9460.0,20,-5445.0,Net Banking,Delivered
5029,2025-06-14,389,22,14,3,3188.25,25,-8142.75,Cash,Delivered
5030,2023-12-19,253,18,17,4,8988.0,30,7508.0,UPI,Returned
5031,2025-03-25,301,11,1,5,18553.5,10,15823.5,Cash,Delivered
5032,2023-12-11,138,38,9,5,23719.5,30,16459.5,Debit Card,Delivered
5033,2024-10-15,90,36,6,2,3032.4,30,-1559.6,Debit Card,Delivered
5034,2023-12-12,489,42,15,5,17964.75,15,-6770.25,Net Banking,Delivered
5035,2024-12-18,302,35,4,2,3323.1,5,1239.1,UPI,Delivered
5036,2024-12-23,479,28,16,5,32927.0,5,18287.0,Cash,Delivered
5037,2023-12-19,197,37,5,3,13984.2,15,9121.2,Net Banking,Delivered
5038,2024-05-30,499,65,16,2,10241.6,20,4215.6,Credit Card,Returned
5039,2023-12-14,265,9,6,1,1140.0,0,-1961.0,Credit Card,Delivered
5040,2024-08-11,483,48,15,3,8400.0,0,360.0,Net Banking,Cancelled
5041,2023-01-24,399,59,7,2,6774.4,20,5702.4,UPI,Cancelled
5042,2023-12-15,163,22,12,4,4817.8,15,-10290.2,Cash,Delivered
5043,2025-03-27,41,56,18,2,6288.3,15,-2417.7,UPI,Delivered
5044,2023-04-18,169,46,14,3,2328.9,30,-9077.1,Net Banking,Delivered
5045,2024-01-15,441,35,18,4,6646.2,5,2478.2,UPI,Delivered
5046,2023-03-22,227,30,20,3,12908.25,25,-234.75,UPI,Returned
5047,2023-06-03,454,26,5,2,10654.4,20,5172.4,UPI,Returned
5048,2024-03-25,88,43,17,1,4653.6,20,-170.4,Credit Card,Delivered
5049,2023-12-30,408,3,6,2,10670.4,20,2122.4,Credit Card,Delivered
5050,2025-08-07,9,47,4,3,8761.2,30,-3361.8,UPI,Delivered
5051,2025-02-21,388,16,10,5,13874.75,5,-4230.25,UPI,Returned
5052,2023-02-13,327,2,20,1,521.05,15,-660.95,Net Banking,Delivered
5053,2023-03-18,32,48,13,4,9520.0,15,-1200.0,Debit Card,Delivered
5054,2023-08-16,434,56,1,3,9432.45,15,-3626.55,Cash,Delivered
5055,2023-09-23,339,13,20,4,10587.6,15,7239.6,Cash,Delivered
5056,2025-12-12,491,29,11,2,1762.5,25,-1391.5,Debit Card,Delivered
5057,2024-10-28,468,35,11,1,1399.2,20,357.2,Credit Card,Delivered
5058,2024-07-09,377,51,15,2,8230.8,5,2746.8,Cash,Delivered
5059,2025-05-21,349,4,16,4,5569.2,30,-9338.8,Credit Card,Delivered
5060,2024-02-10,332,31,6,1,4651.2,5,3517.2,Cash,Delivered
5061,2024-06-14,18,43,3,1,4362.75,25,-461.25,Debit Card,Returned
5062,2024-09-05,165,34,2,1,2112.25,15,703.25,Credit Card,Delivered
5063,2024-12-15,336,57,18,1,4508.4,15,518.4,Debit Card,Delivered
5064,2024-02-07,132,63,4,1,792.0,25,-643.0,Cash,Delivered
5065,2025-03-06,294,15,16,4,13134.2,15,-6453.8,Net Banking,Delivered
5066,2023-03-06,373,48,5,4,9520.0,15,-1200.0,Cash,Returned
5067,2024-05-29,373,49,8,2,4806.2,30,3486.2,Net Banking,Delivered
5068,2023-04-03,293,58,7,2,10564.8,20,1084.8,Debit Card,Delivered
5069,2024-11-02,297,64,1,1,1187.45,15,-2702.55,Debit Card,Delivered
5070,2025-06-22,431,10,2,5,26512.0,20,9252.0,UPI,Delivered
5071,2024-01-22,157,14,17,4,13011.2,20,-6652.8,Credit Card,Delivered
5072,2023-12-12,402,39,5,2,4002.0,0,2368.0,Debit Card,Cancelled
5073,2024-09-22,418,63,7,2,1795.2,15,-1074.8,Debit Card,Delivered
5074,2025-10-13,370,24,6,1,3389.4,30,-90.6,Credit Card,Delivered
5075,2025-05-27,44,55,7,3,15087.6,10,12270.6,Debit Card,Delivered
5076,2025-03-07,305,27,12,5,8277.5,30,-6627.5,Net Banking,Delivered
5077,2023-01-23,227,44,17,4,18201.6,20,6813.6,Credit Card,Delivered
5078,2025-01-27,127,50,11,3,2429.7,30,-10638.3,Credit Card,Delivered
5079,2023-03-26,459,21,15,2,2160.7,15,-4167.3,Debit Card,Returned
5080,2024-02-10,78,46,2,4,4214.2,5,-10993.8,Net Banking,Delivered
5081,2023-01-25,233,48,19,3,8400.0,0,360.0,UPI,Cancelled
5082,2025-10-22,147,24,1,3,13799.7,5,3359.7,Debit Card,Returned
5083,2024-07-02,408,13,15,3,7940.7,15,5429.7,Credit Card,Delivered
5084,2024-07-24,386,64,17,4,4191.0,25,-11369.0,Credit Card,Delivered
5085,2023-02-02,374,30,9,5,22948.0,20,1043.0,UPI,Cancelled
5086,2025-12-28,253,28,14,2,11784.4,15,5928.4,UPI,Delivered
5087,2024-09-16,19,51,5,4,17328.0,0,6360.0,Cash,Returned
5088,2023-07-12,4,19,17,4,16839.0,25,10411.0,Debit Card,Delivered
5089,2025-12-06,365,58,7,4,21129.6,20,2169.6,Debit Card,Delivered
5090,2023-04-15,146,37,2,2,9322.8,15,6080.8,Cash,Returned
5091,2025-07-13,63,34,4,4,9940.0,0,4304.0,Debit Card,Delivered
5092,2025-08-15,269,26,16,3,16980.45,15,8757.45,Credit Card,Returned
5093,2024-04-23,147,45,20,4,5000.8,30,-6155.2,Cash,Cancelled
5094,2024-08-31,34,61,20,1,2864.7,10,1122.7,UPI,Cancelled
5095,2025-11-25,496,12,3,3,9063.6,30,8004.6,Net Banking,Cancelled
5096,2023-11-02,388,56,1,1,3699.0,0,-654.0,Cash,Delivered
5097,2023-08-14,80,6,20,2,10102.4,20,978.4,UPI,Cancelled
5098,2023-03-25,491,21,8,3,3431.7,10,-6060.3,Cash,Returned
5099,2023-02-11,190,64,1,5,5937.25,15,-13512.75,Debit Card,Delivered
5100,2025-05-27,306,62,9,3,11875.35,15,-412.65,UPI,Delivered
5101,2024-05-22,40,25,20,1,3602.4,5,2758.4,Cash,Delivered
5102,2025-11-08,174,52,3,4,2745.6,20,-12862.4,Credit Card,Delivered
5103,2025-09-16,3,36,11,1,1841.1,15,-454.9,Cash,Returned
5104,2025-04-08,162,55,8,2,11176.0,0,9298.0,Cash,Returned
5105,2023-10-05,222,51,16,1,3465.6,20,723.6,Credit Card,Returned
5106,2025-04-20,6,12,18,2,7337.2,15,6631.2,Cash,Cancelled
5107,2023-06-16,216,9,17,3,2394.0,30,-6909.0,Net Banking,Delivered
5108,2025-11-06,303,4,3,5,8453.25,15,-10181.75,Net Banking,Delivered
5109,2025-10-25,157,45,6,3,5090.1,5,-3276.9,Debit Card,Returned
5110,2023-04-06,46,31,18,5,17136.0,30,11466.0,Cash,Delivered
5111,2025-04-29,222,52,17,2,1372.8,20,-6431.2,Credit Card,Delivered
5112,2025-11-20,324,25,1,2,5688.0,25,4000.0,Net Banking,Cancelled
5113,2023-02-19,154,58,4,4,22450.2,15,3490.2,Debit Card,Returned
5114,2023-02-14,375,43,3,3,12215.7,30,-2256.3,Debit Card,Cancelled
5115,2023-08-30,452,44,4,2,10807.2,5,5113.2,Cash,Delivered
5116,2025-05-15,427,39,10,3,4502.25,25,2051.25,UPI,Cancelled
5117,2025-06-25,284,30,10,4,17211.0,25,-313.0,UPI,Delivered
5118,2024-01-18,307,41,6,4,25741.2,5,6469.2,UPI,Delivered
5119,2023-11-30,447,24,19,4,13557.6,30,-362.4,Net Banking,Returned
5120,2024-01-28,87,8,8,1,5118.7,15,341.7,Net Banking,Cancelled
5121,2025-11-08,227,37,13,2,7677.6,30,4435.6,Net Banking,Delivered
5122,2023-11-24,468,50,14,5,4049.5,30,-17730.5,Cash,Delivered
5123,2025-05-07,450,62,1,5,22120.75,5,1640.75,Debit Card,Delivered
5124,2023-07-05,95,14,7,2,6912.2,15,-2919.8,Cash,Returned
5125,2025-05-16,304,27,20,1,1892.0,20,-1089.0,Debit Card,Cancelled
5126,2025-04-09,89,29,17,3,3348.75,5,-1382.25,Net Banking,Delivered
5127,2024-02-27,342,31,9,2,9792.0,0,7524.0,Net Banking,Cancelled
5128,2024-05-01,32,39,14,2,4002.0,0,2368.0,Debit Card,Delivered
5129,2023-02-09,195,13,4,5,11677.5,25,7492.5,UPI,Delivered
5130,2025-05-07,231,50,1,3,2429.7,30,-10638.3,Cash,Delivered
5131,2024-01-03,96,61,10,4,10185.6,20,3217.6,UPI,Cancelled
5132,2025-06-18,9,6,1,3,13259.4,30,-426.6,Credit Card,Delivered
5133,2025-12-22,212,43,18,3,15705.9,10,1233.9,Credit Card,Delivered
5134,2025-11-15,238,45,10,2,2857.6,20,-2720.4,Debit Card,Returned
5135,2023-04-22,448,20,17,2,8678.6,30,740.6,Credit Card,Returned
5136,2023-08-17,298,15,4,1,3283.55,15,-1613.45,Cash,Delivered
5137,2023-01-12,340,9,2,5,3990.0,30,-11515.0,Cash,Returned
5138,2024-07-09,322,34,9,4,7455.0,25,1819.0,Credit Card,Returned
5139,2025-12-16,332,44,2,1,5119.2,10,2272.2,Net Banking,Delivered
5140,2024-06-01,404,61,9,1,2705.55,15,963.55,Net Banking,Returned
5141,2025-11-12,293,38,10,2,9487.8,30,6583.8,UPI,Delivered
5142,2025-07-08,16,65,2,1,6080.95,5,3067.95,UPI,Delivered
5143,2023-11-16,482,44,11,4,22752.0,0,11364.0,Cash,Returned
5144,2025-07-02,460,54,20,3,3534.0,0,-4119.0,UPI,Delivered
5145,2023-03-06,254,54,3,1,942.4,20,-1608.6,Net Banking,Returned
5146,2023-11-23,39,44,18,1,4834.8,15,1987.8,Cash,Delivered
5147,2025-04-29,237,13,16,5,14791.5,5,10606.5,Net Banking,Delivered
5148,2024-09-04,124,20,14,3,13017.9,30,1110.9,Net Banking,Delivered
5149,2023-02-09,156,15,6,1,2897.25,25,-1999.75,Cash,Delivered
5150,2024-11-25,170,46,3,5,4436.0,20,-14574.0,Net Banking,Delivered
5151,2024-07-18,275,56,19,4,11097.0,25,-6315.0,UPI,Delivered
5152,2023-01-05,88,36,6,4,6931.2,20,-2252.8,Cash,Cancelled
5153,2025-02-27,405,52,3,1,643.5,25,-3258.5,UPI,Delivered
5154,2025-03-13,413,5,5,4,12457.6,15,7425.6,Credit Card,Delivered
5155,2025-12-22,353,17,2,5,19340.0,0,13625.0,Credit Card,Delivered
5156,2023-09-03,322,44,11,2,9100.8,20,3406.8,Cash,Delivered
5157,2024-02-03,323,3,20,2,11337.3,15,2789.3,Debit Card,Delivered
5158,2024-10-29,490,47,17,3,11890.2,5,-232.8,Net Banking,Delivered
5159,2024-06-02,247,10,1,2,9942.0,25,3038.0,Debit Card,Cancelled
5160,2023-06-16,482,1,19,4,12948.0,0,2664.0,Credit Card,Delivered
5161,2023-10-20,277,21,13,3,2669.1,30,-6822.9,Debit Card,Delivered
5162,2025-04-15,144,58,18,3,18818.55,5,4598.55,Net Banking,Delivered
5163,2023-11-16,358,9,15,5,5700.0,0,-9805.0,Credit Card,Delivered
5164,2023-01-19,107,28,4,3,19756.2,5,10972.2,Credit Card,Cancelled
5165,2025-07-13,295,46,5,3,2661.6,20,-8744.4,Cash,Returned
5166,2025-02-10,101,9,20,1,1083.0,5,-2018.0,Cash,Delivered
5167,2024-08-24,269,12,5,2,6042.4,30,5336.4,Credit Card,Delivered
5168,2024-09-23,203,48,1,3,7980.0,5,-60.0,UPI,Delivered
5169,2025-05-20,400,28,20,3,19756.2,5,10972.2,Debit Card,Cancelled
5170,2025-12-27,115,23,14,1,3089.25,25,896.25,Cash,Delivered
5171,2023-02-03,341,24,3,3,10894.5,25,454.5,Credit Card,Delivered
5172,2025-11-10,470,66,20,3,9834.3,30,7164.3,Net Banking,Delivered
5173,2025-07-14,321,25,6,1,3412.8,10,2568.8,Cash,Delivered
5174,2024-07-20,497,8,19,5,27099.0,10,3214.0,Cash,Delivered
5175,2023-09-18,232,20,16,2,11778.1,5,3840.1,Credit Card,Delivered
5176,2025-04-05,328,42,10,1,3592.95,15,-1354.05,Cash,Cancelled
5177,2025-04-15,381,50,9,5,4628.0,20,-17152.0,Debit Card,Cancelled
5178,2025-02-02,53,34,4,1,2360.75,5,951.75,Net Banking,Delivered
5179,2025-09-19,71,66,11,5,16390.5,30,11940.5,Credit Card,Delivered
5180,2024-01-16,2,34,14,1,2236.5,10,827.5,Net Banking,Cancelled
5181,2023-12-06,420,50,12,4,4396.6,5,-13027.4,Cash,Cancelled
5182,2023-01-23,123,57,19,5,25194.0,5,5244.0,Cash,Delivered
5183,2025-07-18,448,50,10,4,4628.0,0,-12796.0,Net Banking,Cancelled
5184,2024-01-23,107,4,3,4,7558.2,5,-7349.8,Debit Card,Delivered
5185,2023-11-13,385,57,11,5,21216.0,20,1266.0,Net Banking,Returned
5186,2024-05-22,197,5,9,5,12824.0,30,6534.0,Credit Card,Delivered
5187,2025-09-04,211,55,2,5,20955.0,25,16260.0,Cash,Cancelled
5188,2025-10-11,364,46,2,5,4713.25,15,-14296.75,Cash,Cancelled
5189,2025-06-07,264,32,4,2,3848.4,10,-4905.6,UPI,Delivered
5190,2024-06-05,465,31,15,1,4651.2,5,3517.2,Net Banking,Delivered
5191,2024-05-30,452,41,5,1,5419.2,20,601.2,Net Banking,Delivered
5192,2024-02-14,292,37,20,1,4935.6,10,3314.6,Net Banking,Cancelled
5193,2023-06-23,240,43,3,2,8143.8,30,-1504.2,Credit Card,Delivered
5194,2023-03-02,467,43,4,4,23268.0,0,3972.0,UPI,Delivered
5195,2023-04-12,157,59,15,3,11431.8,10,9823.8,Cash,Delivered
5196,2023-05-18,232,42,2,2,5917.8,30,-3976.2,Debit Card,Returned
5197,2023-03-11,297,56,4,2,5178.6,30,-3527.4,Debit Card,Returned
5198,2024-03-21,331,13,13,5,15570.0,0,11385.0,Debit Card,Delivered
5199,2025-11-23,458,59,11,1,4022.3,5,3486.3,Net Banking,Delivered
5200,2025-08-20,74,54,16,3,3357.3,5,-4295.7,Credit Card,Delivered
5201,2025-06-09,195,30,17,5,22948.0,20,1043.0,Debit Card,Returned
5202,2023-11-24,149,66,7,4,16858.8,10,13298.8,Credit Card,Delivered
5203,2023-11-06,394,5,18,1,3297.6,10,2039.6,UPI,Cancelled
5204,2024-11-20,4,22,8,2,2692.3,5,-4861.7,Credit Card,Delivered
5205,2025-05-23,485,27,7,5,10051.25,15,-4853.75,Cash,Cancelled
5206,2024-06-18,468,55,5,1,4470.4,20,3531.4,Net Banking,Cancelled
5207,2023-03-11,470,62,15,4,17696.6,5,1312.6,Debit Card,Delivered
5208,2023-01-09,323,5,12,5,17404.0,5,11114.0,UPI,Delivered
5209,2023-01-06,329,33,13,3,9764.1,5,578.1,Cash,Cancelled
5210,2023-07-25,27,39,9,4,6803.4,15,3535.4,Net Banking,Delivered
5211,2025-09-10,110,31,3,5,22032.0,10,16362.0,Credit Card,Returned
5212,2023-01-14,322,8,17,3,12646.2,30,-1684.8,Debit Card,Delivered
5213,2024-06-11,81,30,11,3,14629.35,15,1486.35,UPI,Returned
5214,2024-04-06,33,65,9,2,11521.8,10,5495.8,UPI,Returned
5215,2024-10-08,244,1,10,2,5502.9,15,360.9,Cash,Delivered
5216,2025-10-13,21,44,6,1,5688.0,0,2841.0,Cash,Delivered
5217,2023-12-14,286,29,1,2,1762.5,25,-1391.5,UPI,Delivered
5218,2024-04-07,286,30,7,3,17211.0,0,4068.0,Cash,Delivered
5219,2024-01-03,165,66,13,5,16390.5,30,11940.5,UPI,Delivered
5220,2023-05-26,110,20,11,3,13017.9,30,1110.9,Net Banking,Delivered
5221,2024-02-01,458,64,1,5,5937.25,15,-13512.75,Credit Card,Delivered
5222,2024-09-02,319,20,12,1,5889.05,5,1920.05,Credit Card,Delivered
5223,2025-07-07,56,43,1,3,15705.9,10,1233.9,Debit Card,Cancelled
5224,2024-07-08,474,3,15,5,33345.0,0,11975.0,Cash,Delivered
5225,2025-12-30,179,66,6,1,3980.55,15,3090.55,Cash,Delivered
5226,2023-05-15,137,55,1,2,10058.4,10,8180.4,UPI,Returned
5227,2024-10-20,51,36,10,4,7364.4,15,-1819.6,UPI,Cancelled
5228,2025-08-23,443,34,5,1,1739.5,30,330.5,UPI,Returned
5229,2025-01-01,32,43,1,5,20359.5,30,-3760.5,UPI,Delivered
5230,2023-12-07,363,8,2,2,9033.0,25,-521.0,Net Banking,Cancelled
5231,2024-07-02,459,19,6,3,16839.0,0,12018.0,Debit Card,Delivered
5232,2023-03-17,424,30,5,2,10326.6,10,1564.6,Net Banking,Delivered
5233,2024-12-26,235,1,12,5,11329.5,30,-1525.5,Net Banking,Delivered
5234,2023-06-11,99,4,17,3,5370.3,10,-5810.7,UPI,Delivered
5235,2024-07-09,196,30,9,4,20653.2,10,3129.2,Net Banking,Delivered
5236,2023-08-28,326,35,13,3,4984.65,5,1858.65,Cash,Delivered
5237,2025-08-26,475,1,7,4,9063.6,30,-1220.4,UPI,Delivered
5238,2024-05-18,138,34,5,3,7455.0,0,3228.0,UPI,Returned
5239,2024-09-30,36,32,8,3,5772.6,10,-7358.4,UPI,Cancelled
5240,2024-05-24,276,34,17,3,7455.0,0,3228.0,Net Banking,Returned
5241,2023-12-31,427,30,9,5,27250.75,5,5345.75,UPI,Cancelled
5242,2024-03-04,359,22,9,1,1062.75,25,-2714.25,Net Banking,Delivered
5243,2023-11-25,108,58,16,4,18488.4,30,-471.6,UPI,Delivered
5244,2025-03-28,392,50,13,5,5206.5,10,-16573.5,Debit Card,Returned
5245,2025-06-29,339,19,19,1,4209.75,25,2602.75,Net Banking,Cancelled
5246,2025-03-13,211,24,9,1,4599.9,5,1119.9,Debit Card,Delivered
5247,2024-11-23,373,43,3,5,21813.75,25,-2306.25,UPI,Delivered
5248,2025-06-14,415,17,13,3,8703.0,25,5274.0,Net Banking,Delivered
5249,2024-04-29,324,7,4,2,6972.0,25,2802.0,Debit Card,Returned
5250,2024-02-14,217,9,16,4,4332.0,5,-8072.0,UPI,Delivered
5251,2024-09-06,230,65,6,5,27204.25,15,12139.25,Debit Card,Delivered
5252,2023-04-20,297,36,5,5,8664.0,20,-2816.0,Cash,Delivered
5253,2025-09-16,235,45,20,1,1428.8,20,-1360.2,UPI,Cancelled
5254,2023-08-29,404,19,18,2,11226.0,0,8012.0,Net Banking,Returned
5255,2024-07-31,272,49,20,5,17165.0,0,13865.0,Credit Card,Delivered
5256,2023-10-25,336,47,8,1,3963.4,5,-77.6,Cash,Delivered
5257,2024-11-17,307,27,2,1,2365.0,0,-616.0,Net Banking,Delivered
5258,2023-04-07,275,13,13,5,14013.0,10,9828.0,Debit Card,Delivered
5259,2024-01-17,57,66,19,4,17795.4,5,14235.4,UPI,Delivered
5260,2025-04-05,326,7,19,5,17430.0,25,7005.0,UPI,Delivered
5261,2023-11-22,66,57,14,4,14851.2,30,-1108.8,Credit Card,Delivered
5262,2025-08-21,473,44,3,3,16210.8,5,7669.8,UPI,Delivered
5263,2025-01-14,245,45,14,4,6429.6,10,-4726.4,Debit Card,Delivered
5264,2023-04-27,339,62,5,4,13971.0,25,-2413.0,Net Banking,Returned
5265,2024-02-07,315,54,18,2,1767.0,25,-3335.0,UPI,Delivered
5266,2025-03-10,81,49,10,1,3089.7,10,2429.7,UPI,Cancelled
5267,2024-05-14,258,15,11,5,17383.5,10,-7101.5,Net Banking,Delivered
5268,2025-09-22,426,29,3,4,3290.0,30,-3018.0,Cash,Delivered
5269,2025-04-14,395,37,16,2,7677.6,30,4435.6,Credit Card,Delivered
5270,2025-02-08,222,62,10,3,10478.25,25,-1809.75,UPI,Delivered
5271,2023-10-10,80,66,11,2,9366.0,0,7586.0,Cash,Delivered
5272,2023-02-03,115,16,14,5,13144.5,10,-4960.5,Credit Card,Delivered
5273,2025-07-07,4,7,1,4,13014.4,30,4674.4,UPI,Delivered
5274,2025-04-01,202,34,19,4,7952.0,20,2316.0,UPI,Delivered
5275,2024-04-29,499,21,4,1,1080.35,15,-2083.65,UPI,Delivered
5276,2025-06-07,96,12,16,4,16400.8,5,14988.8,UPI,Delivered
5277,2025-12-23,81,44,5,1,5403.6,5,2556.6,UPI,Returned
5278,2023-01-17,212,14,5,4,14637.6,10,-5026.4,Net Banking,Cancelled
5279,2023-01-23,138,53,14,5,17850.0,0,14520.0,Credit Card,Cancelled
5280,2023-08-31,497,3,20,1,5335.2,20,1061.2,Credit Card,Delivered
5281,2023-03-01,422,58,17,2,9904.5,25,424.5,Credit Card,Delivered
5282,2024-06-21,469,30,8,2,11474.0,0,2712.0,Debit Card,Delivered
5283,2025-07-31,398,22,9,2,1983.8,30,-5570.2,Debit Card,Cancelled
5284,2025-01-20,450,19,3,4,16839.0,25,10411.0,Credit Card,Delivered
5285,2024-01-18,177,32,15,5,8017.5,25,-13867.5,Cash,Delivered
5286,2025-12-28,144,18,12,1,2568.0,20,2198.0,Cash,Delivered
5287,2025-08-07,88,40,2,2,6090.0,30,-2404.0,Debit Card,Delivered
5288,2024-10-20,375,26,8,3,14982.75,25,6759.75,Debit Card,Delivered
5289,2023-03-31,434,13,5,5,14791.5,5,10606.5,Debit Card,Delivered
5290,2024-07-30,87,1,15,5,12948.0,20,93.0,Debit Card,Delivered
5291,2023-07-05,46,53,14,2,5712.0,20,4380.0,UPI,Cancelled
5292,2023-09-05,28,19,11,1,4209.75,25,2602.75,Net Banking,Cancelled
5293,2024-12-18,388,16,15,4,10515.6,10,-3968.4,Net Banking,Delivered
5294,2024-08-02,249,8,5,3,12646.2,30,-1684.8,Debit Card,Delivered
5295,2023-12-10,437,3,12,4,25342.2,5,8246.2,Net Banking,Returned
5296,2023-09-10,352,30,11,3,16350.45,5,3207.45,Cash,Cancelled
5297,2024-10-06,177,57,8,4,21216.0,0,5256.0,Cash,Delivered
5298,2025-04-16,316,63,17,1,1003.2,5,-431.8,UPI,Delivered
5299,2025-05-16,462,28,12,2,12477.6,10,6621.6,UPI,Delivered
5300,2025-07-08,400,53,11,1,3213.0,10,2547.0,Credit Card,Delivered
5301,2023-09-26,147,56,20,4,14796.0,0,-2616.0,Credit Card,Delivered
5302,2025-10-29,22,60,7,1,5300.1,10,417.1,Debit Card,Delivered
5303,2024-02-12,399,16,3,1,2628.9,10,-992.1,UPI,Delivered
5304,2023-07-04,228,7,5,4,17662.4,5,9322.4,Cash,Delivered
5305,2025-05-16,448,47,11,1,3754.8,10,-286.2,UPI,Delivered
5306,2023-05-07,210,20,12,5,26345.75,15,6500.75,Debit Card,Delivered
5307,2024-09-10,143,2,7,2,1103.4,10,-1260.6,UPI,Delivered
5308,2024-10-30,428,51,13,2,6931.2,20,1447.2,Debit Card,Delivered
5309,2023-04-26,149,44,1,5,25596.0,10,11361.0,Cash,Delivered
5310,2023-07-18,380,16,12,3,8324.85,5,-2538.15,Debit Card,Returned
5311,2023-04-22,312,52,2,4,2745.6,20,-12862.4,Debit Card,Returned
5312,2023-06-13,226,14,3,4,16264.0,0,-3400.0,Net Banking,Returned
5313,2025-03-25,102,5,1,5,14656.0,20,8366.0,Cash,Returned
5314,2025-04-08,403,1,1,3,6797.7,30,-915.3,Net Banking,Delivered
5315,2025-03-06,149,19,18,4,20206.8,10,13778.8,UPI,Cancelled
5316,2024-10-22,367,4,1,2,3779.1,5,-3674.9,Net Banking,Delivered
5317,2025-07-31,151,5,20,3,8244.0,25,4470.0,Cash,Cancelled
5318,2025-08-17,190,9,8,1,1026.0,10,-2075.0,UPI,Delivered
5319,2025-09-06,183,47,14,2,6258.0,25,-1824.0,Cash,Returned
5320,2024-06-27,359,9,6,1,912.0,20,-2189.0,Credit Card,Delivered
5321,2024-01-16,315,15,12,1,3090.4,20,-1806.6,Credit Card,Delivered
5322,2025-06-04,309,41,13,5,30483.0,10,6393.0,Cash,Delivered
5323,2023-10-22,472,60,18,2,11189.1,5,1423.1,Net Banking,Returned
5324,2023-09-30,379,43,16,4,22104.6,5,2808.6,Credit Card,Cancelled
5325,2024-06-14,195,63,10,4,3801.6,10,-1938.4,UPI,Delivered
5326,2024-10-21,273,7,18,5,22078.0,5,11653.0,Credit Card,Delivered
5327,2025-07-31,353,20,6,4,17357.2,30,1481.2,Cash,Cancelled
5328,2024-01-18,39,32,12,5,8017.5,25,-13867.5,Debit Card,Delivered
5329,2024-04-29,430,32,3,4,7269.2,15,-10238.8,Net Banking,Returned
5330,2025-12-31,435,18,7,2,6099.0,5,5359.0,Debit Card,Returned
5331,2023-10-07,28,3,10,2,13338.0,0,4790.0,Credit Card,Returned
5332,2023-07-12,128,11,12,2,8246.0,0,7154.0,Debit Card,Returned
5333,2025-05-16,385,7,5,1,4648.0,0,2563.0,Net Banking,Delivered
5334,2023-12-25,430,3,1,2,9336.6,30,788.6,Net Banking,Delivered
5335,2024-03-11,426,47,18,3,11890.2,5,-232.8,Debit Card,Delivered
5336,2025-12-11,388,62,2,1,3725.6,20,-370.4,Credit Card,Cancelled
5337,2025-09-16,58,62,15,1,3259.9,30,-836.1,Debit Card,Delivered
5338,2024-07-04,409,43,16,1,5235.3,10,411.3,Debit Card,Delivered
5339,2025-06-25,100,12,4,4,17264.0,0,15852.0,Debit Card,Delivered
5340,2023-05-23,276,4,16,5,7458.75,25,-11176.25,Credit Card,Cancelled
5341,2023-03-02,318,4,2,2,3978.0,0,-3476.0,UPI,Returned
5342,2024-08-05,351,22,19,4,3967.6,30,-11140.4,Credit Card,Delivered
5343,2025-06-04,66,38,12,2,12876.3,5,9972.3,Credit Card,Delivered
5344,2025-08-15,243,35,20,4,5946.6,15,1778.6,Cash,Delivered
5345,2025-04-28,24,61,18,2,6366.0,0,2882.0,Net Banking,Returned
5346,2025-04-02,326,46,7,1,942.65,15,-2859.35,Debit Card,Returned
5347,2025-06-26,120,61,5,4,12732.0,0,5764.0,UPI,Delivered
5348,2023-04-18,203,28,1,5,31194.0,10,16554.0,Credit Card,Delivered
5349,2024-10-03,332,14,14,1,3659.4,10,-1256.6,Credit Card,Cancelled
5350,2024-09-15,331,35,13,5,6121.5,30,911.5,Credit Card,Returned
5351,2023-03-18,218,60,16,3,17667.0,0,3018.0,Cash,Returned
5352,2023-04-20,447,59,4,3,9526.5,25,7918.5,Credit Card,Delivered
5353,2025-06-08,145,22,6,3,4251.0,0,-7080.0,Cash,Delivered
5354,2025-05-26,373,60,20,5,27972.75,5,3557.75,Cash,Delivered
5355,2023-01-05,18,44,20,2,10238.4,10,4544.4,Cash,Delivered
5356,2023-03-23,464,20,20,1,4339.3,30,370.3,Credit Card,Returned
5357,2025-11-07,301,41,13,4,25741.2,5,6469.2,Debit Card,Returned
5358,2024-06-21,346,40,15,4,12180.0,30,-4808.0,Cash,Returned
5359,2025-07-06,4,47,12,1,3754.8,10,-286.2,Debit Card,Delivered
5360,2024-03-03,116,14,8,5,17280.5,15,-7299.5,UPI,Cancelled
5361,2025-09-19,103,13,18,2,4982.4,20,3308.4,Net Banking,Cancelled
5362,2023-06-08,144,58,19,3,13866.3,30,-353.7,Debit Card,Cancelled
5363,2023-03-12,231,29,12,5,4993.75,15,-2891.25,Net Banking,Returned
5364,2024-10-04,458,65,10,5,28804.5,10,13739.5,UPI,Delivered
5365,2024-03-01,295,64,15,5,5238.75,25,-14211.25,Credit Card,Delivered
5366,2024-03-19,364,61,10,4,11458.8,10,4490.8,Credit Card,Delivered
5367,2024-06-10,433,19,12,2,8980.8,20,5766.8,Cash,Delivered
5368,2023-11-18,489,30,14,2,11474.0,0,2712.0,Net Banking,Cancelled
5369,2023-06-02,284,6,13,5,22099.0,30,-711.0,UPI,Delivered
5370,2024-11-26,147,45,5,5,8037.0,10,-5908.0,Credit Card,Delivered
5371,2023-05-30,323,47,13,1,4172.0,0,131.0,Credit Card,Returned
5372,2023-12-01,446,39,10,4,6803.4,15,3535.4,Credit Card,Delivered
5373,2024-09-14,115,60,16,5,23556.0,20,-859.0,Cash,Delivered
5374,2023-11-27,353,45,18,2,2500.4,30,-3077.6,Debit Card,Delivered
5375,2025-10-29,28,12,2,4,12948.0,25,11536.0,Cash,Delivered
5376,2025-10-23,333,62,2,5,16299.5,30,-4180.5,Net Banking,Delivered
5377,2025-07-11,196,43,19,2,11052.3,5,1404.3,Net Banking,Returned
5378,2025-09-16,489,42,9,5,15851.25,25,-8883.75,UPI,Delivered
5379,2024-08-17,329,66,7,5,16390.5,30,11940.5,UPI,Delivered
5380,2025-02-26,229,13,20,5,15570.0,0,11385.0,UPI,Returned
5381,2024-06-07,242,39,20,2,3001.5,25,1367.5,Net Banking,Returned
5382,2024-09-18,39,31,16,3,12484.8,15,9082.8,Cash,Returned
5383,2024-07-09,22,17,9,5,15472.0,20,9757.0,Cash,Delivered
5384,2025-05-27,266,11,15,3,9895.2,20,8257.2,Cash,Cancelled
5385,2025-03-03,469,28,20,3,16636.8,20,7852.8,Credit Card,Returned
5386,2023-01-08,430,50,7,5,5495.75,5,-16284.25,Net Banking,Delivered
5387,2025-03-19,388,42,17,2,8031.3,5,-1862.7,UPI,Delivered
5388,2023-10-16,173,7,14,5,23240.0,0,12815.0,Cash,Delivered
5389,2023-09-29,440,40,13,4,14790.0,15,-2198.0,UPI,Delivered
5390,2024-12-30,330,43,2,4,20941.2,10,1645.2,Debit Card,Returned
5391,2025-11-03,351,34,11,4,7455.0,25,1819.0,Cash,Delivered
5392,2025-12-06,157,65,18,3,16322.55,15,7283.55,Cash,Delivered
5393,2025-01-04,119,61,7,3,6684.3,30,1458.3,Cash,Delivered
5394,2024-06-05,85,57,5,1,5038.8,5,1048.8,Cash,Delivered
5395,2023-01-15,486,55,18,3,16764.0,0,13947.0,UPI,Delivered
5396,2024-11-22,113,31,5,5,20808.0,15,15138.0,Net Banking,Delivered
5397,2023-09-29,294,3,6,5,23341.5,30,1971.5,Debit Card,Returned
5398,2023-05-27,79,31,9,1,4406.4,10,3272.4,Cash,Delivered
5399,2024-10-27,90,29,8,3,3172.5,10,-1558.5,UPI,Delivered
5400,2024-09-11,373,26,7,2,11986.2,10,6504.2,Debit Card,Delivered
5401,2025-08-25,46,18,8,5,12840.0,20,10990.0,Debit Card,Delivered
5402,2024-02-18,491,56,14,2,5178.6,30,-3527.4,Credit Card,Cancelled
5403,2025-05-22,98,66,15,4,14985.6,20,11425.6,UPI,Cancelled
5404,2024-10-13,230,66,10,2,6556.2,30,4776.2,Cash,Delivered
5405,2023-02-10,247,40,7,1,3697.5,15,-549.5,Credit Card,Delivered
5406,2024-09-02,252,56,1,2,7398.0,0,-1308.0,Debit Card,Delivered
5407,2025-04-22,77,3,3,2,10670.4,20,2122.4,UPI,Delivered
5408,2024-11-12,151,35,14,1,1224.3,30,182.3,UPI,Cancelled
5409,2025-12-31,25,62,10,5,17463.75,25,-3016.25,Credit Card,Delivered
5410,2024-07-23,407,46,14,5,3881.5,30,-15128.5,UPI,Delivered
5411,2023-01-25,176,3,8,3,15005.25,25,2183.25,Net Banking,Delivered
5412,2025-09-01,153,57,9,1,3712.8,30,-277.2,Net Banking,Delivered
5413,2023-10-04,229,30,3,5,24382.25,15,2477.25,Debit Card,Delivered
5414,2024-07-04,488,4,2,2,3182.4,20,-4271.6,UPI,Delivered
5415,2024-07-07,73,28,1,3,17676.6,15,8892.6,Net Banking,Delivered
5416,2023-03-28,426,50,4,3,3123.9,10,-9944.1,Cash,Delivered
5417,2025-02-12,333,2,20,3,1287.3,30,-2258.7,Cash,Delivered
5418,2024-10-21,101,8,11,5,30110.0,0,6225.0,Cash,Returned
5419,2024-05-29,406,31,9,2,7833.6,20,5565.6,UPI,Delivered
5420,2023-04-03,410,56,7,5,12946.5,30,-8818.5,Credit Card,Returned
5421,2023-12-12,418,35,3,4,6996.0,0,2828.0,Net Banking,Delivered
5422,2023-04-01,93,3,20,3,19006.65,5,6184.65,Credit Card,Delivered
5423,2023-10-14,128,42,7,3,10144.8,20,-4696.2,Debit Card,Cancelled
5424,2023-02-05,27,48,13,3,6720.0,20,-1320.0,Cash,Delivered
5425,2023-03-25,155,11,1,3,11750.55,5,10112.55,Credit Card,Delivered
5426,2025-06-20,198,32,4,5,8017.5,25,-13867.5,Cash,Delivered
5427,2025-06-13,459,3,10,3,16005.6,20,3183.6,Cash,Delivered
5428,2023-08-21,140,37,16,5,24678.0,10,16573.0,Debit Card,Delivered
5429,2024-07-01,3,16,18,5,12414.25,15,-5690.75,Net Banking,Returned
5430,2023-01-08,457,54,16,2,2238.2,5,-2863.8,Net Banking,Cancelled
5431,2024-10-17,226,49,15,2,4806.2,30,3486.2,Net Banking,Delivered
5432,2024-07-20,416,26,12,5,23306.5,30,9601.5,UPI,Cancelled
5433,2024-05-16,143,54,14,4,4476.4,5,-5727.6,Credit Card,Delivered
5434,2025-01-08,140,54,17,4,4712.0,0,-5492.0,Net Banking,Delivered
5435,2024-07-27,414,38,13,5,23719.5,30,16459.5,Credit Card,Delivered
5436,2025-09-11,500,48,2,4,7840.0,30,-2880.0,Debit Card,Cancelled
5437,2025-06-27,470,6,18,2,12628.0,0,3504.0,Credit Card,Returned
5438,2025-04-05,226,22,4,1,1204.45,15,-2572.55,Credit Card,Cancelled
5439,2023-06-27,411,3,20,2,10003.5,25,1455.5,Debit Card,Delivered
5440,2023-07-04,308,8,12,5,21077.0,30,-2808.0,Cash,Cancelled
5441,2024-08-26,213,36,19,5,10288.5,5,-1191.5,Credit Card,Delivered
5442,2024-11-27,471,49,15,3,7209.3,30,5229.3,Net Banking,Delivered
5443,2023-02-17,224,15,15,4,12361.6,20,-7226.4,Cash,Delivered
5444,2025-07-31,279,7,15,2,8831.2,5,4661.2,Credit Card,Delivered
5445,2025-07-11,99,31,5,4,19584.0,0,15048.0,Net Banking,Cancelled
5446,2023-11-07,391,7,19,5,23240.0,0,12815.0,Credit Card,Delivered
5447,2023-04-26,241,17,16,4,11604.0,25,7032.0,UPI,Returned
5448,2024-07-12,19,37,11,4,19742.4,10,13258.4,Net Banking,Returned
5449,2024-07-28,119,43,12,4,23268.0,0,3972.0,Cash,Delivered
5450,2024-06-15,499,56,13,5,16645.5,10,-5119.5,UPI,Returned
5451,2025-10-13,362,58,14,4,22450.2,15,3490.2,Debit Card,Delivered
5452,2025-12-10,152,10,10,2,10604.8,20,3700.8,UPI,Cancelled
5453,2023-03-23,99,46,10,5,4436.0,20,-14574.0,Cash,Returned
5454,2025-11-19,280,37,9,2,9322.8,15,6080.8,UPI,Delivered
5455,2024-10-18,387,33,1,5,17130.0,0,1820.0,Cash,Cancelled
5456,2024-09-11,300,27,6,1,1892.0,20,-1089.0,Debit Card,Cancelled
5457,2025-03-10,14,1,11,5,11329.5,30,-1525.5,Credit Card,Delivered
5458,2025-11-01,80,40,19,5,20662.5,5,-572.5,Debit Card,Cancelled
5459,2025-04-21,374,16,5,5,12414.25,15,-5690.75,Credit Card,Cancelled
5460,2023-11-15,330,8,8,1,4215.4,30,-561.6,UPI,Returned
5461,2023-06-12,195,41,5,4,23031.6,15,3759.6,Credit Card,Delivered
5462,2023-08-11,270,20,3,5,26345.75,15,6500.75,Credit Card,Delivered
5463,2024-11-14,33,49,2,5,17165.0,0,13865.0,UPI,Cancelled
5464,2023-11-13,4,30,18,5,28685.0,0,6780.0,Net Banking,Returned
5465,2025-03-03,224,29,20,5,4700.0,20,-3185.0,UPI,Cancelled
5466,2023-02-24,145,33,12,2,4796.4,30,-1327.6,Cash,Delivered
5467,2023-03-17,500,40,17,4,14790.0,15,-2198.0,UPI,Delivered
5468,2023-09-28,89,5,8,4,11724.8,20,6692.8,Credit Card,Delivered
5469,2023-10-22,49,45,9,2,2857.6,20,-2720.4,Cash,Cancelled
5470,2024-04-03,56,20,2,5,29445.25,5,9600.25,Debit Card,Returned
5471,2025-06-13,389,11,2,5,15461.25,25,12731.25,Debit Card,Cancelled
5472,2024-05-11,266,5,15,4,14656.0,0,9624.0,Debit Card,Delivered
5473,2024-11-02,154,60,18,4,20022.6,15,490.6,Cash,Cancelled
5474,2025-11-28,461,53,7,5,15172.5,15,11842.5,Credit Card,Delivered
5475,2025-07-02,491,38,1,3,18297.9,10,13941.9,UPI,Delivered
5476,2023-07-27,192,48,6,4,10640.0,5,-80.0,Credit Card,Returned
5477,2024-10-23,208,14,13,2,8132.0,0,-1700.0,Debit Card,Delivered
5478,2024-10-13,249,8,17,1,4516.5,25,-260.5,Cash,Returned
5479,2023-09-18,5,8,18,1,5419.8,10,642.8,UPI,Cancelled
5480,2024-03-31,268,21,10,4,4067.2,20,-8588.8,Net Banking,Delivered
5481,2023-04-02,248,41,1,3,18289.8,10,3835.8,Debit Card,Delivered
5482,2024-03-04,258,47,8,5,16688.0,20,-3517.0,UPI,Delivered
5483,2024-09-23,3,45,20,3,5358.0,0,-3009.0,Cash,Delivered
5484,2023-11-09,55,56,3,1,2589.3,30,-1763.7,Credit Card,Returned
5485,2023-04-11,44,33,16,3,7194.6,30,-1991.4,Credit Card,Delivered
5486,2023-08-22,189,61,11,5,13527.75,15,4817.75,Debit Card,Returned
5487,2025-12-29,240,17,14,4,10830.4,30,6258.4,Net Banking,Delivered
5488,2025-06-15,460,20,17,1,4959.2,20,990.2,Cash,Cancelled
5489,2023-04-20,294,28,3,4,22182.4,20,10470.4,Credit Card,Delivered
5490,2024-06-30,73,49,7,3,7209.3,30,5229.3,Debit Card,Delivered
5491,2024-06-23,88,14,14,5,18297.0,10,-6283.0,Cash,Delivered
5492,2024-08-23,193,25,11,5,13272.0,30,9052.0,UPI,Delivered
5493,2025-05-25,90,42,14,4,12681.0,25,-7107.0,Debit Card,Delivered
5494,2024-03-22,477,54,5,1,1001.3,15,-1549.7,Credit Card,Cancelled
5495,2024-03-23,253,43,14,3,14833.35,15,361.35,Cash,Cancelled
5496,2023-09-01,14,54,14,2,1649.2,30,-3452.8,Debit Card,Cancelled
5497,2025-07-16,110,49,17,4,12358.8,10,9718.8,Credit Card,Cancelled
5498,2025-06-18,50,52,8,2,1287.0,25,-6517.0,Credit Card,Delivered
5499,2024-03-02,129,5,18,5,15572.0,15,9282.0,UPI,Delivered
5500,2023-07-01,103,18,16,5,11235.0,30,9385.0,Debit Card,Cancelled
5501,2024-09-15,349,48,17,3,6300.0,25,-1740.0,Credit Card,Delivered
5502,2024-09-06,175,23,9,2,7826.1,5,3440.1,UPI,Delivered
5503,2024-12-11,461,32,2,3,6414.0,0,-6717.0,Debit Card,Cancelled
5504,2025-06-05,191,26,11,2,10654.4,20,5172.4,Cash,Delivered
5505,2024-09-06,246,22,6,4,5384.6,5,-9723.4,Debit Card,Delivered
5506,2024-06-05,5,56,6,4,11097.0,25,-6315.0,Cash,Delivered
5507,2024-12-31,389,38,15,1,6099.3,10,4647.3,Net Banking,Delivered
5508,2025-09-24,88,28,6,1,5199.0,25,2271.0,Debit Card,Returned
5509,2025-05-19,453,32,2,5,10690.0,0,-11195.0,UPI,Delivered
5510,2023-01-27,339,20,3,1,5579.1,10,1610.1,Credit Card,Delivered
5511,2023-07-12,16,24,10,1,3873.6,20,393.6,Cash,Cancelled
5512,2024-08-10,380,14,4,5,20330.0,0,-4250.0,UPI,Delivered
5513,2024-07-14,387,43,17,3,12215.7,30,-2256.3,Cash,Delivered
5514,2024-06-06,55,4,2,1,1491.75,25,-2235.25,Net Banking,Delivered
5515,2025-07-10,360,54,14,4,3298.4,30,-6905.6,Debit Card,Delivered
5516,2023-09-14,53,40,6,2,6960.0,20,-1534.0,Net Banking,Delivered
5517,2024-05-09,482,20,2,3,13947.75,25,2040.75,Credit Card,Delivered
5518,2024-12-13,469,29,18,2,1997.5,15,-1156.5,UPI,Cancelled
5519,2024-01-19,75,58,14,5,28062.75,15,4362.75,UPI,Cancelled
5520,2025-02-11,76,48,7,2,4760.0,15,-600.0,Cash,Delivered
5521,2025-02-12,459,28,12,1,5545.6,20,2617.6,Cash,Delivered
5522,2023-01-04,494,13,4,4,12456.0,0,9108.0,Credit Card,Delivered
5523,2024-07-23,496,32,10,4,8124.4,5,-9383.6,Credit Card,Delivered
5524,2023-09-20,387,30,7,2,8031.8,30,-730.2,Credit Card,Returned
5525,2023-03-23,487,41,10,2,12193.2,10,2557.2,UPI,Delivered
5526,2024-03-28,103,45,18,4,6072.4,15,-5083.6,Cash,Delivered
5527,2023-02-03,466,29,13,3,2820.0,20,-1911.0,UPI,Delivered
5528,2023-05-28,68,19,5,4,17961.6,20,11533.6,Debit Card,Delivered
5529,2025-04-06,124,33,11,3,9250.2,10,64.2,UPI,Delivered
5530,2023-12-03,463,19,8,3,16839.0,0,12018.0,Credit Card,Delivered
5531,2025-07-26,229,53,1,3,10710.0,0,8712.0,Debit Card,Delivered
5532,2024-09-21,292,32,13,3,5451.9,15,-7679.1,Credit Card,Delivered
5533,2025-02-24,32,38,20,1,6777.0,0,5325.0,Credit Card,Delivered
5534,2024-03-22,361,22,1,2,2408.9,15,-5145.1,UPI,Cancelled
5535,2024-12-31,90,42,7,5,14794.5,30,-9940.5,Cash,Cancelled
5536,2023-11-20,187,50,7,3,3123.9,10,-9944.1,Credit Card,Delivered
5537,2024-06-22,205,46,14,4,3770.6,15,-11437.4,UPI,Delivered
5538,2023-02-23,431,31,1,5,24480.0,0,18810.0,Credit Card,Cancelled
5539,2024-01-02,364,36,13,3,6498.0,0,-390.0,Debit Card,Delivered
5540,2024-03-02,198,2,11,1,459.75,25,-722.25,Debit Card,Delivered
5541,2025-03-28,233,63,1,3,2534.4,20,-1770.6,Cash,Delivered
5542,2024-04-13,137,2,17,2,980.8,20,-1383.2,Net Banking,Delivered
5543,2024-05-08,33,7,2,3,11852.4,15,5597.4,Credit Card,Delivered
5544,2024-07-19,152,62,9,3,12573.9,10,285.9,Cash,Returned
5545,2025-09-14,29,26,13,1,5993.1,10,3252.1,Debit Card,Cancelled
5546,2025-01-02,278,25,5,2,7204.8,5,5516.8,UPI,Delivered
5547,2025-07-26,225,1,15,3,7283.25,25,-429.75,Net Banking,Cancelled
5548,2024-10-10,326,55,5,4,17881.6,20,14125.6,Credit Card,Delivered
5549,2023-01-17,406,58,15,2,9244.2,30,-235.8,Debit Card,Delivered
5550,2024-08-07,324,49,11,5,15448.5,10,12148.5,Credit Card,Delivered
5551,2025-06-10,109,54,17,4,3534.0,25,-6670.0,Cash,Delivered
5552,2023-04-17,126,6,6,5,29991.5,5,7181.5,Net Banking,Delivered
5553,2023-05-03,14,58,6,5,33015.0,0,9315.0,UPI,Returned
5554,2024-05-13,44,59,15,5,17994.5,15,15314.5,UPI,Delivered
5555,2023-06-22,441,40,11,2,6960.0,20,-1534.0,Debit Card,Delivered
5556,2024-04-13,340,36,11,1,1949.4,10,-346.6,Cash,Delivered
5557,2023-12-16,167,23,8,5,17505.75,15,6540.75,UPI,Delivered
5558,2023-06-08,265,12,2,4,12084.8,30,10672.8,Net Banking,Delivered
5559,2025-04-10,374,31,4,1,4896.0,0,3762.0,Net Banking,Delivered
5560,2023-09-21,86,47,2,4,15019.2,10,-1144.8,Debit Card,Delivered
5561,2023-01-05,214,52,2,1,729.3,15,-3172.7,Credit Card,Delivered
5562,2024-02-10,63,25,3,5,14220.0,25,10000.0,Credit Card,Returned
5563,2024-06-23,446,33,9,1,3083.4,10,21.4,Credit Card,Returned
5564,2025-04-07,272,31,6,2,9792.0,0,7524.0,UPI,Delivered
5565,2023-04-22,322,47,17,2,7926.8,5,-155.2,Credit Card,Cancelled
5566,2024-11-17,121,12,8,4,12084.8,30,10672.8,Debit Card,Returned
5567,2024-10-30,448,56,15,1,2774.25,25,-1578.75,Credit Card,Delivered
5568,2023-07-15,137,26,7,3,14982.75,25,6759.75,UPI,Delivered
5569,2025-04-06,388,42,11,2,8454.0,0,-1440.0,Cash,Delivered
5570,2024-10-07,498,17,20,1,3868.0,0,2725.0,UPI,Delivered
5571,2023-10-18,459,8,14,3,13549.5,25,-781.5,UPI,Delivered
5572,2024-05-26,485,46,14,4,3770.6,15,-11437.4,Credit Card,Returned
5573,2023-09-21,338,59,15,5,20111.5,5,17431.5,Credit Card,Delivered
5574,2023-03-06,126,17,4,3,11604.0,0,8175.0,Debit Card,Delivered
5575,2024-01-13,342,60,19,5,27972.75,5,3557.75,Credit Card,Delivered
5576,2023-10-14,348,60,13,3,15016.95,15,367.95,UPI,Delivered
5577,2023-04-05,53,14,1,5,14231.0,30,-10349.0,UPI,Delivered
5578,2025-12-30,6,29,8,2,2115.0,10,-1039.0,Debit Card,Delivered
5579,2023-07-26,301,61,7,2,5092.8,20,1608.8,Credit Card,Delivered
5580,2024-01-07,143,13,18,2,5605.2,10,3931.2,Net Banking,Delivered
5581,2024-03-15,284,25,14,1,2654.4,30,1810.4,Credit Card,Delivered
5582,2024-11-18,255,20,10,5,27895.5,10,8050.5,Cash,Returned
5583,2023-09-16,115,32,9,3,5772.6,10,-7358.4,Credit Card,Delivered
5584,2025-03-29,102,42,10,2,6763.2,20,-3130.8,Debit Card,Delivered
5585,2025-05-26,206,25,8,5,16116.0,15,11896.0,UPI,Delivered
5586,2025-11-14,274,50,14,3,2776.8,20,-10291.2,Cash,Delivered
5587,2023-12-23,58,47,7,2,7509.6,10,-572.4,UPI,Returned
5588,2024-05-21,407,21,9,5,5719.5,10,-10100.5,Cash,Delivered
5589,2024-05-11,170,14,4,4,12198.0,25,-7466.0,Debit Card,Returned
5590,2025-01-08,342,46,19,5,4436.0,20,-14574.0,Credit Card,Cancelled
5591,2024-04-20,288,6,16,4,17679.2,30,-568.8,Debit Card,Delivered
5592,2023-12-30,212,66,10,1,4214.7,10,3324.7,Cash,Delivered
5593,2024-11-11,331,10,13,3,13918.8,30,3562.8,Net Banking,Delivered
5594,2025-03-09,173,57,7,3,13525.2,15,1555.2,Credit Card,Delivered
5595,2025-11-12,189,29,12,2,1645.0,30,-1509.0,UPI,Cancelled
5596,2024-09-06,80,66,6,4,15922.2,15,12362.2,UPI,Delivered
5597,2025-01-26,104,25,7,4,10617.6,30,7241.6,Credit Card,Delivered
5598,2025-01-29,447,4,19,4,5569.2,30,-9338.8,Credit Card,Delivered
5599,2024-07-08,283,44,3,4,15926.4,30,4538.4,Cash,Delivered
5600,2024-04-22,262,19,6,3,12629.25,25,7808.25,Debit Card,Delivered
5601,2025-04-15,344,53,2,5,14280.0,20,10950.0,Credit Card,Returned
5602,2024-11-25,159,29,11,5,4700.0,20,-3185.0,Credit Card,Delivered
5603,2025-03-06,11,8,2,3,17162.7,5,2831.7,Cash,Cancelled
5604,2023-07-31,114,36,3,2,3898.8,10,-693.2,Debit Card,Delivered
5605,2025-07-26,256,16,20,1,2774.95,5,-846.05,Cash,Delivered
5606,2024-10-25,309,37,6,5,26049.0,5,17944.0,Debit Card,Delivered
5607,2024-11-03,449,44,7,3,14504.4,15,5963.4,Net Banking,Returned
5608,2023-02-23,2,23,11,4,15652.2,5,6880.2,Cash,Delivered
5609,2023-10-29,500,4,10,4,5967.0,25,-8941.0,Debit Card,Cancelled
5610,2024-04-29,174,3,2,4,21340.8,20,4244.8,Net Banking,Cancelled
5611,2023-06-08,96,64,14,5,4889.5,30,-14560.5,Cash,Delivered
5612,2024-04-04,150,7,8,3,9760.8,30,3505.8,Net Banking,Delivered
5613,2025-11-21,425,2,4,1,521.05,15,-660.95,Credit Card,Returned
5614,2023-03-01,468,1,17,4,12948.0,0,2664.0,Credit Card,Delivered
5615,2024-03-02,296,28,16,4,19409.6,30,7697.6,Cash,Delivered
5616,2025-08-23,229,44,4,4,22752.0,0,11364.0,Credit Card,Delivered
5617,2025-05-17,132,24,3,1,4357.8,10,877.8,Cash,Cancelled
5618,2023-10-14,435,8,6,1,4817.6,20,40.6,Cash,Returned
5619,2024-03-01,353,18,6,3,7704.0,20,6594.0,UPI,Delivered
5620,2025-03-26,463,52,16,1,772.2,10,-3129.8,Credit Card,Cancelled
5621,2025-06-24,496,26,7,3,13983.9,30,5760.9,Cash,Delivered
5622,2024-07-23,287,12,4,3,9711.0,25,8652.0,Credit Card,Returned
5623,2023-12-03,297,25,5,5,13272.0,30,9052.0,Cash,Returned
5624,2025-04-10,177,57,10,3,14320.8,10,2350.8,Credit Card,Delivered
5625,2025-07-31,179,40,9,5,21750.0,0,515.0,Credit Card,Returned
5626,2024-09-07,464,45,10,5,6251.0,30,-7694.0,UPI,Delivered
5627,2024-06-21,295,48,12,4,7840.0,30,-2880.0,Net Banking,Returned
5628,2023-08-13,105,46,10,1,831.75,25,-2970.25,Credit Card,Returned
5629,2025-02-23,226,9,19,4,3420.0,25,-8984.0,Debit Card,Cancelled
5630,2025-04-19,38,33,6,4,13704.0,0,1456.0,Cash,Returned
5631,2024-04-04,455,19,9,1,4771.05,15,3164.05,Credit Card,Delivered
5632,2023-08-16,359,15,2,2,6180.8,20,-3613.2,UPI,Delivered
5633,2023-12-14,158,62,1,4,18628.0,0,2244.0,Debit Card,Cancelled
5634,2025-04-01,367,11,3,1,4123.0,0,3577.0,Credit Card,Cancelled
5635,2023-03-11,257,32,2,5,9621.0,10,-12264.0,UPI,Delivered
5636,2024-07-11,148,64,4,2,2654.3,5,-5125.7,Debit Card,Delivered
5637,2025-05-08,103,12,20,4,12948.0,25,11536.0,Cash,Returned
5638,2024-07-14,356,20,7,2,9298.5,25,1360.5,Net Banking,Delivered
5639,2024-06-27,394,4,7,3,5967.0,0,-5214.0,UPI,Returned
5640,2025-06-08,271,35,20,1,1749.0,0,707.0,Cash,Cancelled
5641,2023-06-01,243,54,19,2,2356.0,0,-2746.0,Debit Card,Cancelled
5642,2025-03-31,497,51,5,1,4332.0,0,1590.0,UPI,Delivered
5643,2023-06-20,98,14,14,5,15247.5,25,-9332.5,UPI,Delivered
5644,2023-11-27,473,13,13,3,7006.5,25,4495.5,UPI,Delivered
5645,2025-05-04,472,20,20,5,24796.0,20,4951.0,Cash,Delivered
5646,2023-03-09,128,42,5,4,13526.4,20,-6261.6,UPI,Cancelled
5647,2024-05-19,444,23,5,5,20595.0,0,9630.0,Debit Card,Delivered
5648,2024-02-15,383,64,3,1,977.9,30,-2912.1,Debit Card,Cancelled
5649,2024-06-18,443,63,10,3,2851.2,10,-1453.8,Credit Card,Delivered
5650,2024-02-09,285,43,12,2,10470.6,10,822.6,UPI,Delivered
5651,2025-09-06,354,30,6,1,4302.75,25,-78.25,Net Banking,Returned
5652,2023-07-24,126,4,18,1,1690.65,15,-2036.35,Credit Card,Cancelled
5653,2023-06-13,185,20,14,4,24796.0,0,8920.0,Debit Card,Delivered
5654,2023-06-26,435,28,7,1,4852.4,30,1924.4,Cash,Delivered
5655,2023-07-20,45,38,5,2,12876.3,5,9972.3,Net Banking,Returned
5656,2023-02-03,357,18,8,3,6741.0,30,5631.0,Credit Card,Delivered
5657,2023-01-09,182,34,19,4,7455.0,25,1819.0,Credit Card,Cancelled
5658,2023-06-30,119,61,4,5,11140.5,30,2430.5,Debit Card,Delivered
5659,2025-12-28,30,27,12,1,2246.75,5,-734.25,Cash,Returned
5660,2023-10-07,304,34,19,3,6709.5,10,2482.5,Cash,Returned
5661,2024-03-12,82,31,10,1,3427.2,30,2293.2,Cash,Delivered
5662,2025-10-02,52,7,10,5,20916.0,10,10491.0,Cash,Delivered
5663,2023-05-27,161,15,4,4,14679.4,5,-4908.6,Credit Card,Cancelled
5664,2025-10-19,36,18,1,1,3210.0,0,2840.0,Debit Card,Cancelled
5665,2025-02-15,242,63,20,1,792.0,25,-643.0,UPI,Cancelled
5666,2024-05-25,439,49,4,3,9784.05,5,7804.05,Credit Card,Delivered
5667,2023-04-09,245,22,1,3,3825.9,10,-7505.1,UPI,Returned
5668,2024-11-18,490,37,1,2,10968.0,0,7726.0,Credit Card,Delivered
5669,2025-06-06,493,3,8,1,5668.65,15,1394.65,Credit Card,Delivered
5670,2024-06-02,86,29,14,1,998.75,15,-578.25,Debit Card,Delivered
5671,2023-12-26,356,41,7,2,12193.2,10,2557.2,Cash,Returned
5672,2023-01-05,63,30,12,3,17211.0,0,4068.0,Credit Card,Returned
5673,2025-09-23,470,44,15,3,15357.6,10,6816.6,UPI,Returned
5674,2024-07-19,157,43,15,4,18614.4,20,-681.6,Net Banking,Cancelled
5675,2025-03-10,393,12,20,3,11005.8,15,9946.8,Net Banking,Delivered
5676,2024-03-28,56,26,10,5,26636.0,20,12931.0,UPI,Delivered
5677,2024-11-28,60,31,17,3,14688.0,0,11286.0,Cash,Delivered
5678,2025-04-03,357,31,18,3,11016.0,25,7614.0,Credit Card,Delivered
5679,2025-10-30,405,62,10,3,9779.7,30,-2508.3,Debit Card,Delivered
5680,2023-06-26,7,39,17,2,3401.7,15,1767.7,Cash,Delivered
5681,2023-09-30,183,7,15,4,15803.2,15,7463.2,Debit Card,Delivered
5682,2024-06-14,439,34,18,3,7455.0,0,3228.0,Cash,Delivered
5683,2023-03-29,210,26,7,4,26636.0,0,15672.0,UPI,Delivered
5684,2024-03-31,309,24,14,3,14526.0,0,4086.0,UPI,Delivered
5685,2025-05-12,103,42,16,5,15851.25,25,-8883.75,Credit Card,Delivered
5686,2025-11-14,7,46,4,1,776.3,30,-3025.7,Cash,Delivered
5687,2025-04-23,184,44,2,1,5688.0,0,2841.0,Cash,Cancelled
5688,2024-07-10,354,24,12,5,24210.0,0,6810.0,UPI,Delivered
5689,2023-10-16,168,60,18,2,9422.4,20,-343.6,UPI,Delivered
5690,2024-01-29,312,51,4,4,16461.6,5,5493.6,Net Banking,Returned
5691,2024-12-20,366,23,2,1,4119.0,0,1926.0,Credit Card,Delivered
5692,2023-10-31,71,15,9,2,7339.7,5,-2454.3,Credit Card,Delivered
5693,2024-08-04,186,39,3,5,9504.75,5,5419.75,UPI,Cancelled
5694,2024-10-31,461,39,12,3,5102.55,15,2651.55,Credit Card,Cancelled
5695,2024-08-31,117,15,19,2,6953.4,10,-2840.6,UPI,Delivered
5696,2023-03-21,231,36,17,3,6498.0,0,-390.0,Net Banking,Delivered
5697,2023-08-26,468,17,9,4,12377.6,20,7805.6,Credit Card,Delivered
5698,2023-08-25,278,50,12,1,867.75,25,-3488.25,Credit Card,Delivered
5699,2024-10-05,219,13,6,1,2179.8,30,1342.8,Credit Card,Delivered
5700,2023-12-04,105,44,10,4,21614.4,5,10226.4,Net Banking,Cancelled
5701,2023-01-16,124,55,2,2,7823.2,30,5945.2,Cash,Delivered
5702,2025-01-06,82,52,10,1,643.5,25,-3258.5,Cash,Cancelled
5703,2025-08-09,363,48,4,1,2240.0,20,-440.0,Net Banking,Delivered
5704,2023-02-05,364,46,6,1,1053.55,5,-2748.45,UPI,Delivered
5705,2024-08-12,190,9,8,3,3420.0,0,-5883.0,Debit Card,Delivered
5706,2024-11-12,105,36,4,3,6498.0,0,-390.0,Credit Card,Cancelled
5707,2024-06-21,93,42,15,1,3170.25,25,-1776.75,Debit Card,Delivered
5708,2025-07-19,335,14,9,5,17280.5,15,-7299.5,Debit Card,Returned
5709,2023-03-16,170,13,20,2,4982.4,20,3308.4,Credit Card,Delivered
5710,2024-04-02,424,12,13,5,16185.0,25,14420.0,UPI,Delivered
5711,2024-12-06,56,7,4,2,6507.2,30,2337.2,Cash,Cancelled
5712,2024-04-10,44,65,1,1,4800.75,25,1787.75,Cash,Cancelled
5713,2023-08-25,129,32,17,5,7483.0,30,-14402.0,Credit Card,Delivered
5714,2025-06-29,252,21,7,2,1779.4,30,-4548.6,Debit Card,Delivered
5715,2023-01-29,135,45,8,4,5715.2,20,-5440.8,Debit Card,Delivered
5716,2024-12-06,196,45,6,5,8037.0,10,-5908.0,Cash,Delivered
5717,2024-09-18,38,63,20,5,4224.0,20,-2951.0,UPI,Cancelled
5718,2023-01-02,373,28,6,3,19756.2,5,10972.2,Cash,Cancelled
5719,2023-04-11,449,30,10,4,18358.4,20,834.4,Debit Card,Delivered
5720,2025-05-28,239,34,19,2,3976.0,20,1158.0,UPI,Delivered
5721,2023-04-10,442,62,12,1,3492.75,25,-603.25,Cash,Delivered
5722,2024-05-07,381,54,18,4,4005.2,15,-6198.8,Credit Card,Delivered
5723,2025-06-28,164,16,13,3,7886.7,10,-2976.3,UPI,Delivered
5724,2023-10-22,367,14,11,4,14637.6,10,-5026.4,Cash,Delivered
5725,2025-05-06,337,49,19,1,3261.35,5,2601.35,Net Banking,Delivered
5726,2023-04-30,99,39,18,3,4802.4,20,2351.4,Credit Card,Delivered
5727,2023-02-11,27,43,6,2,8725.5,25,-922.5,Net Banking,Delivered
5728,2025-03-27,310,62,17,2,7916.9,15,-275.1,Net Banking,Cancelled
5729,2025-03-25,104,9,5,2,1710.0,25,-4492.0,Debit Card,Delivered
5730,2025-10-18,496,43,11,3,14833.35,15,361.35,Credit Card,Delivered
5731,2024-07-31,147,63,3,1,844.8,20,-590.2,Credit Card,Delivered
5732,2023-12-23,172,18,14,2,5778.0,10,5038.0,Credit Card,Delivered
5733,2023-03-07,158,11,14,5,20615.0,0,17885.0,Debit Card,Delivered
5734,2023-09-16,74,21,3,4,3813.0,25,-8843.0,Debit Card,Delivered
5735,2024-05-20,28,33,8,3,9250.2,10,64.2,Cash,Cancelled
5736,2025-12-30,40,53,20,1,3213.0,10,2547.0,Debit Card,Delivered
5737,2023-02-28,360,40,14,4,15660.0,10,-1328.0,Cash,Delivered
5738,2025-02-14,483,19,14,4,17961.6,20,11533.6,UPI,Delivered
5739,2025-01-25,387,46,20,3,3160.65,5,-8245.35,Cash,Delivered
5740,2024-03-12,101,65,11,2,8961.4,30,2935.4,Credit Card,Returned
5741,2024-11-23,354,30,6,2,9179.2,20,417.2,Net Banking,Delivered
5742,2024-03-31,74,66,15,3,13346.55,5,10676.55,UPI,Delivered
5743,2023-10-13,124,60,3,5,20611.5,30,-3803.5,Net Banking,Delivered
5744,2024-07-26,226,64,8,2,2794.0,0,-4986.0,UPI,Delivered
5745,2025-03-14,280,6,10,5,26834.5,15,4024.5,Credit Card,Returned
5746,2023-07-05,138,39,1,5,8004.0,20,3919.0,Cash,Delivered
5747,2024-08-28,98,51,11,1,3682.2,15,940.2,Credit Card,Cancelled
5748,2023-09-26,167,43,13,2,8143.8,30,-1504.2,UPI,Delivered
5749,2025-08-08,397,44,7,1,4834.8,15,1987.8,Net Banking,Delivered
5750,2024-05-08,28,15,6,1,3476.7,10,-1420.3,Net Banking,Delivered
5751,2024-03-05,147,22,14,4,4817.8,15,-10290.2,Cash,Delivered
5752,2023-09-16,33,47,19,4,15853.6,5,-310.4,Debit Card,Delivered
5753,2024-04-17,227,64,1,2,2794.0,0,-4986.0,Net Banking,Delivered
5754,2024-09-10,364,41,16,5,33870.0,0,9780.0,Net Banking,Delivered
5755,2023-11-06,118,27,1,1,2246.75,5,-734.25,UPI,Delivered
5756,2023-04-10,394,54,14,1,883.5,25,-1667.5,UPI,Cancelled
5757,2024-05-13,462,12,11,2,6474.0,25,5768.0,Credit Card,Delivered
5758,2025-09-29,256,59,13,5,20111.5,5,17431.5,Net Banking,Delivered
5759,2023-05-07,286,1,18,1,2589.6,20,18.6,UPI,Delivered
5760,2024-11-30,10,11,3,1,3916.85,5,3370.85,Cash,Delivered
5761,2024-01-13,428,23,11,4,15652.2,5,6880.2,Debit Card,Delivered
5762,2025-10-05,306,58,17,3,14856.75,25,636.75,UPI,Cancelled
5763,2024-09-25,338,6,9,3,17047.8,10,3361.8,UPI,Returned
5764,2023-10-20,41,26,17,4,21308.8,20,10344.8,Credit Card,Delivered
5765,2024-12-05,235,51,8,3,9097.2,30,871.2,Credit Card,Delivered
5766,2025-02-27,220,37,12,2,10968.0,0,7726.0,Cash,Delivered
5767,2023-06-04,100,51,12,5,15162.0,30,1452.0,Debit Card,Delivered
5768,2025-06-22,108,15,11,4,13906.8,10,-5681.2,Debit Card,Delivered
5769,2023-08-31,276,64,12,4,5588.0,0,-9972.0,Net Banking,Delivered
5770,2023-08-02,403,22,17,3,4038.45,5,-7292.55,UPI,Returned
5771,2025-05-26,378,3,1,4,22674.6,15,5578.6,Cash,Returned
5772,2023-04-30,169,5,16,4,13190.4,10,8158.4,Debit Card,Delivered
5773,2025-05-06,253,12,10,4,12948.0,25,11536.0,UPI,Delivered
5774,2023-11-24,494,62,17,1,3259.9,30,-836.1,Net Banking,Delivered
5775,2023-04-23,393,17,9,3,9863.4,15,6434.4,Cash,Returned
5776,2023-05-03,337,25,17,1,2654.4,30,1810.4,Credit Card,Delivered
5777,2023-08-22,209,38,9,2,13554.0,0,10650.0,Cash,Delivered
5778,2025-06-23,71,32,19,5,8017.5,25,-13867.5,UPI,Delivered
5779,2025-05-25,350,34,2,4,7455.0,25,1819.0,Credit Card,Delivered
5780,2023-11-06,324,37,13,2,10419.6,5,7177.6,Credit Card,Returned
5781,2024-12-29,437,43,1,4,23268.0,0,3972.0,Net Banking,Delivered
5782,2023-10-10,425,55,19,1,3911.6,30,2972.6,Cash,Returned
5783,2024-08-05,165,30,8,5,21513.75,25,-391.25,Net Banking,Delivered
5784,2025-10-16,160,40,19,4,16530.0,5,-458.0,UPI,Delivered
5785,2023-11-08,348,9,17,3,2394.0,30,-6909.0,Net Banking,Delivered
5786,2023-03-24,374,26,2,2,13318.0,0,7836.0,UPI,Returned
5787,2024-11-20,306,56,9,2,6288.3,15,-2417.7,Credit Card,Cancelled
5788,2023-11-01,180,32,13,5,8552.0,20,-13333.0,Credit Card,Returned
5789,2023-10-21,475,63,9,1,1003.2,5,-431.8,Debit Card,Delivered
5790,2025-10-25,100,26,8,3,15981.6,20,7758.6,Cash,Delivered
5791,2023-09-17,345,35,15,5,8307.75,5,3097.75,Cash,Cancelled
5792,2025-10-02,95,51,1,3,12996.0,0,4770.0,Net Banking,Delivered
5793,2024-12-02,188,29,15,4,3995.0,15,-2313.0,Net Banking,Delivered
5794,2025-12-08,77,15,14,3,11009.55,5,-3681.45,Credit Card,Delivered
5795,2024-07-16,448,16,5,1,2921.0,0,-700.0,UPI,Delivered
5796,2025-05-26,99,52,13,3,2445.3,5,-9260.7,Cash,Delivered
5797,2025-06-30,324,15,14,2,6567.1,15,-3226.9,Credit Card,Delivered
5798,2023-10-23,237,65,10,1,4480.7,30,1467.7,Cash,Delivered
5799,2024-12-08,73,2,16,3,1655.1,10,-1890.9,Credit Card,Delivered
5800,2025-01-18,280,62,16,4,13039.6,30,-3344.4,Cash,Delivered
5801,2025-08-19,443,41,16,4,21676.8,20,2404.8,Cash,Delivered
5802,2025-11-13,7,32,17,5,9086.5,15,-12798.5,Debit Card,Cancelled
5803,2023-12-04,13,11,12,4,15667.4,5,13483.4,Debit Card,Cancelled
5804,2025-01-22,472,55,2,3,12573.0,25,9756.0,UPI,Delivered
5805,2023-10-10,388,33,14,3,8736.3,15,-449.7,Debit Card,Delivered
5806,2023-09-23,109,22,12,4,4534.4,20,-10573.6,Net Banking,Delivered
5807,2025-12-29,260,12,20,3,11005.8,15,9946.8,Debit Card,Delivered
5808,2023-04-22,265,61,1,2,4456.2,30,972.2,Cash,Delivered
5809,2025-10-05,236,2,4,4,2084.2,15,-2643.8,Credit Card,Cancelled
5810,2024-10-16,245,59,20,2,6351.0,25,5279.0,UPI,Cancelled
5811,2024-03-17,481,48,9,4,8960.0,20,-1760.0,Debit Card,Returned
5812,2023-10-11,417,25,4,3,7963.2,30,5431.2,UPI,Delivered
5813,2024-09-08,108,47,1,5,20860.0,0,655.0,Cash,Returned
5814,2024-01-17,350,25,11,3,11376.0,0,8844.0,Credit Card,Delivered
5815,2025-08-03,184,25,11,3,9669.6,15,7137.6,Net Banking,Returned
5816,2024-12-07,452,47,19,1,3754.8,10,-286.2,Cash,Returned
5817,2023-10-08,192,18,7,5,13642.5,15,11792.5,Debit Card,Delivered
5818,2023-04-17,367,12,6,5,19422.0,10,17657.0,Cash,Delivered
5819,2025-12-20,318,40,6,2,8265.0,5,-229.0,Credit Card,Delivered
5820,2023-10-22,146,5,7,3,9343.2,15,5569.2,Credit Card,Delivered
5821,2023-11-16,76,54,18,4,3534.0,25,-6670.0,UPI,Cancelled
5822,2023-05-12,309,16,18,3,7886.7,10,-2976.3,Cash,Delivered
5823,2025-06-30,233,54,15,4,3298.4,30,-6905.6,UPI,Delivered
5824,2024-03-25,449,38,2,2,11520.9,15,8616.9,Credit Card,Cancelled
5825,2023-01-09,393,13,3,4,11833.2,5,8485.2,UPI,Delivered
5826,2023-11-07,300,4,2,2,2784.6,30,-4669.4,UPI,Delivered
5827,2025-10-27,132,30,3,5,25816.5,10,3911.5,Debit Card,Delivered
5828,2024-06-02,201,34,5,4,6958.0,30,1322.0,Net Banking,Delivered
5829,2024-03-11,118,60,6,2,8244.6,30,-1521.4,Cash,Delivered
5830,2023-02-16,209,6,16,5,26834.5,15,4024.5,Net Banking,Delivered
5831,2025-04-10,362,64,1,5,5588.0,20,-13862.0,Cash,Returned
5832,2024-02-28,447,26,2,1,4994.25,25,2253.25,Cash,Delivered
5833,2024-06-02,237,44,12,3,12798.0,25,4257.0,Net Banking,Delivered
5834,2023-09-30,109,6,6,4,20204.8,20,1956.8,UPI,Cancelled
5835,2024-07-27,259,56,7,3,9432.45,15,-3626.55,Net Banking,Returned
5836,2024-01-20,392,9,10,1,1140.0,0,-1961.0,Credit Card,Delivered
5837,2023-07-11,242,54,12,5,5301.0,10,-7454.0,Net Banking,Delivered
5838,2023-01-02,245,27,13,3,7095.0,0,-1848.0,UPI,Delivered
5839,2025-03-12,304,54,16,3,3180.6,10,-4472.4,UPI,Delivered
5840,2025-12-22,360,49,17,3,7209.3,30,5229.3,UPI,Cancelled
5841,2025-12-08,422,36,5,1,2057.7,5,-238.3,Net Banking,Cancelled
5842,2024-06-06,453,8,19,1,5419.8,10,642.8,UPI,Delivered
5843,2024-07-10,492,28,16,3,20796.0,0,12012.0,Credit Card,Delivered
5844,2025-02-27,149,48,1,3,7140.0,15,-900.0,Net Banking,Delivered
5845,2024-03-13,44,37,13,1,4113.0,25,2492.0,Debit Card,Delivered
5846,2023-07-31,2,3,16,5,25008.75,25,3638.75,Debit Card,Cancelled
5847,2024-09-27,348,1,6,2,5502.9,15,360.9,Cash,Delivered
5848,2023-04-13,95,36,13,3,5198.4,20,-1689.6,Credit Card,Delivered
5849,2023-01-25,392,56,13,5,13871.25,25,-7893.75,UPI,Delivered
5850,2025-02-20,313,3,13,5,30010.5,10,8640.5,Debit Card,Delivered
5851,2025-07-12,194,37,19,1,4661.4,15,3040.4,Net Banking,Delivered
5852,2023-03-18,247,34,1,1,2485.0,0,1076.0,Credit Card,Delivered
5853,2025-12-15,393,65,2,1,5440.85,15,2427.85,Net Banking,Returned
5854,2023-07-30,352,47,17,2,7092.4,15,-989.6,Cash,Delivered
5855,2025-11-22,97,51,16,1,3898.8,10,1156.8,Cash,Delivered
5856,2023-08-20,311,30,16,5,24382.25,15,2477.25,UPI,Cancelled
5857,2025-02-28,424,26,9,5,28300.75,15,14595.75,Cash,Delivered
5858,2025-12-03,36,13,8,5,11677.5,25,7492.5,Credit Card,Returned
5859,2025-04-27,41,63,14,2,2006.4,5,-863.6,UPI,Delivered
5860,2024-10-19,412,60,16,1,4416.75,25,-466.25,UPI,Delivered
5861,2025-02-06,450,16,2,5,13874.75,5,-4230.25,Credit Card,Delivered
5862,2023-05-18,254,47,1,3,9387.0,25,-2736.0,Net Banking,Delivered
5863,2025-06-19,4,10,8,4,23860.8,10,10052.8,Credit Card,Cancelled
5864,2025-01-16,32,54,18,3,3357.3,5,-4295.7,Credit Card,Delivered
5865,2025-11-08,257,25,11,5,14220.0,25,10000.0,Credit Card,Delivered
5866,2025-03-30,211,52,12,2,1458.6,15,-6345.4,Credit Card,Delivered
5867,2025-09-14,252,23,16,4,11533.2,30,2761.2,Debit Card,Cancelled
5868,2024-11-07,9,8,18,1,6022.0,0,1245.0,Net Banking,Delivered
5869,2025-09-20,246,49,5,4,11672.2,15,9032.2,Net Banking,Delivered
5870,2024-02-19,328,25,7,1,2654.4,30,1810.4,UPI,Delivered
5871,2024-02-23,202,29,15,5,5287.5,10,-2597.5,Credit Card,Delivered
5872,2025-02-25,329,27,14,2,4020.5,15,-1941.5,Cash,Cancelled
5873,2024-03-30,390,60,16,5,20611.5,30,-3803.5,Debit Card,Delivered
5874,2025-01-29,132,20,11,1,4649.25,25,680.25,UPI,Delivered
5875,2025-11-26,189,10,6,3,18889.8,5,8533.8,Debit Card,Delivered
5876,2024-05-03,257,25,14,4,15168.0,0,11792.0,UPI,Cancelled
5877,2024-01-26,346,34,8,4,6958.0,30,1322.0,UPI,Cancelled
5878,2023-09-14,28,10,4,5,28169.0,15,10909.0,UPI,Returned
5879,2024-04-03,155,19,15,4,15716.4,30,9288.4,Net Banking,Returned
5880,2025-08-31,478,23,19,2,7002.3,15,2616.3,Cash,Delivered
5881,2025-10-23,46,3,7,1,6669.0,0,2395.0,Debit Card,Delivered
5882,2025-09-11,334,15,3,3,11009.55,5,-3681.45,Net Banking,Delivered
5883,2023-05-06,210,40,18,2,8700.0,0,206.0,UPI,Delivered
5884,2023-05-30,394,20,5,1,5889.05,5,1920.05,UPI,Delivered
5885,2024-02-01,110,54,5,3,3357.3,5,-4295.7,Debit Card,Returned
5886,2024-03-19,378,14,20,3,10368.3,15,-4379.7,UPI,Delivered
5887,2025-07-04,482,25,16,4,10617.6,30,7241.6,Cash,Delivered
5888,2025-05-24,335,1,18,5,11329.5,30,-1525.5,UPI,Returned
5889,2025-08-30,8,7,19,5,18592.0,20,8167.0,UPI,Delivered
5890,2025-06-08,303,44,12,3,12798.0,25,4257.0,Debit Card,Delivered
5891,2025-07-21,410,44,9,4,15926.4,30,4538.4,Cash,Delivered
5892,2025-02-12,446,23,7,1,3295.2,20,1102.2,Net Banking,Delivered
5893,2024-06-28,18,51,14,2,7797.6,10,2313.6,UPI,Delivered
5894,2025-01-20,340,57,18,5,19890.0,25,-60.0,Credit Card,Delivered
5895,2025-02-16,373,27,15,3,6740.25,5,-2202.75,Debit Card,Delivered
5896,2024-02-15,38,15,16,4,12361.6,20,-7226.4,Credit Card,Delivered
5897,2023-06-05,70,62,10,1,3725.6,20,-370.4,Debit Card,Delivered
5898,2023-01-28,43,20,1,5,23246.25,25,3401.25,Cash,Delivered
5899,2024-08-05,13,53,8,3,8032.5,25,6034.5,Cash,Returned
5900,2023-04-13,449,19,14,2,9542.1,15,6328.1,UPI,Delivered
5901,2023-08-23,308,22,12,4,3967.6,30,-11140.4,UPI,Delivered
5902,2023-07-16,497,44,19,1,4266.0,25,1419.0,UPI,Delivered
5903,2023-11-07,377,30,11,4,17211.0,25,-313.0,Cash,Delivered
5904,2023-03-08,487,38,5,1,5421.6,20,3969.6,Credit Card,Delivered
5905,2024-03-03,458,49,3,3,8239.2,20,6259.2,Debit Card,Delivered
5906,2025-07-22,86,20,10,3,14877.6,20,2970.6,Net Banking,Delivered
5907,2024-08-14,393,10,4,2,11930.4,10,5026.4,Net Banking,Cancelled
5908,2025-10-04,67,40,5,2,7830.0,10,-664.0,UPI,Cancelled
5909,2024-08-03,165,30,6,2,11474.0,0,2712.0,Net Banking,Delivered
5910,2023-07-06,250,56,14,4,11836.8,20,-5575.2,Debit Card,Delivered
5911,2025-10-31,197,4,17,2,2983.5,25,-4470.5,Cash,Returned
5912,2024-08-03,126,61,10,4,8912.4,30,1944.4,Credit Card,Delivered
5913,2023-07-07,187,64,12,1,1327.15,5,-2562.85,Cash,Returned
5914,2025-04-14,215,5,2,2,5129.6,30,2613.6,Cash,Delivered
5915,2025-11-27,457,18,15,2,4494.0,30,3754.0,Credit Card,Delivered
5916,2024-11-13,478,3,1,4,21340.8,20,4244.8,Debit Card,Cancelled
5917,2025-10-17,464,9,17,2,1710.0,25,-4492.0,Credit Card,Delivered
5918,2023-03-12,358,22,17,1,1417.0,0,-2360.0,Credit Card,Delivered
5919,2023-04-12,43,38,13,5,28802.25,15,21542.25,UPI,Delivered
5920,2023-02-05,495,55,20,4,15646.4,30,11890.4,Debit Card,Delivered
5921,2024-11-23,330,54,8,5,5890.0,0,-6865.0,Debit Card,Delivered
5922,2023-08-23,205,44,3,2,9669.6,15,3975.6,Cash,Returned
5923,2023-04-27,352,5,18,2,5496.0,25,2980.0,Credit Card,Delivered
5924,2024-03-20,468,18,11,3,8185.5,15,7075.5,Cash,Cancelled
5925,2023-01-27,57,21,13,2,1779.4,30,-4548.6,UPI,Delivered
5926,2023-03-19,162,21,3,1,953.25,25,-2210.75,Net Banking,Delivered
5927,2024-04-25,267,42,7,5,14794.5,30,-9940.5,UPI,Cancelled
5928,2023-08-22,421,38,5,4,21686.4,20,15878.4,UPI,Delivered
5929,2023-12-22,31,9,7,5,5700.0,0,-9805.0,Net Banking,Returned
5930,2024-07-24,78,34,16,2,4473.0,10,1655.0,UPI,Delivered
5931,2024-01-04,106,6,7,5,25256.0,20,2446.0,Net Banking,Returned
5932,2024-04-16,111,56,6,1,2959.2,20,-1393.8,UPI,Delivered
5933,2025-06-27,365,61,1,2,4774.5,25,1290.5,Cash,Delivered
5934,2025-05-05,362,18,8,1,3049.5,5,2679.5,Cash,Delivered
5935,2023-02-20,195,11,20,5,15461.25,25,12731.25,Net Banking,Delivered
5936,2025-05-28,413,35,14,2,3323.1,5,1239.1,Net Banking,Delivered
5937,2024-09-12,84,52,10,3,1801.8,30,-9904.2,Cash,Returned
5938,2025-07-26,33,30,8,3,12047.7,30,-1095.3,UPI,Delivered
5939,2023-06-30,297,2,20,2,1226.0,0,-1138.0,UPI,Delivered
5940,2024-05-15,365,51,15,5,20577.0,5,6867.0,UPI,Cancelled
5941,2024-02-20,205,41,15,4,23031.6,15,3759.6,Net Banking,Delivered
5942,2024-08-17,17,20,4,5,24796.0,20,4951.0,Credit Card,Delivered
5943,2023-09-13,139,6,17,5,25256.0,20,2446.0,Debit Card,Delivered
5944,2024-04-21,86,61,1,4,10185.6,20,3217.6,Cash,Delivered
5945,2023-02-28,138,56,15,3,8322.75,25,-4736.25,UPI,Delivered
5946,2025-09-07,117,33,12,4,11648.4,15,-599.6,UPI,Cancelled
5947,2025-03-26,252,33,9,4,11648.4,15,-599.6,Credit Card,Returned
5948,2024-03-19,187,42,19,5,16908.0,20,-7827.0,Cash,Delivered
5949,2025-12-13,204,9,1,4,3648.0,20,-8756.0,Debit Card,Delivered
5950,2025-03-23,393,41,7,1,5080.5,25,262.5,Credit Card,Delivered
5951,2023-11-22,440,8,8,4,22883.6,5,3775.6,Credit Card,Delivered
5952,2025-06-28,310,52,8,4,2917.2,15,-12690.8,Net Banking,Returned
5953,2024-02-03,218,11,9,5,20615.0,0,17885.0,Cash,Returned
5954,2025-03-20,322,35,20,4,6996.0,0,2828.0,Debit Card,Delivered
5955,2023-01-02,157,46,6,2,1774.4,20,-5829.6,Cash,Delivered
5956,2024-05-10,188,33,2,5,13704.0,20,-1606.0,Debit Card,Cancelled
5957,2023-10-05,374,31,14,5,24480.0,0,18810.0,Debit Card,Delivered
5958,2025-09-10,270,42,10,5,17964.75,15,-6770.25,Cash,Delivered
5959,2025-10-12,169,36,3,4,7797.6,10,-1386.4,Cash,Delivered
5960,2024-01-20,153,59,10,1,3387.2,20,2851.2,Net Banking,Delivered
5961,2024-10-11,21,66,8,5,23415.0,0,18965.0,UPI,Delivered
5962,2025-06-21,88,61,17,3,9549.0,0,4323.0,UPI,Delivered
5963,2024-01-21,405,15,5,3,9850.65,15,-4840.35,Net Banking,Delivered
5964,2024-12-22,279,24,3,2,7747.2,20,787.2,Cash,Delivered
5965,2025-12-27,225,3,14,1,5335.2,20,1061.2,Cash,Delivered
5966,2024-09-23,150,31,1,1,3427.2,30,2293.2,Net Banking,Delivered
5967,2025-01-09,449,33,7,1,3426.0,0,364.0,UPI,Delivered
5968,2024-06-20,484,17,8,5,18373.0,5,12658.0,Debit Card,Cancelled
5969,2025-07-04,456,23,19,2,6590.4,20,2204.4,Net Banking,Delivered
5970,2025-08-06,39,3,20,3,15005.25,25,2183.25,UPI,Returned
5971,2023-02-04,416,55,15,2,8382.0,25,6504.0,Credit Card,Cancelled
5972,2023-09-10,402,34,3,2,4970.0,0,2152.0,UPI,Returned
5973,2023-01-28,217,10,1,2,11930.4,10,5026.4,UPI,Returned
5974,2023-03-15,236,26,2,5,28300.75,15,14595.75,Cash,Delivered
5975,2023-02-17,195,5,12,2,5862.4,20,3346.4,Cash,Returned
5976,2023-11-02,248,10,3,5,29826.0,10,12566.0,Credit Card,Delivered
5977,2024-01-23,106,20,15,2,8678.6,30,740.6,Cash,Cancelled
5978,2023-09-01,175,38,10,2,9487.8,30,6583.8,Net Banking,Delivered
5979,2023-03-27,196,13,3,4,11833.2,5,8485.2,UPI,Delivered
5980,2023-10-06,1,43,19,2,11634.0,0,1986.0,Debit Card,Delivered
5981,2025-05-17,170,48,3,4,8400.0,25,-2320.0,Credit Card,Delivered
5982,2025-01-14,392,18,20,5,13642.5,15,11792.5,Credit Card,Delivered
5983,2024-10-30,56,58,9,3,19809.0,0,5589.0,Cash,Returned
5984,2024-07-21,18,41,19,1,4741.8,30,-76.2,Debit Card,Delivered
5985,2025-04-15,173,7,9,5,20916.0,10,10491.0,Cash,Delivered
5986,2025-02-18,353,24,15,1,3631.5,25,151.5,Net Banking,Delivered
5987,2024-09-14,162,5,14,2,6595.2,10,4079.2,Debit Card,Delivered
5988,2024-11-07,50,15,7,2,6953.4,10,-2840.6,UPI,Delivered
5989,2025-05-28,168,18,17,4,9630.0,25,8150.0,Net Banking,Cancelled
5990,2025-11-18,131,17,13,4,13924.8,10,9352.8,Credit Card,Returned
5991,2024-02-11,172,16,5,3,7010.4,20,-3852.6,Debit Card,Cancelled
5992,2024-12-24,168,59,19,2,6351.0,25,5279.0,Net Banking,Delivered
5993,2025-05-02,486,23,18,2,5766.6,30,1380.6,Cash,Delivered
5994,2024-09-05,15,64,1,4,4749.8,15,-10810.2,Net Banking,Delivered
5995,2023-03-02,11,37,14,2,10419.6,5,7177.6,Cash,Delivered
5996,2025-08-22,94,4,7,3,4773.6,20,-6407.4,UPI,Cancelled
5997,2024-05-14,360,58,19,5,29713.5,10,6013.5,Credit Card,Returned
5998,2024-03-23,428,28,4,4,19409.6,30,7697.6,Debit Card,Delivered
5999,2025-05-31,127,13,6,2,4359.6,30,2685.6,Net Banking,Returned
6000,2023-03-06,85,37,5,3,11516.4,30,6653.4,Debit Card,Delivered
6001,2023-05-03,366,46,18,3,2994.3,10,-8411.7,Debit Card,Returned
6002,2023-12-25,475,9,6,1,912.0,20,-2189.0,Net Banking,Delivered
6003,2023-12-05,353,29,14,4,3995.0,15,-2313.0,UPI,Delivered
6004,2024-07-28,93,62,14,4,17696.6,5,1312.6,Credit Card,Cancelled
6005,2023-04-04,128,31,6,2,7833.6,20,5565.6,Cash,Delivered
6006,2025-09-30,197,62,20,2,6985.5,25,-1206.5,Credit Card,Cancelled
6007,2024-12-08,204,56,17,3,9987.3,10,-3071.7,UPI,Delivered
6008,2023-05-10,466,56,19,5,18495.0,0,-3270.0,Cash,Delivered
6009,2024-12-20,273,50,16,3,2776.8,20,-10291.2,UPI,Delivered
6010,2023-09-29,359,27,3,1,1773.75,25,-1207.25,UPI,Delivered
6011,2024-01-14,255,13,4,3,9342.0,0,6831.0,Net Banking,Delivered
6012,2024-12-04,349,59,11,3,12066.9,5,10458.9,Credit Card,Delivered
6013,2024-06-26,268,33,7,2,5824.2,15,-299.8,Credit Card,Delivered
6014,2024-11-08,275,54,1,4,3769.6,20,-6434.4,Credit Card,Delivered
6015,2023-10-19,247,9,17,1,1140.0,0,-1961.0,Credit Card,Returned
6016,2023-03-01,269,44,13,3,13651.2,20,5110.2,Debit Card,Delivered
6017,2024-01-14,372,13,11,4,11210.4,10,7862.4,Cash,Delivered
6018,2025-06-08,104,10,1,2,10604.8,20,3700.8,Cash,Delivered
6019,2023-04-15,8,23,1,3,12357.0,0,5778.0,Net Banking,Delivered
6020,2025-12-18,284,29,12,4,4465.0,5,-1843.0,Credit Card,Cancelled
6021,2024-08-22,75,1,14,3,8739.9,10,1026.9,Debit Card,Delivered
6022,2025-06-02,427,19,19,3,12629.25,25,7808.25,UPI,Cancelled
6023,2024-04-20,213,64,17,1,1117.6,20,-2772.4,Debit Card,Delivered
6024,2024-09-15,324,51,14,1,3682.2,15,940.2,Debit Card,Delivered
6025,2024-03-26,105,36,8,3,4548.6,30,-2339.4,Cash,Returned
6026,2025-05-05,71,22,4,1,991.9,30,-2785.1,Credit Card,Delivered
6027,2023-08-09,303,64,3,2,2235.2,20,-5544.8,Cash,Delivered
6028,2025-06-24,209,12,14,2,8200.4,5,7494.4,Debit Card,Delivered
6029,2023-10-15,11,18,2,1,2247.0,30,1877.0,UPI,Returned
6030,2025-09-01,16,32,20,3,4489.8,30,-8641.2,Debit Card,Delivered
6031,2025-05-21,19,27,4,2,3311.0,30,-2651.0,Debit Card,Delivered
6032,2025-05-18,453,19,4,2,7858.2,30,4644.2,UPI,Cancelled
6033,2023-08-31,290,4,9,3,4773.6,20,-6407.4,Net Banking,Returned
6034,2023-11-24,307,10,19,4,22535.2,15,8727.2,UPI,Cancelled
6035,2025-05-18,25,46,5,5,5545.0,0,-13465.0,Net Banking,Delivered
6036,2025-06-02,130,3,14,1,5335.2,20,1061.2,Credit Card,Delivered
6037,2024-11-19,465,6,19,2,10102.4,20,978.4,UPI,Delivered
6038,2024-09-28,445,56,19,4,14796.0,0,-2616.0,Debit Card,Delivered
6039,2023-10-20,248,28,1,3,15597.0,25,6813.0,Credit Card,Returned
6040,2024-04-11,237,51,1,4,14728.8,15,3760.8,UPI,Delivered
6041,2024-04-14,157,32,14,2,3848.4,10,-4905.6,Net Banking,Cancelled
6042,2024-09-23,343,17,5,5,19340.0,0,13625.0,Net Banking,Delivered
6043,2024-08-20,231,9,6,1,855.0,25,-2246.0,Credit Card,Delivered
6044,2024-05-11,317,19,10,2,10103.4,10,6889.4,Cash,Delivered
6045,2023-10-24,45,60,5,3,17667.0,0,3018.0,Net Banking,Delivered
6046,2024-05-19,340,53,13,2,7140.0,0,5808.0,Debit Card,Delivered
6047,2025-01-29,411,41,3,4,24386.4,10,5114.4,Cash,Delivered
6048,2023-05-11,332,4,11,4,7558.2,5,-7349.8,UPI,Returned
6049,2023-02-19,377,40,5,3,11745.0,10,-996.0,Debit Card,Returned
6050,2023-06-24,457,41,3,3,19305.9,5,4851.9,Net Banking,Returned
6051,2024-09-04,357,41,7,2,10161.0,25,525.0,Credit Card,Delivered
6052,2024-04-05,42,62,11,5,20956.5,10,476.5,UPI,Delivered
6053,2025-09-17,199,22,8,2,2125.5,25,-5428.5,Cash,Delivered
6054,2023-02-02,284,35,1,1,1574.1,10,532.1,Cash,Delivered
6055,2025-08-15,66,63,20,5,5280.0,0,-1895.0,Net Banking,Delivered
6056,2024-11-26,319,54,19,4,3298.4,30,-6905.6,UPI,Delivered
6057,2023-11-28,178,20,3,2,8678.6,30,740.6,Net Banking,Delivered
6058,2023-06-20,142,26,10,4,25304.2,5,14340.2,UPI,Returned
6059,2024-04-13,94,25,8,5,16116.0,15,11896.0,Net Banking,Delivered
6060,2024-05-19,127,25,13,2,7584.0,0,5896.0,Cash,Cancelled
6061,2024-10-21,137,2,2,1,429.1,30,-752.9,Cash,Delivered
6062,2025-09-18,270,45,9,4,6072.4,15,-5083.6,UPI,Delivered
6063,2025-11-18,26,66,13,3,13346.55,5,10676.55,Cash,Delivered
6064,2024-08-21,303,57,7,1,4508.4,15,518.4,Debit Card,Cancelled
6065,2023-06-15,483,65,6,5,22403.5,30,7338.5,Debit Card,Delivered
6066,2024-07-15,258,38,9,1,6099.3,10,4647.3,Debit Card,Delivered
6067,2023-12-30,170,45,15,1,1250.2,30,-1538.8,UPI,Delivered
6068,2025-12-02,276,28,3,4,20796.0,25,9084.0,Credit Card,Cancelled
6069,2023-03-12,453,58,12,4,21129.6,20,2169.6,Credit Card,Returned
6070,2024-12-10,92,66,17,3,10536.75,25,7866.75,UPI,Delivered
6071,2025-10-27,440,64,11,5,6286.5,10,-13163.5,Cash,Delivered
6072,2024-05-01,96,18,19,4,12840.0,0,11360.0,UPI,Delivered
6073,2024-02-26,220,16,5,1,2336.8,20,-1284.2,Debit Card,Delivered
6074,2024-12-13,3,53,2,4,10710.0,25,8046.0,Debit Card,Returned
6075,2023-10-27,471,59,5,1,3387.2,20,2851.2,Credit Card,Delivered
6076,2023-07-17,372,2,8,5,2452.0,20,-3458.0,UPI,Delivered
6077,2023-09-28,425,46,3,2,1552.6,30,-6051.4,Cash,Delivered
6078,2024-10-04,176,27,15,1,2365.0,0,-616.0,UPI,Delivered
6079,2025-02-07,329,34,18,2,4473.0,10,1655.0,UPI,Delivered
6080,2023-11-24,342,42,6,5,19021.5,10,-5713.5,Credit Card,Delivered
6081,2023-12-13,90,38,14,1,6438.15,5,4986.15,Debit Card,Delivered
6082,2024-02-08,200,10,4,2,13256.0,0,6352.0,UPI,Returned
6083,2023-09-06,357,63,19,4,3379.2,20,-2360.8,Cash,Delivered
6084,2023-01-19,377,65,9,4,17922.8,30,5870.8,Credit Card,Cancelled
6085,2023-06-26,432,11,17,5,15461.25,25,12731.25,Cash,Delivered
6086,2023-01-26,78,2,1,4,1961.6,20,-2766.4,Cash,Returned
6087,2024-09-19,154,18,12,5,12840.0,20,10990.0,Cash,Delivered
6088,2023-04-05,309,49,2,4,13045.4,5,10405.4,UPI,Delivered
6089,2023-06-15,416,38,3,3,19314.45,5,14958.45,Debit Card,Returned
6090,2023-04-14,87,21,16,1,889.7,30,-2274.3,Cash,Delivered
6091,2025-06-07,271,52,9,4,3432.0,0,-12176.0,Credit Card,Delivered
6092,2023-02-26,455,30,19,5,25816.5,10,3911.5,Net Banking,Cancelled
6093,2024-01-05,63,38,20,3,20331.0,0,15975.0,Credit Card,Delivered
6094,2025-01-30,370,60,1,1,4711.2,20,-171.8,UPI,Delivered
6095,2023-06-14,385,28,10,5,24262.0,30,9622.0,Net Banking,Delivered
6096,2024-06-15,224,8,9,3,16259.4,10,1928.4,Debit Card,Delivered
6097,2023-10-18,447,4,4,5,8453.25,15,-10181.75,Net Banking,Delivered
6098,2025-03-08,78,31,11,3,13219.2,10,9817.2,UPI,Cancelled
6099,2025-05-26,57,61,13,2,5411.1,15,1927.1,Cash,Delivered
6100,2025-07-02,407,44,5,2,9669.6,15,3975.6,UPI,Returned
6101,2025-04-30,301,44,11,5,22752.0,20,8517.0,Credit Card,Delivered
6102,2024-12-26,265,1,17,2,5179.2,20,37.2,Cash,Delivered
6103,2025-04-02,298,55,4,2,8382.0,25,6504.0,Cash,Delivered
6104,2023-02-21,217,42,13,5,20078.25,5,-4656.75,Debit Card,Delivered
6105,2025-07-28,127,27,17,4,8987.0,5,-2937.0,UPI,Delivered
6106,2025-12-10,231,52,9,5,3003.0,30,-16507.0,Cash,Returned
6107,2023-04-06,54,62,13,3,9779.7,30,-2508.3,Credit Card,Returned
6108,2024-08-14,173,37,19,2,10419.6,5,7177.6,Cash,Delivered
6109,2025-03-11,384,38,14,3,18297.9,10,13941.9,Cash,Delivered
6110,2024-02-24,297,6,2,4,21467.6,15,3219.6,Credit Card,Delivered
6111,2023-08-15,432,29,15,3,2643.75,25,-2087.25,UPI,Delivered
6112,2023-07-18,239,26,5,4,18645.2,30,7681.2,Debit Card,Delivered
6113,2024-01-16,411,4,18,1,1790.1,10,-1936.9,Debit Card,Cancelled
6114,2025-03-23,203,33,14,2,6852.0,0,728.0,Net Banking,Returned
6115,2025-05-01,308,40,6,4,16530.0,5,-458.0,Debit Card,Delivered
6116,2024-05-27,37,37,16,1,3838.8,30,2217.8,Cash,Delivered
6117,2025-03-04,355,63,19,4,3379.2,20,-2360.8,Net Banking,Cancelled
6118,2024-03-19,50,48,16,4,11200.0,0,480.0,Cash,Cancelled
6119,2024-04-18,437,64,3,5,4889.5,30,-14560.5,UPI,Delivered
6120,2024-03-26,372,27,11,3,5676.0,20,-3267.0,Cash,Returned
6121,2024-04-11,398,55,11,5,20955.0,25,16260.0,Cash,Returned
6122,2023-06-11,121,22,2,2,2125.5,25,-5428.5,Debit Card,Cancelled
6123,2023-10-24,451,30,6,2,8605.5,25,-156.5,Net Banking,Delivered
6124,2023-04-29,376,56,11,2,6288.3,15,-2417.7,Cash,Delivered
6125,2024-07-27,251,42,1,5,20078.25,5,-4656.75,UPI,Delivered
6126,2025-02-11,238,19,13,3,16839.0,0,12018.0,Credit Card,Cancelled
6127,2025-07-14,324,4,18,1,1989.0,0,-1738.0,Credit Card,Delivered
6128,2024-07-29,78,5,7,5,17404.0,5,11114.0,Cash,Delivered
6129,2023-02-11,168,56,18,5,17570.25,5,-4194.75,UPI,Cancelled
6130,2025-03-31,317,33,3,1,2912.1,15,-149.9,UPI,Delivered
6131,2025-07-06,392,51,8,3,9747.0,25,1521.0,Net Banking,Cancelled
6132,2024-05-31,152,17,9,5,14505.0,25,8790.0,Net Banking,Delivered
6133,2025-07-08,431,48,15,3,6720.0,20,-1320.0,Net Banking,Cancelled
6134,2023-11-27,74,21,10,1,1143.9,10,-2020.1,Credit Card,Delivered
6135,2023-08-15,8,22,18,4,5668.0,0,-9440.0,Debit Card,Cancelled
6136,2024-11-18,205,12,7,4,12084.8,30,10672.8,Cash,Delivered
6137,2023-07-14,443,1,16,5,12138.75,25,-716.25,Net Banking,Cancelled
6138,2023-07-28,53,24,13,5,18157.5,25,757.5,UPI,Delivered
6139,2024-03-08,43,11,14,1,3504.55,15,2958.55,Debit Card,Delivered
6140,2025-04-15,301,42,4,2,8454.0,0,-1440.0,Credit Card,Delivered
6141,2025-08-02,438,66,9,2,7492.8,20,5712.8,Debit Card,Delivered
6142,2023-12-31,394,40,11,4,12180.0,30,-4808.0,Cash,Delivered
6143,2024-09-16,485,27,5,4,7568.0,20,-4356.0,Net Banking,Delivered
6144,2025-11-04,241,7,8,2,7901.6,15,3731.6,UPI,Delivered
6145,2024-03-08,160,34,4,5,8697.5,30,1652.5,Net Banking,Returned
6146,2023-04-20,287,22,20,5,5313.75,25,-13571.25,Cash,Cancelled
6147,2023-04-07,415,48,13,2,4200.0,25,-1160.0,UPI,Delivered
6148,2023-06-07,478,17,10,1,3287.8,15,2144.8,Cash,Delivered
6149,2023-12-18,58,20,19,3,17667.15,5,5760.15,UPI,Delivered
6150,2024-02-03,498,36,5,2,3032.4,30,-1559.6,Cash,Delivered
6151,2025-08-20,459,56,6,2,7398.0,0,-1308.0,Net Banking,Cancelled
6152,2023-03-17,206,4,20,3,5370.3,10,-5810.7,UPI,Delivered
6153,2023-04-26,31,61,15,5,11140.5,30,2430.5,Credit Card,Delivered
6154,2025-01-01,259,57,13,2,8486.4,20,506.4,Debit Card,Delivered
6155,2024-11-12,500,32,19,5,7483.0,30,-14402.0,Net Banking,Delivered
6156,2025-05-12,351,32,15,3,4810.5,25,-8320.5,Credit Card,Returned
6157,2023-09-11,420,55,8,5,22352.0,20,17657.0,Credit Card,Delivered
6158,2024-03-22,27,15,6,3,8691.75,25,-5999.25,Net Banking,Returned
6159,2024-10-21,129,63,6,2,2006.4,5,-863.6,Debit Card,Delivered
6160,2024-07-11,183,45,14,4,5000.8,30,-6155.2,UPI,Cancelled
6161,2023-05-17,389,53,14,2,6426.0,10,5094.0,Debit Card,Delivered
6162,2023-08-06,217,56,4,4,14056.2,5,-3355.8,Credit Card,Returned
6163,2023-03-18,371,30,10,2,9752.9,15,990.9,UPI,Returned
6164,2024-04-22,128,46,17,5,4713.25,15,-14296.75,Net Banking,Cancelled
6165,2024-06-12,104,32,16,3,5772.6,10,-7358.4,UPI,Delivered
6166,2024-10-13,280,8,9,5,27099.0,10,3214.0,Credit Card,Delivered
6167,2024-03-21,80,20,6,3,15807.45,15,3900.45,UPI,Cancelled
6168,2025-08-21,156,11,20,2,8246.0,0,7154.0,Net Banking,Delivered
6169,2024-11-22,358,51,1,5,16245.0,25,2535.0,Net Banking,Delivered
6170,2024-09-18,273,5,3,5,15572.0,15,9282.0,Debit Card,Cancelled
6171,2023-10-05,42,54,6,5,5006.5,15,-7748.5,Debit Card,Returned
6172,2023-12-27,263,55,5,1,4470.4,20,3531.4,UPI,Delivered
6173,2024-01-21,143,5,17,4,10992.0,25,5960.0,Debit Card,Returned
6174,2025-03-31,473,46,2,1,942.65,15,-2859.35,Net Banking,Delivered
6175,2024-03-17,453,9,7,1,1083.0,5,-2018.0,Net Banking,Delivered
6176,2025-07-16,302,38,19,2,11520.9,15,8616.9,UPI,Delivered
6177,2025-09-07,195,66,14,2,9366.0,0,7586.0,Credit Card,Returned
6178,2024-01-05,471,8,14,3,18066.0,0,3735.0,Debit Card,Delivered
6179,2023-12-16,496,10,13,2,9942.0,25,3038.0,Debit Card,Delivered
6180,2024-04-15,330,56,17,5,14796.0,20,-6969.0,UPI,Delivered
6181,2024-04-25,299,45,1,2,3393.4,5,-2184.6,Cash,Delivered
6182,2023-07-12,100,25,1,3,11376.0,0,8844.0,Net Banking,Delivered
6183,2024-07-03,148,58,1,3,17828.1,10,3608.1,Credit Card,Delivered
6184,2024-07-08,340,56,17,5,12946.5,30,-8818.5,Credit Card,Returned
6185,2024-07-26,448,3,2,1,6335.55,5,2061.55,Credit Card,Delivered
6186,2024-09-22,245,49,13,1,2574.75,25,1914.75,Cash,Delivered
6187,2023-07-06,198,12,8,3,9711.0,25,8652.0,UPI,Returned
6188,2023-05-14,483,2,4,5,2605.25,15,-3304.75,Debit Card,Delivered
6189,2024-08-06,314,46,13,3,3327.0,0,-8079.0,UPI,Delivered
6190,2024-01-30,96,30,6,4,20653.2,10,3129.2,Net Banking,Cancelled
6191,2023-05-14,363,17,17,5,14505.0,25,8790.0,Credit Card,Delivered
6192,2024-09-29,373,42,10,1,3804.3,10,-1142.7,Credit Card,Delivered
6193,2023-04-25,182,33,1,3,10278.0,0,1092.0,Net Banking,Delivered
6194,2023-06-05,236,7,15,4,13014.4,30,4674.4,UPI,Delivered
6195,2025-02-24,395,3,6,2,12004.2,10,3456.2,Debit Card,Cancelled
6196,2023-12-26,305,52,7,3,2445.3,5,-9260.7,UPI,Returned
6197,2025-09-10,380,62,10,2,8848.3,5,656.3,Cash,Returned
6198,2025-05-17,172,57,4,4,18033.6,15,2073.6,Net Banking,Delivered
6199,2024-12-11,56,44,10,2,9100.8,20,3406.8,Credit Card,Delivered
6200,2023-07-11,466,12,5,5,18343.0,15,16578.0,Net Banking,Delivered
6201,2023-05-14,465,18,12,1,2247.0,30,1877.0,Net Banking,Delivered
6202,2023-02-03,77,15,14,5,14486.25,25,-9998.75,Net Banking,Delivered
6203,2024-07-28,434,49,6,3,9784.05,5,7804.05,Credit Card,Delivered
6204,2025-05-19,400,57,20,1,4508.4,15,518.4,Credit Card,Cancelled
6205,2025-04-19,365,49,3,2,6179.4,10,4859.4,Credit Card,Delivered
6206,2025-11-25,122,33,10,3,7708.5,25,-1477.5,Net Banking,Cancelled
6207,2024-06-11,302,20,18,2,11778.1,5,3840.1,Credit Card,Delivered
6208,2025-12-14,221,29,7,3,3525.0,0,-1206.0,Cash,Delivered
6209,2023-03-18,20,37,2,5,24678.0,10,16573.0,Net Banking,Delivered
6210,2024-08-12,116,46,2,3,2328.9,30,-9077.1,Credit Card,Delivered
6211,2023-12-28,73,22,15,2,2125.5,25,-5428.5,Cash,Cancelled
6212,2024-11-06,323,56,19,2,5918.4,20,-2787.6,Debit Card,Delivered
6213,2024-02-23,370,28,18,4,24955.2,10,13243.2,Debit Card,Delivered
6214,2024-12-12,138,3,18,5,23341.5,30,1971.5,Credit Card,Cancelled
6215,2025-02-03,352,8,7,5,21077.0,30,-2808.0,Net Banking,Delivered
6216,2023-01-17,305,23,6,4,11533.2,30,2761.2,Credit Card,Cancelled
6217,2025-05-14,87,54,14,4,3298.4,30,-6905.6,Debit Card,Delivered
6218,2023-07-16,457,63,14,2,1900.8,10,-969.2,Cash,Delivered
6219,2024-06-13,7,14,12,3,12198.0,0,-2550.0,Cash,Delivered
6220,2024-02-17,144,57,11,5,21216.0,20,1266.0,UPI,Delivered
6221,2024-11-27,407,7,19,5,16268.0,30,5843.0,Debit Card,Delivered
6222,2025-07-21,346,7,8,5,18592.0,20,8167.0,Credit Card,Delivered
6223,2025-04-03,103,65,3,3,14402.25,25,5363.25,Cash,Cancelled
6224,2025-07-10,270,20,17,4,21076.6,15,5200.6,Net Banking,Cancelled
6225,2024-06-12,301,48,18,5,11200.0,20,-2200.0,Cash,Delivered
6226,2023-08-07,38,63,9,4,3168.0,25,-2572.0,Cash,Returned
6227,2025-06-06,499,30,12,1,4015.9,30,-365.1,Net Banking,Delivered
6228,2024-06-18,299,45,11,1,1250.2,30,-1538.8,Net Banking,Delivered
6229,2023-02-23,472,53,8,1,3570.0,0,2904.0,Credit Card,Cancelled
6230,2025-07-06,154,47,8,3,8761.2,30,-3361.8,UPI,Delivered
6231,2025-01-04,362,46,3,4,3770.6,15,-11437.4,Cash,Delivered
6232,2024-11-24,282,9,1,3,3420.0,0,-5883.0,UPI,Cancelled
6233,2023-02-10,435,25,8,5,16116.0,15,11896.0,UPI,Delivered
6234,2024-08-22,143,35,11,4,5247.0,25,1079.0,Debit Card,Cancelled
6235,2024-08-04,389,1,4,2,6150.3,5,1008.3,Credit Card,Delivered
6236,2025-06-09,71,22,5,5,5313.75,25,-13571.25,Net Banking,Cancelled
6237,2024-07-23,206,54,9,3,3534.0,0,-4119.0,Debit Card,Delivered
6238,2025-04-17,221,61,13,3,6684.3,30,1458.3,Cash,Returned
6239,2024-04-14,307,3,4,5,23341.5,30,1971.5,Cash,Delivered
6240,2023-10-05,430,2,12,3,1839.0,0,-1707.0,Debit Card,Delivered
6241,2023-05-28,385,4,6,5,8453.25,15,-10181.75,Cash,Returned
6242,2023-12-10,416,59,10,5,16936.0,20,14256.0,Debit Card,Delivered
6243,2023-03-10,419,38,9,1,6099.3,10,4647.3,Credit Card,Delivered
6244,2024-05-07,303,4,13,1,1392.3,30,-2334.7,Net Banking,Delivered
6245,2023-12-20,308,20,19,4,21076.6,15,5200.6,Cash,Delivered
6246,2023-05-27,249,53,9,5,12495.0,30,9165.0,Cash,Delivered
6247,2024-08-11,390,36,14,5,8122.5,25,-3357.5,Net Banking,Delivered
6248,2023-04-17,426,24,17,4,13557.6,30,-362.4,Cash,Delivered
6249,2024-12-19,288,33,7,3,8222.4,20,-963.6,Credit Card,Delivered
6250,2023-06-12,235,2,8,1,613.0,0,-569.0,Credit Card,Delivered
6251,2025-02-11,185,40,10,5,17400.0,20,-3835.0,Net Banking,Delivered
6252,2024-03-02,247,64,3,1,977.9,30,-2912.1,UPI,Delivered
6253,2025-01-25,374,43,15,5,20359.5,30,-3760.5,Credit Card,Returned
6254,2024-12-18,2,23,3,4,14004.6,15,5232.6,Net Banking,Delivered
6255,2024-03-18,134,63,16,4,4224.0,0,-1516.0,Cash,Delivered
6256,2023-04-16,196,38,16,4,25752.6,5,19944.6,Credit Card,Returned
6257,2024-06-03,135,5,18,4,13923.2,5,8891.2,Debit Card,Returned
6258,2024-06-12,147,64,4,3,3981.45,5,-7688.55,Cash,Cancelled
6259,2024-05-15,66,8,3,5,25593.5,15,1708.5,Credit Card,Delivered
6260,2023-11-05,482,47,14,5,20860.0,0,655.0,Credit Card,Delivered
6261,2025-05-13,323,23,13,3,10503.45,15,3924.45,UPI,Delivered
6262,2024-03-26,194,40,9,1,3697.5,15,-549.5,UPI,Delivered
6263,2025-01-01,83,23,18,3,11121.3,10,4542.3,Cash,Delivered
6264,2025-04-26,204,57,8,4,20155.2,5,4195.2,Credit Card,Delivered
6265,2025-06-29,99,15,11,2,6567.1,15,-3226.9,Net Banking,Delivered
6266,2025-09-27,444,15,18,1,3090.4,20,-1806.6,Cash,Delivered
6267,2025-02-05,82,2,17,4,1716.4,30,-3011.6,Net Banking,Delivered
6268,2024-05-05,461,10,18,3,14913.0,25,4557.0,Debit Card,Cancelled
6269,2024-12-26,58,16,10,3,8324.85,5,-2538.15,Credit Card,Delivered
6270,2024-06-03,208,50,10,4,3239.6,30,-14184.4,UPI,Delivered
6271,2025-08-11,292,66,8,4,15922.2,15,12362.2,Cash,Cancelled
6272,2023-02-21,367,24,6,4,17431.2,10,3511.2,Debit Card,Delivered
6273,2025-09-10,109,47,7,1,2920.4,30,-1120.6,Cash,Delivered
6274,2024-09-23,344,5,1,3,10992.0,0,7218.0,Net Banking,Delivered
6275,2024-09-02,444,37,2,3,15629.4,5,10766.4,UPI,Delivered
6276,2025-08-22,90,64,7,3,2933.7,30,-8736.3,Credit Card,Returned
6277,2023-04-30,236,2,20,2,1226.0,0,-1138.0,UPI,Returned
6278,2024-07-22,68,28,9,1,5545.6,20,2617.6,UPI,Delivered
6279,2025-01-01,202,1,3,3,8254.35,15,541.35,Net Banking,Delivered
6280,2024-08-17,38,14,4,2,6099.0,25,-3733.0,Debit Card,Delivered
6281,2024-11-14,473,52,7,2,1372.8,20,-6431.2,Cash,Delivered
6282,2024-01-05,78,13,10,2,5605.2,10,3931.2,Credit Card,Returned
6283,2025-05-30,83,29,17,2,1997.5,15,-1156.5,UPI,Returned
6284,2023-03-17,1,41,1,1,4741.8,30,-76.2,Debit Card,Delivered
6285,2023-06-11,223,24,15,1,3389.4,30,-90.6,UPI,Delivered
6286,2024-09-22,468,26,12,2,9322.6,30,3840.6,Net Banking,Returned
6287,2025-05-13,154,40,19,3,9135.0,30,-3606.0,UPI,Delivered
6288,2025-10-24,53,43,2,5,21813.75,25,-2306.25,Net Banking,Cancelled
6289,2024-10-05,99,49,5,4,9612.4,30,6972.4,UPI,Delivered
6290,2024-10-13,487,7,16,5,23240.0,0,12815.0,Net Banking,Delivered
6291,2024-07-20,191,33,17,4,9592.8,30,-2655.2,Cash,Delivered
6292,2024-09-19,453,12,13,1,3884.4,10,3531.4,Cash,Delivered
6293,2025-11-11,271,38,20,4,27108.0,0,21300.0,Cash,Cancelled
6294,2023-01-01,16,37,3,4,16452.0,25,9968.0,Debit Card,Returned
6295,2025-04-22,215,39,2,4,6003.0,25,2735.0,Cash,Returned
6296,2023-10-29,249,21,17,4,4067.2,20,-8588.8,Net Banking,Delivered
6297,2023-09-30,462,9,18,3,2565.0,25,-6738.0,Debit Card,Delivered
6298,2025-02-06,52,41,8,3,16257.6,20,1803.6,UPI,Cancelled
6299,2024-07-19,346,53,14,5,17850.0,0,14520.0,Credit Card,Returned
6300,2024-04-19,257,34,14,2,3727.5,25,909.5,UPI,Returned
6301,2024-01-16,452,32,7,2,3420.8,20,-5333.2,Cash,Delivered
6302,2023-02-05,88,17,3,3,8122.8,30,4693.8,Debit Card,Delivered
6303,2024-05-10,241,47,1,4,12516.0,25,-3648.0,Net Banking,Cancelled
6304,2023-11-15,419,63,5,4,4012.8,5,-1727.2,UPI,Delivered
6305,2023-05-18,85,16,4,1,2628.9,10,-992.1,Credit Card,Delivered
6306,2025-02-09,384,8,9,5,25593.5,15,1708.5,UPI,Delivered
6307,2025-07-12,98,53,20,4,12852.0,10,10188.0,Credit Card,Delivered
6308,2023-07-04,144,28,15,5,27728.0,20,13088.0,Debit Card,Delivered
6309,2023-12-10,233,10,3,5,29826.0,10,12566.0,Debit Card,Delivered
6310,2024-09-11,391,24,6,3,10168.2,30,-271.8,Credit Card,Delivered
6311,2024-06-21,414,62,9,2,8382.6,10,190.6,Debit Card,Delivered
6312,2023-12-07,322,55,2,1,4191.0,25,3252.0,Credit Card,Cancelled
6313,2024-04-07,345,26,13,4,19977.0,25,9013.0,Debit Card,Delivered
6314,2025-04-12,215,13,20,5,11677.5,25,7492.5,Cash,Delivered
6315,2024-09-11,496,24,15,4,16462.8,15,2542.8,UPI,Delivered
6316,2025-01-20,49,63,17,1,1003.2,5,-431.8,UPI,Cancelled
6317,2023-10-17,158,66,1,2,9366.0,0,7586.0,Debit Card,Cancelled
6318,2024-07-01,392,38,8,3,19314.45,5,14958.45,Cash,Delivered
6319,2023-06-10,242,53,4,5,12495.0,30,9165.0,Debit Card,Delivered
6320,2025-01-16,63,38,2,5,27108.0,20,19848.0,Credit Card,Returned
6321,2024-11-02,253,41,11,1,5757.9,15,939.9,Debit Card,Cancelled
6322,2025-12-06,55,21,10,5,6355.0,0,-9465.0,Debit Card,Returned
6323,2025-02-07,148,36,19,1,2057.7,5,-238.3,Debit Card,Delivered
6324,2023-08-15,431,32,17,5,7483.0,30,-14402.0,Cash,Delivered
6325,2023-12-31,477,50,3,3,2429.7,30,-10638.3,Credit Card,Cancelled
6326,2023-07-18,312,11,16,2,5772.2,30,4680.2,Net Banking,Delivered
6327,2023-07-07,404,49,8,3,8239.2,20,6259.2,Net Banking,Returned
6328,2023-04-24,422,64,16,1,1047.75,25,-2842.25,Credit Card,Cancelled
6329,2024-06-12,492,58,19,1,4622.1,30,-117.9,Cash,Delivered
6330,2023-12-21,190,12,15,3,12300.6,5,11241.6,Debit Card,Delivered
6331,2025-01-27,52,6,15,1,4735.5,25,173.5,Net Banking,Delivered
6332,2023-04-17,146,24,12,2,6778.8,30,-181.2,Net Banking,Returned
6333,2023-05-10,121,27,11,1,2246.75,5,-734.25,Net Banking,Delivered
6334,2024-01-31,60,36,3,2,3682.2,15,-909.8,Debit Card,Delivered
6335,2025-04-02,322,52,18,1,772.2,10,-3129.8,UPI,Delivered
6336,2024-11-11,280,18,16,2,6420.0,0,5680.0,Debit Card,Delivered
6337,2023-04-21,378,19,12,2,7858.2,30,4644.2,UPI,Delivered
6338,2024-01-24,406,13,10,2,6228.0,0,4554.0,UPI,Delivered
6339,2025-07-10,146,19,6,3,16839.0,0,12018.0,Cash,Cancelled
6340,2023-07-24,5,15,16,1,2897.25,25,-1999.75,UPI,Cancelled
6341,2024-09-12,455,4,14,4,7160.4,10,-7747.6,Debit Card,Delivered
6342,2025-06-04,38,23,8,4,14004.6,15,5232.6,Credit Card,Returned
6343,2024-09-13,126,24,20,3,13073.4,10,2633.4,UPI,Cancelled
6344,2023-07-21,395,61,7,2,5092.8,20,1608.8,Credit Card,Delivered
6345,2024-06-30,308,62,9,5,16299.5,30,-4180.5,Debit Card,Delivered
6346,2024-09-20,226,41,8,1,5757.9,15,939.9,UPI,Cancelled
6347,2025-05-08,143,28,4,1,6932.0,0,4004.0,UPI,Returned
6348,2025-02-18,28,19,5,4,16839.0,25,10411.0,Net Banking,Delivered
6349,2025-12-14,18,53,4,1,3570.0,0,2904.0,Credit Card,Delivered
6350,2023-09-10,304,60,12,3,16783.65,5,2134.65,Cash,Cancelled
6351,2025-10-28,269,21,5,2,2160.7,15,-4167.3,Credit Card,Delivered
6352,2025-10-19,131,6,19,1,4735.5,25,173.5,Debit Card,Returned
6353,2025-02-19,265,20,16,4,23556.2,5,7680.2,Net Banking,Cancelled
6354,2023-03-04,233,18,6,4,12198.0,5,10718.0,Net Banking,Delivered
6355,2023-06-26,84,15,11,3,9850.65,15,-4840.35,UPI,Delivered
6356,2024-04-16,39,55,14,3,13411.2,20,10594.2,Credit Card,Returned
6357,2023-09-23,264,40,9,3,11092.5,15,-1648.5,Credit Card,Cancelled
6358,2024-02-17,295,21,8,4,5084.0,0,-7572.0,Credit Card,Delivered
6359,2025-08-06,427,52,11,1,858.0,0,-3044.0,Debit Card,Cancelled
6360,2025-10-07,430,12,18,3,10358.4,20,9299.4,Credit Card,Delivered
6361,2025-08-06,325,18,8,2,5136.0,20,4396.0,UPI,Delivered
6362,2023-06-30,72,49,2,5,15448.5,10,12148.5,Debit Card,Delivered
6363,2023-04-02,33,25,12,2,5688.0,25,4000.0,Debit Card,Returned
6364,2023-02-17,325,27,20,5,8277.5,30,-6627.5,Credit Card,Returned
6365,2023-02-02,455,40,3,5,18487.5,15,-2747.5,Cash,Delivered
6366,2023-02-28,184,34,8,3,5964.0,20,1737.0,Credit Card,Delivered
6367,2025-05-07,128,28,14,3,20796.0,0,12012.0,Debit Card,Delivered
6368,2025-07-12,349,56,3,4,13316.4,10,-4095.6,Cash,Returned
6369,2023-03-27,264,1,5,5,14566.5,10,1711.5,Net Banking,Delivered
6370,2023-06-20,164,44,10,3,11944.8,30,3403.8,Net Banking,Returned
6371,2024-11-07,217,1,15,5,12948.0,20,93.0,Cash,Delivered
6372,2023-03-14,118,38,3,3,19314.45,5,14958.45,UPI,Delivered
6373,2024-12-26,56,21,11,3,2859.75,25,-6632.25,Cash,Delivered
6374,2025-10-04,15,23,4,2,6590.4,20,2204.4,Net Banking,Cancelled
6375,2025-02-19,362,10,12,5,28169.0,15,10909.0,Debit Card,Delivered
6376,2024-05-01,33,17,8,5,15472.0,20,9757.0,UPI,Delivered
6377,2023-04-18,479,64,13,4,4191.0,25,-11369.0,Cash,Returned
6378,2023-02-17,265,23,20,2,7826.1,5,3440.1,UPI,Delivered
6379,2025-02-21,421,20,10,2,9918.4,20,1980.4,UPI,Delivered
6380,2024-07-21,225,63,9,4,2956.8,30,-2783.2,Cash,Delivered
6381,2023-02-01,185,24,6,5,19368.0,20,1968.0,Credit Card,Cancelled
6382,2024-11-05,109,27,20,1,2246.75,5,-734.25,UPI,Returned
6383,2025-12-03,358,34,6,3,5218.5,30,991.5,Net Banking,Delivered
6384,2023-12-12,103,49,18,2,5492.8,20,4172.8,Net Banking,Delivered
6385,2023-09-07,40,44,10,3,17064.0,0,8523.0,Debit Card,Delivered
6386,2023-04-08,465,46,1,5,4158.75,25,-14851.25,Debit Card,Delivered
6387,2023-09-20,208,53,10,3,9103.5,15,7105.5,Net Banking,Delivered
6388,2023-07-10,8,29,7,5,5287.5,10,-2597.5,Cash,Delivered
6389,2023-04-26,328,23,17,2,6178.5,25,1792.5,Net Banking,Delivered
6390,2025-03-17,41,34,12,2,4721.5,5,1903.5,Cash,Delivered
6391,2025-11-11,452,3,20,5,30010.5,10,8640.5,Net Banking,Delivered
6392,2025-04-27,180,37,12,5,20565.0,25,12460.0,Debit Card,Delivered
6393,2023-12-08,120,16,1,2,4673.6,20,-2568.4,Debit Card,Returned
6394,2024-01-16,277,13,9,5,11677.5,25,7492.5,Credit Card,Cancelled
6395,2023-01-04,409,17,7,2,5802.0,25,3516.0,UPI,Cancelled
6396,2024-05-17,67,62,10,2,8848.3,5,656.3,Debit Card,Delivered
6397,2025-11-10,304,64,8,1,1187.45,15,-2702.55,Net Banking,Delivered
6398,2024-09-02,329,47,19,4,13350.4,20,-2813.6,Cash,Delivered
6399,2025-10-11,496,60,12,4,17667.0,25,-1865.0,Net Banking,Delivered
6400,2024-07-24,60,66,10,5,19902.75,15,15452.75,Debit Card,Cancelled
6401,2024-07-04,20,46,8,2,1885.3,15,-5718.7,Debit Card,Cancelled
6402,2025-08-30,45,29,16,3,2467.5,30,-2263.5,Debit Card,Delivered
6403,2025-01-01,269,22,10,1,1346.15,5,-2430.85,Credit Card,Delivered
6404,2024-12-06,12,49,16,4,12358.8,10,9718.8,Debit Card,Cancelled
6405,2025-09-27,198,35,17,2,2798.4,20,714.4,Debit Card,Cancelled
6406,2023-06-28,106,25,13,4,13651.2,10,10275.2,UPI,Returned
6407,2025-03-01,342,59,5,3,10161.6,20,8553.6,Credit Card,Delivered
6408,2023-09-04,379,29,6,4,4230.0,10,-2078.0,UPI,Cancelled
6409,2025-05-19,170,42,16,5,17964.75,15,-6770.25,Debit Card,Delivered
6410,2025-04-12,285,2,4,2,1103.4,10,-1260.6,Debit Card,Delivered
6411,2025-01-03,103,21,3,1,889.7,30,-2274.3,Cash,Delivered
6412,2025-04-05,348,28,13,1,5545.6,20,2617.6,Cash,Cancelled
6413,2024-05-01,62,51,19,5,18411.0,15,4701.0,UPI,Delivered
6414,2024-12-19,17,43,3,5,27630.75,5,3510.75,Net Banking,Delivered
6415,2023-08-14,173,9,5,1,798.0,30,-2303.0,Cash,Delivered
6416,2024-11-01,82,60,8,1,5889.0,0,1006.0,Net Banking,Delivered
6417,2024-07-29,449,48,3,2,5320.0,5,-40.0,Credit Card,Delivered
6418,2024-03-16,360,37,16,5,24678.0,10,16573.0,Debit Card,Returned
6419,2025-09-09,101,66,3,5,22244.25,5,17794.25,Cash,Delivered
6420,2025-11-30,91,14,9,5,20330.0,0,-4250.0,Debit Card,Delivered
6421,2025-11-02,10,63,11,1,1056.0,0,-379.0,UPI,Delivered
6422,2024-02-22,306,40,15,1,3045.0,30,-1202.0,Credit Card,Delivered
6423,2023-05-28,117,51,5,5,21660.0,0,7950.0,Debit Card,Delivered
6424,2024-05-10,329,19,5,4,16839.0,25,10411.0,Debit Card,Cancelled
6425,2025-09-22,377,54,16,4,4005.2,15,-6198.8,UPI,Delivered
6426,2024-07-12,229,34,7,3,6709.5,10,2482.5,Cash,Delivered
6427,2023-11-12,313,51,15,3,12346.2,5,4120.2,Cash,Delivered
6428,2025-09-19,474,1,19,5,13757.25,15,902.25,Debit Card,Returned
6429,2023-10-10,117,52,13,4,2574.0,25,-13034.0,Cash,Delivered
6430,2024-11-12,386,6,6,1,4735.5,25,173.5,Credit Card,Delivered
6431,2023-05-09,238,45,16,3,4286.4,20,-4080.6,UPI,Cancelled
6432,2025-12-22,235,18,18,2,4815.0,25,4075.0,Debit Card,Delivered
6433,2023-11-11,306,19,5,4,16839.0,25,10411.0,Net Banking,Delivered
6434,2023-06-25,449,53,4,1,3391.5,5,2725.5,Debit Card,Delivered
6435,2024-05-18,105,15,11,2,6180.8,20,-3613.2,UPI,Returned
6436,2024-11-27,382,31,17,4,16646.4,15,12110.4,Debit Card,Cancelled
6437,2023-11-22,220,62,7,2,9314.0,0,1122.0,Cash,Delivered
6438,2024-03-21,426,27,6,4,8514.0,10,-3410.0,Net Banking,Delivered
6439,2025-11-14,71,14,7,4,13824.4,15,-5839.6,Debit Card,Delivered
6440,2025-07-02,442,5,8,4,14656.0,0,9624.0,Net Banking,Cancelled
6441,2025-09-11,96,15,18,1,2704.1,30,-2192.9,Debit Card,Delivered
6442,2023-07-24,323,13,5,5,11677.5,25,7492.5,Net Banking,Cancelled
6443,2025-09-16,13,14,12,1,3456.1,15,-1459.9,Debit Card,Delivered
6444,2024-07-21,18,6,2,1,5998.3,5,1436.3,Debit Card,Delivered
6445,2023-12-05,245,37,10,3,13161.6,20,8298.6,Debit Card,Delivered
6446,2024-07-18,233,32,4,1,1817.3,15,-2559.7,Net Banking,Cancelled
6447,2024-05-15,480,12,20,2,6905.6,20,6199.6,Net Banking,Returned
6448,2025-09-01,428,23,4,3,9267.75,25,2688.75,Debit Card,Delivered
6449,2024-12-18,232,39,15,4,6803.4,15,3535.4,Cash,Delivered
6450,2025-09-12,294,5,12,5,18320.0,0,12030.0,UPI,Delivered
6451,2024-06-23,25,21,13,3,3431.7,10,-6060.3,Credit Card,Returned
6452,2025-06-03,215,45,15,3,5090.1,5,-3276.9,Net Banking,Delivered
6453,2024-11-19,236,24,4,4,19368.0,0,5448.0,Cash,Cancelled
6454,2023-01-06,300,54,3,2,2238.2,5,-2863.8,Net Banking,Delivered
6455,2023-04-21,40,15,2,5,13520.5,30,-10964.5,Cash,Delivered
6456,2023-08-19,463,10,6,2,11930.4,10,5026.4,Debit Card,Delivered
6457,2025-08-07,319,16,6,3,7010.4,20,-3852.6,Cash,Delivered
6458,2023-04-08,239,17,18,1,2901.0,25,1758.0,UPI,Delivered
6459,2024-05-31,328,34,14,3,5591.25,25,1364.25,Cash,Delivered
6460,2024-08-12,5,64,7,2,1955.8,30,-5824.2,Net Banking,Delivered
6461,2023-05-27,144,11,4,2,6184.5,25,5092.5,Debit Card,Returned
6462,2023-10-01,493,65,10,5,27204.25,15,12139.25,Credit Card,Delivered
6463,2025-10-21,198,57,6,3,13525.2,15,1555.2,Debit Card,Delivered
6464,2024-04-02,80,58,17,3,19809.0,0,5589.0,Debit Card,Delivered
6465,2023-07-15,15,23,15,4,14828.4,10,6056.4,Cash,Cancelled
6466,2025-02-05,249,38,15,3,15248.25,25,10892.25,Cash,Delivered
6467,2024-10-05,42,50,8,5,4338.75,25,-17441.25,Credit Card,Delivered
6468,2025-01-21,13,12,1,2,6905.6,20,6199.6,Debit Card,Delivered
6469,2024-12-05,319,8,4,5,30110.0,0,6225.0,Cash,Returned
6470,2025-09-26,428,54,12,5,5301.0,10,-7454.0,Debit Card,Cancelled
6471,2025-04-17,317,3,7,1,5001.75,25,727.75,Cash,Delivered
6472,2025-12-23,128,10,18,2,9279.2,30,2375.2,Debit Card,Returned
6473,2024-02-01,279,13,9,1,2179.8,30,1342.8,Cash,Delivered
6474,2024-09-10,334,1,7,2,6150.3,5,1008.3,Cash,Delivered
6475,2025-08-10,136,56,2,3,11097.0,0,-1962.0,UPI,Delivered
6476,2025-06-29,325,56,3,4,10357.2,30,-7054.8,UPI,Delivered
6477,2025-09-28,196,47,6,4,12516.0,25,-3648.0,Credit Card,Delivered
6478,2024-12-16,249,11,14,1,3298.4,20,2752.4,Debit Card,Cancelled
6479,2025-11-27,148,56,3,3,11097.0,0,-1962.0,Credit Card,Delivered
6480,2025-04-04,459,24,19,3,13073.4,10,2633.4,UPI,Delivered
6481,2024-01-27,108,16,15,4,11684.0,0,-2800.0,Net Banking,Delivered
6482,2023-06-09,10,18,18,1,3210.0,0,2840.0,Cash,Delivered
6483,2023-03-05,287,2,16,5,2298.75,25,-3611.25,UPI,Delivered
6484,2023-03-14,336,56,12,4,11097.0,25,-6315.0,Cash,Delivered
6485,2024-07-06,205,48,4,5,9800.0,30,-3600.0,Net Banking,Delivered
6486,2025-06-04,27,49,11,4,10985.6,20,8345.6,Net Banking,Delivered
6487,2024-10-04,300,17,18,5,17406.0,10,11691.0,UPI,Delivered
6488,2025-01-17,446,6,18,2,12628.0,0,3504.0,Net Banking,Delivered
6489,2025-05-18,209,20,1,5,21696.5,30,1851.5,Cash,Delivered
6490,2024-02-10,187,51,10,2,7797.6,10,2313.6,Cash,Delivered
6491,2024-12-30,269,3,18,2,12004.2,10,3456.2,Net Banking,Cancelled
6492,2025-09-28,376,51,11,4,17328.0,0,6360.0,UPI,Delivered
6493,2025-12-29,289,16,14,2,5549.9,5,-1692.1,Net Banking,Delivered
6494,2023-06-24,329,40,3,3,9135.0,30,-3606.0,Credit Card,Delivered
6495,2023-08-07,326,57,14,3,11138.4,30,-831.6,Credit Card,Cancelled
6496,2024-07-11,416,44,11,1,5688.0,0,2841.0,Credit Card,Delivered
6497,2024-09-26,314,9,3,5,4845.0,15,-10660.0,Credit Card,Delivered
6498,2024-04-09,23,52,13,3,2059.2,20,-9646.8,Cash,Delivered
6499,2025-09-09,433,48,7,2,5040.0,10,-320.0,Net Banking,Delivered
6500,2023-05-09,31,50,2,4,3239.6,30,-14184.4,Debit Card,Cancelled
6501,2023-01-23,449,51,18,1,4115.4,5,1373.4,UPI,Delivered
6502,2025-01-15,20,10,3,2,9279.2,30,2375.2,Cash,Delivered
6503,2023-11-11,311,12,6,5,15106.0,30,13341.0,Cash,Delivered
6504,2024-12-02,451,57,16,5,25194.0,5,5244.0,Credit Card,Returned
6505,2025-08-22,295,9,13,4,4332.0,5,-8072.0,Net Banking,Delivered
6506,2025-11-03,45,57,9,1,5038.8,5,1048.8,Net Banking,Delivered
6507,2023-08-01,30,64,12,4,4470.4,20,-11089.6,UPI,Delivered
6508,2023-12-07,180,50,11,2,2198.3,5,-6513.7,UPI,Delivered
6509,2023-11-22,77,50,17,2,2082.6,10,-6629.4,Cash,Delivered
6510,2025-09-28,27,26,13,1,5327.2,20,2586.2,Net Banking,Cancelled
6511,2024-11-13,30,27,17,2,3311.0,30,-2651.0,Net Banking,Delivered
6512,2024-10-14,386,12,19,4,12084.8,30,10672.8,Cash,Delivered
6513,2025-02-01,163,51,18,3,11046.6,15,2820.6,Credit Card,Delivered
6514,2024-10-11,245,36,15,3,4873.5,25,-2014.5,Debit Card,Delivered
6515,2025-12-02,471,47,17,1,4172.0,0,131.0,UPI,Returned
6516,2024-12-02,414,13,15,5,11677.5,25,7492.5,UPI,Delivered
6517,2024-01-20,374,64,9,4,4749.8,15,-10810.2,Net Banking,Delivered
6518,2023-04-29,301,64,15,3,3981.45,5,-7688.55,Credit Card,Cancelled
6519,2024-03-19,352,54,20,5,5890.0,0,-6865.0,Cash,Returned
6520,2024-09-08,128,58,19,4,21129.6,20,2169.6,UPI,Cancelled
6521,2025-10-14,212,20,3,3,13017.9,30,1110.9,UPI,Delivered
6522,2023-10-03,183,63,5,4,3168.0,25,-2572.0,Credit Card,Delivered
6523,2025-12-05,262,28,9,1,6238.8,10,3310.8,Credit Card,Delivered
6524,2024-06-30,139,52,11,2,1544.4,10,-6259.6,UPI,Delivered
6525,2025-06-26,32,4,12,1,1889.55,5,-1837.45,Credit Card,Cancelled
6526,2023-01-24,346,50,9,2,1966.9,15,-6745.1,Credit Card,Delivered
6527,2025-03-19,376,41,10,5,28789.5,15,4699.5,Debit Card,Delivered
6528,2023-01-22,470,63,15,4,4224.0,0,-1516.0,Cash,Returned
6529,2023-08-11,471,15,11,4,13134.2,15,-6453.8,Net Banking,Delivered
6530,2023-10-23,111,14,20,4,13824.4,15,-5839.6,Net Banking,Delivered
6531,2025-05-12,338,17,18,1,3287.8,15,2144.8,Cash,Returned
6532,2025-05-02,193,24,5,1,3631.5,25,151.5,Credit Card,Delivered
6533,2023-03-27,498,21,10,4,4829.8,5,-7826.2,Debit Card,Cancelled
6534,2025-11-23,98,56,20,5,12946.5,30,-8818.5,Cash,Cancelled
6535,2024-09-05,47,30,1,1,4302.75,25,-78.25,UPI,Cancelled
6536,2024-03-31,468,57,12,4,14851.2,30,-1108.8,UPI,Delivered
6537,2024-09-01,180,7,20,2,7901.6,15,3731.6,Debit Card,Delivered
6538,2025-05-29,57,33,19,3,8222.4,20,-963.6,Cash,Delivered
6539,2023-06-20,144,38,20,1,5421.6,20,3969.6,Cash,Delivered
6540,2024-04-17,84,10,5,3,14913.0,25,4557.0,Net Banking,Returned
6541,2024-05-27,453,60,8,1,5005.65,15,122.65,Net Banking,Delivered
6542,2025-09-23,104,17,12,5,14505.0,25,8790.0,UPI,Delivered
6543,2024-11-19,411,39,5,3,5702.85,5,3251.85,UPI,Returned
6544,2023-04-19,452,14,6,5,17280.5,15,-7299.5,UPI,Cancelled
6545,2025-02-04,358,25,5,1,2844.0,25,2000.0,Net Banking,Cancelled
6546,2025-03-24,309,66,6,1,4448.85,5,3558.85,Net Banking,Delivered
6547,2025-08-09,418,7,8,5,19754.0,15,9329.0,UPI,Delivered
6548,2023-08-30,498,24,10,3,13799.7,5,3359.7,Debit Card,Delivered
6549,2024-05-24,483,65,19,1,5120.8,20,2107.8,Cash,Returned
6550,2024-11-29,33,50,20,2,1619.8,30,-7092.2,Credit Card,Delivered
6551,2023-12-23,64,54,10,1,1119.1,5,-1431.9,UPI,Delivered
6552,2023-02-21,163,12,20,5,16185.0,25,14420.0,Net Banking,Returned
6553,2025-01-21,307,65,1,5,27204.25,15,12139.25,Debit Card,Cancelled
6554,2024-04-19,175,24,3,1,4599.9,5,1119.9,Credit Card,Delivered
6555,2025-10-28,39,14,17,5,19313.5,5,-5266.5,Debit Card,Delivered
6556,2023-06-19,229,22,5,5,5313.75,25,-13571.25,UPI,Delivered
6557,2024-05-05,83,55,4,3,14249.4,15,11432.4,Debit Card,Delivered
6558,2024-11-23,188,40,7,4,15660.0,10,-1328.0,Debit Card,Delivered
6559,2024-12-07,49,35,8,5,8307.75,5,3097.75,UPI,Delivered
6560,2023-06-16,170,7,13,2,6972.0,25,2802.0,Debit Card,Delivered
6561,2024-05-15,35,48,7,1,2660.0,5,-20.0,Credit Card,Delivered
6562,2025-01-22,188,2,10,5,2758.5,10,-3151.5,Net Banking,Returned
6563,2025-09-14,378,1,16,5,12138.75,25,-716.25,Net Banking,Cancelled
6564,2024-11-25,409,65,2,1,6080.95,5,3067.95,Net Banking,Delivered
6565,2025-10-06,402,44,14,1,4834.8,15,1987.8,UPI,Delivered
6566,2023-03-08,86,39,12,1,1900.95,5,1083.95,Debit Card,Delivered
6567,2023-04-27,456,4,19,5,8453.25,15,-10181.75,Net Banking,Delivered
6568,2024-06-03,21,7,20,1,4415.6,5,2330.6,Cash,Delivered
6569,2025-03-14,319,6,11,3,18942.0,0,5256.0,Debit Card,Cancelled
6570,2024-10-18,269,13,7,2,4359.6,30,2685.6,Credit Card,Delivered
6571,2024-06-14,415,9,3,4,3876.0,15,-8528.0,UPI,Cancelled
6572,2025-04-06,99,64,11,4,3911.6,30,-11648.4,Cash,Delivered
6573,2023-05-05,152,28,1,4,19409.6,30,7697.6,UPI,Delivered
6574,2024-09-27,42,50,1,3,3297.45,5,-9770.55,Debit Card,Returned
6575,2025-07-20,247,37,19,5,19194.0,30,11089.0,Credit Card,Delivered
6576,2024-04-29,368,38,9,4,18975.6,30,13167.6,UPI,Delivered
6577,2024-06-25,195,21,15,2,2414.9,5,-3913.1,Net Banking,Delivered
6578,2025-10-20,66,49,5,4,12358.8,10,9718.8,Debit Card,Delivered
6579,2023-01-01,265,21,18,1,889.7,30,-2274.3,Debit Card,Cancelled
6580,2023-03-30,78,39,2,3,4802.4,20,2351.4,Net Banking,Delivered
6581,2024-03-20,297,10,8,4,19884.0,25,6076.0,UPI,Cancelled
6582,2025-03-03,102,3,6,1,6002.1,10,1728.1,UPI,Delivered
6583,2025-09-17,34,18,1,3,9148.5,5,8038.5,UPI,Delivered
6584,2025-01-07,174,8,10,5,21077.0,30,-2808.0,Net Banking,Returned
6585,2025-09-04,332,66,19,3,9834.3,30,7164.3,Cash,Delivered
6586,2023-04-15,269,11,6,1,4123.0,0,3577.0,Cash,Cancelled
6587,2024-09-20,229,2,10,4,2084.2,15,-2643.8,Cash,Delivered
6588,2024-12-20,275,60,2,3,13250.25,25,-1398.75,Cash,Delivered
6589,2025-11-14,388,53,3,4,13566.0,5,10902.0,Net Banking,Delivered
6590,2025-03-04,118,61,10,2,6047.7,5,2563.7,Net Banking,Delivered
6591,2024-11-22,121,30,5,3,13768.8,20,625.8,Debit Card,Returned
6592,2024-02-21,452,16,17,1,2044.7,30,-1576.3,Net Banking,Delivered
6593,2024-06-12,77,47,11,5,16688.0,20,-3517.0,Cash,Cancelled
6594,2025-05-03,204,10,10,3,14913.0,25,4557.0,UPI,Delivered
6595,2024-01-08,230,12,20,4,12948.0,25,11536.0,Cash,Delivered
6596,2023-09-28,437,53,7,2,5712.0,20,4380.0,Cash,Cancelled
6597,2025-06-25,209,53,14,4,14280.0,0,11616.0,Cash,Delivered
6598,2025-02-06,210,2,5,4,1961.6,20,-2766.4,Cash,Delivered
6599,2025-04-12,234,29,11,2,1880.0,20,-1274.0,Credit Card,Delivered
6600,2025-08-17,416,59,20,2,7197.8,15,6125.8,Net Banking,Delivered
6601,2023-06-24,392,55,2,4,22352.0,0,18596.0,UPI,Delivered
6602,2023-09-10,171,30,9,2,10326.6,10,1564.6,Credit Card,Cancelled
6603,2023-12-20,61,38,7,5,28802.25,15,21542.25,Credit Card,Returned
6604,2023-12-10,29,34,8,1,2112.25,15,703.25,Debit Card,Delivered
6605,2024-01-30,159,23,16,2,7826.1,5,3440.1,Credit Card,Delivered
6606,2024-04-15,416,49,9,2,6522.7,5,5202.7,Debit Card,Delivered
6607,2025-04-01,246,5,20,4,14656.0,0,9624.0,UPI,Delivered
6608,2024-04-09,296,1,11,5,14566.5,10,1711.5,UPI,Delivered
6609,2023-09-25,242,11,16,5,18553.5,10,15823.5,Credit Card,Delivered
6610,2025-03-13,38,18,10,4,10272.0,20,8792.0,Debit Card,Delivered
6611,2023-07-05,157,13,17,5,14013.0,10,9828.0,Credit Card,Cancelled
6612,2025-09-14,297,1,14,3,9225.45,5,1512.45,UPI,Delivered
6613,2024-06-26,360,10,6,4,18558.4,30,4750.4,Debit Card,Cancelled
6614,2024-08-11,272,47,13,5,18774.0,10,-1431.0,Net Banking,Delivered
6615,2023-08-07,217,6,9,3,17994.9,5,4308.9,UPI,Cancelled
6616,2023-01-21,347,1,9,5,11329.5,30,-1525.5,Debit Card,Delivered
6617,2024-09-28,385,44,8,3,15357.6,10,6816.6,Credit Card,Cancelled
6618,2024-05-22,321,33,6,1,3083.4,10,21.4,Cash,Delivered
6619,2025-01-17,453,12,10,3,12300.6,5,11241.6,Debit Card,Delivered
6620,2025-05-18,383,4,19,4,6364.8,20,-8543.2,Net Banking,Cancelled
6621,2025-03-23,44,23,16,4,13180.8,20,4408.8,UPI,Returned
6622,2024-04-13,107,64,7,2,2794.0,0,-4986.0,Net Banking,Delivered
6623,2024-05-25,220,10,7,2,13256.0,0,6352.0,UPI,Delivered
6624,2024-10-29,243,5,16,1,3664.0,0,2406.0,Net Banking,Delivered
6625,2023-09-27,206,22,17,4,5384.6,5,-9723.4,Net Banking,Delivered
6626,2025-09-18,308,24,20,5,19368.0,20,1968.0,Credit Card,Cancelled
6627,2023-06-06,25,39,20,4,7603.8,5,4335.8,Debit Card,Delivered
6628,2025-01-11,132,15,17,3,9271.2,20,-5419.8,Cash,Delivered
6629,2023-08-20,32,64,4,5,4889.5,30,-14560.5,Cash,Returned
6630,2024-09-26,195,14,5,5,17280.5,15,-7299.5,Debit Card,Delivered
6631,2024-04-25,190,32,1,4,8552.0,0,-8956.0,Credit Card,Delivered
6632,2025-11-03,149,8,3,5,24088.0,20,203.0,UPI,Delivered
6633,2024-10-25,69,17,4,1,3868.0,0,2725.0,UPI,Returned
6634,2025-12-15,108,12,16,1,4100.2,5,3747.2,Cash,Delivered
6635,2023-06-12,56,65,2,3,14402.25,25,5363.25,Credit Card,Delivered
6636,2023-11-23,420,27,7,2,3547.5,25,-2414.5,UPI,Delivered
6637,2024-09-01,129,22,10,4,5101.2,10,-10006.8,Debit Card,Delivered
6638,2024-07-18,205,16,2,1,2482.85,15,-1138.15,Net Banking,Delivered
6639,2023-05-20,15,19,12,5,26661.75,5,18626.75,UPI,Delivered
6640,2023-09-27,471,48,18,4,9520.0,15,-1200.0,Cash,Delivered
6641,2023-07-20,433,58,8,1,4622.1,30,-117.9,Debit Card,Delivered
6642,2025-07-05,300,5,20,4,10992.0,25,5960.0,Debit Card,Delivered
6643,2023-04-15,453,10,19,2,9279.2,30,2375.2,Credit Card,Returned
6644,2025-09-12,169,20,20,4,24796.0,0,8920.0,Net Banking,Delivered
6645,2024-01-22,286,20,17,3,13947.75,25,2040.75,Credit Card,Delivered
6646,2025-11-05,338,18,13,5,14445.0,10,12595.0,Cash,Delivered
6647,2024-03-18,59,41,4,2,10161.0,25,525.0,Cash,Cancelled
6648,2023-04-11,286,65,2,1,5440.85,15,2427.85,UPI,Delivered
6649,2023-11-11,249,15,6,3,9850.65,15,-4840.35,Credit Card,Delivered
6650,2023-06-04,110,20,3,4,21076.6,15,5200.6,Debit Card,Returned
6651,2025-10-21,26,34,4,5,11182.5,10,4137.5,UPI,Cancelled
6652,2023-07-15,382,60,14,4,23556.0,0,4024.0,Debit Card,Delivered
6653,2025-06-04,497,57,19,1,4243.2,20,253.2,Cash,Cancelled
6654,2023-09-28,362,16,4,4,8763.0,25,-5721.0,UPI,Cancelled
6655,2023-05-31,357,44,4,2,10238.4,10,4544.4,Net Banking,Delivered
6656,2023-11-13,12,25,10,1,3792.0,0,2948.0,Net Banking,Returned
6657,2024-05-02,306,55,18,3,15925.8,5,13108.8,Credit Card,Returned
6658,2025-07-10,245,33,4,2,5481.6,20,-642.4,UPI,Delivered
6659,2024-02-09,3,49,9,5,12873.75,25,9573.75,Cash,Cancelled
6660,2023-11-27,68,33,12,3,8222.4,20,-963.6,Net Banking,Delivered
6661,2025-01-31,90,65,4,3,15362.4,20,6323.4,Debit Card,Delivered
6662,2024-03-08,103,54,19,1,1001.3,15,-1549.7,Net Banking,Returned
6663,2024-08-01,234,5,6,4,14656.0,0,9624.0,Net Banking,Delivered
6664,2025-08-13,61,20,11,1,4339.3,30,370.3,Debit Card,Delivered
6665,2023-08-15,291,39,17,3,4502.25,25,2051.25,Debit Card,Delivered
6666,2025-08-15,69,35,16,3,4197.6,20,1071.6,Credit Card,Cancelled
6667,2025-02-28,361,64,4,4,5308.6,5,-10251.4,Credit Card,Delivered
6668,2025-11-25,168,41,16,5,33870.0,0,9780.0,Net Banking,Delivered
6669,2024-09-07,224,64,15,1,1327.15,5,-2562.85,Net Banking,Delivered
6670,2025-06-08,438,17,8,4,14698.4,5,10126.4,Cash,Delivered
6671,2024-06-12,179,62,18,2,6519.8,30,-1672.2,Debit Card,Delivered
6672,2024-12-02,231,36,4,3,6173.1,5,-714.9,Debit Card,Cancelled
6673,2025-10-11,233,23,11,4,13180.8,20,4408.8,Credit Card,Cancelled
6674,2025-09-02,393,34,3,4,8946.0,10,3310.0,UPI,Delivered
6675,2024-09-21,467,63,4,4,2956.8,30,-2783.2,Credit Card,Cancelled
6676,2023-11-17,163,55,15,1,3911.6,30,2972.6,Net Banking,Cancelled
6677,2024-04-08,79,4,17,1,1392.3,30,-2334.7,Debit Card,Cancelled
6678,2024-08-30,183,18,5,1,2407.5,25,2037.5,Credit Card,Delivered
6679,2025-05-07,223,54,15,4,3769.6,20,-6434.4,UPI,Returned
6680,2023-04-13,215,35,4,1,1311.75,25,269.75,Net Banking,Delivered
6681,2023-05-15,21,55,16,1,4470.4,20,3531.4,Cash,Returned
6682,2024-04-12,209,25,4,3,9669.6,15,7137.6,Cash,Delivered
6683,2023-12-10,113,21,7,2,2287.8,10,-4040.2,Cash,Delivered
6684,2025-01-19,304,44,7,2,10807.2,5,5113.2,Debit Card,Cancelled
6685,2024-03-28,305,2,12,2,1226.0,0,-1138.0,Cash,Cancelled
6686,2023-06-23,113,13,11,2,6228.0,0,4554.0,Debit Card,Returned
6687,2024-11-11,28,53,15,1,3570.0,0,2904.0,Credit Card,Delivered
6688,2023-08-21,162,27,7,2,4730.0,0,-1232.0,Cash,Delivered
6689,2024-09-28,54,2,13,2,1042.1,15,-1321.9,UPI,Delivered
6690,2024-11-03,485,60,2,4,16489.2,30,-3042.8,Cash,Cancelled
6691,2023-05-15,327,49,13,1,3433.0,0,2773.0,Net Banking,Delivered
6692,2024-04-01,178,57,20,2,8486.4,20,506.4,Credit Card,Delivered
6693,2024-07-12,154,35,10,5,6996.0,20,1786.0,Cash,Delivered
6694,2024-05-11,354,7,1,2,8831.2,5,4661.2,Debit Card,Cancelled
6695,2025-04-30,246,4,5,4,5967.0,25,-8941.0,Cash,Delivered
6696,2024-05-25,411,39,17,1,1800.9,10,983.9,Net Banking,Delivered
6697,2025-06-02,174,5,16,2,6961.6,5,4445.6,Credit Card,Returned
6698,2024-04-28,499,20,3,3,15807.45,15,3900.45,Cash,Delivered
6699,2024-02-20,259,48,20,1,2800.0,0,120.0,Credit Card,Cancelled
6700,2023-03-19,185,18,8,5,16050.0,0,14200.0,UPI,Delivered
6701,2025-07-17,31,51,3,3,9097.2,30,871.2,Cash,Delivered
6702,2023-10-26,499,26,16,3,17979.3,10,9756.3,Cash,Cancelled
6703,2024-10-27,401,54,1,4,4476.4,5,-5727.6,Debit Card,Delivered
6704,2024-08-04,406,57,5,1,3978.0,25,-12.0,Credit Card,Returned
6705,2025-03-31,212,21,18,2,2542.0,0,-3786.0,Net Banking,Delivered
6706,2023-05-06,278,43,3,5,27630.75,5,3510.75,Cash,Delivered
6707,2024-07-02,282,8,3,3,12646.2,30,-1684.8,Net Banking,Delivered
6708,2024-09-18,344,10,18,5,31483.0,5,14223.0,Credit Card,Returned
6709,2023-02-09,83,27,14,5,10051.25,15,-4853.75,Debit Card,Delivered
6710,2024-01-11,421,51,13,2,6498.0,25,1014.0,Debit Card,Delivered
6711,2024-03-31,168,41,9,5,28789.5,15,4699.5,Debit Card,Delivered
6712,2025-11-12,400,18,14,2,6099.0,5,5359.0,UPI,Delivered
6713,2025-09-12,419,12,11,2,8632.0,0,7926.0,Credit Card,Delivered
6714,2024-03-02,251,20,1,3,17667.15,5,5760.15,UPI,Delivered
6715,2024-09-27,492,40,12,2,7395.0,15,-1099.0,UPI,Delivered
6716,2025-09-01,116,41,15,2,12193.2,10,2557.2,Debit Card,Delivered
6717,2025-02-05,483,29,9,5,4700.0,20,-3185.0,Credit Card,Returned
6718,2023-04-23,388,53,1,4,13566.0,5,10902.0,Credit Card,Delivered
6719,2024-10-25,19,9,12,3,3420.0,0,-5883.0,UPI,Delivered
6720,2024-05-24,440,39,5,1,1900.95,5,1083.95,Credit Card,Delivered
6721,2023-02-28,409,17,9,1,2707.6,30,1564.6,Cash,Returned
6722,2024-12-31,285,21,17,1,1143.9,10,-2020.1,Debit Card,Cancelled
6723,2024-06-30,330,7,4,4,18592.0,0,10252.0,UPI,Delivered
6724,2024-09-04,427,27,19,2,4493.5,5,-1468.5,Debit Card,Delivered
6725,2023-06-11,31,20,1,3,18597.0,0,6690.0,Net Banking,Cancelled
6726,2025-02-01,181,60,13,2,10600.2,10,834.2,UPI,Delivered
6727,2025-11-11,61,61,13,3,9071.55,5,3845.55,UPI,Delivered
6728,2023-07-06,289,52,13,5,4290.0,0,-15220.0,Credit Card,Returned
6729,2024-12-16,397,16,7,3,8763.0,0,-2100.0,Credit Card,Returned
6730,2024-06-04,377,1,3,3,7768.8,20,55.8,UPI,Cancelled
6731,2024-11-13,86,57,9,4,21216.0,0,5256.0,Cash,Delivered
6732,2023-09-06,103,42,17,3,10778.85,15,-4062.15,Cash,Delivered
6733,2025-11-20,27,37,4,2,10419.6,5,7177.6,Credit Card,Delivered
6734,2023-02-05,71,40,8,4,16530.0,5,-458.0,Cash,Delivered
6735,2023-06-02,459,3,10,4,25342.2,5,8246.2,Net Banking,Returned
6736,2025-06-04,260,41,13,3,15241.5,25,787.5,Credit Card,Delivered
6737,2023-01-02,446,30,15,2,11474.0,0,2712.0,Cash,Delivered
6738,2023-03-27,315,48,19,1,2520.0,10,-160.0,Debit Card,Delivered
6739,2025-02-28,463,62,20,1,4191.3,10,95.3,Net Banking,Delivered
6740,2025-07-01,149,36,17,4,6931.2,20,-2252.8,Cash,Delivered
6741,2024-03-17,36,48,14,3,7980.0,5,-60.0,Cash,Delivered
6742,2023-03-19,259,31,9,5,24480.0,0,18810.0,UPI,Delivered
6743,2025-05-05,251,17,7,1,3481.2,10,2338.2,UPI,Delivered
6744,2023-11-01,406,32,7,2,3420.8,20,-5333.2,Cash,Cancelled
6745,2023-07-21,404,3,7,5,26676.0,20,5306.0,Net Banking,Cancelled
6746,2024-07-29,343,32,1,2,4276.0,0,-4478.0,Cash,Returned
6747,2024-05-12,56,12,17,1,3668.6,15,3315.6,Net Banking,Cancelled
6748,2025-11-06,404,5,8,1,3114.4,15,1856.4,Cash,Returned
6749,2024-12-22,218,12,9,5,16185.0,25,14420.0,UPI,Cancelled
6750,2023-04-04,499,28,16,3,17676.6,15,8892.6,Debit Card,Returned
6751,2025-02-20,448,12,10,1,3237.0,25,2884.0,Debit Card,Delivered
6752,2023-11-25,59,27,3,5,9460.0,20,-5445.0,Cash,Delivered
6753,2023-03-12,489,29,3,2,1880.0,20,-1274.0,UPI,Delivered
6754,2025-09-26,212,31,16,2,7344.0,25,5076.0,Credit Card,Delivered
6755,2024-08-17,435,43,20,5,29085.0,0,4965.0,Cash,Delivered
6756,2024-03-07,490,45,2,2,3036.2,15,-2541.8,Debit Card,Delivered
6757,2025-08-12,147,31,14,3,14688.0,0,11286.0,Net Banking,Delivered
6758,2024-03-30,207,60,17,1,4711.2,20,-171.8,UPI,Delivered
6759,2025-12-01,54,4,17,5,8453.25,15,-10181.75,Net Banking,Cancelled
6760,2023-07-31,205,8,16,5,27099.0,10,3214.0,Debit Card,Delivered
6761,2024-02-23,410,31,9,3,11750.4,20,8348.4,Cash,Delivered
6762,2025-03-04,191,33,17,1,3083.4,10,21.4,Cash,Delivered
6763,2025-06-09,340,34,7,5,12425.0,0,5380.0,Cash,Cancelled
6764,2025-05-05,167,32,16,5,8017.5,25,-13867.5,Cash,Delivered
6765,2024-11-22,50,34,7,1,1739.5,30,330.5,Cash,Delivered
6766,2024-09-15,7,6,10,1,5366.9,15,804.9,Debit Card,Delivered
6767,2025-01-18,144,35,9,1,1574.1,10,532.1,Cash,Delivered
6768,2023-07-03,405,41,4,3,19305.9,5,4851.9,Net Banking,Delivered
6769,2023-10-28,2,60,13,4,22378.2,5,2846.2,UPI,Returned
6770,2024-12-16,471,38,18,1,6438.15,5,4986.15,Net Banking,Delivered
6771,2024-03-14,358,53,15,4,12852.0,10,10188.0,Credit Card,Delivered
6772,2024-05-10,235,33,3,4,11648.4,15,-599.6,UPI,Returned
6773,2025-02-14,449,1,3,2,6474.0,0,1332.0,Cash,Returned
6774,2023-08-10,293,34,17,5,10561.25,15,3516.25,Net Banking,Delivered
6775,2025-01-30,169,9,12,4,4560.0,0,-7844.0,Debit Card,Cancelled
6776,2023-11-11,225,49,8,4,10299.0,25,7659.0,UPI,Delivered
6777,2023-04-28,394,26,16,2,11986.2,10,6504.2,Credit Card,Delivered
6778,2024-10-19,417,41,5,3,18289.8,10,3835.8,UPI,Returned
6779,2024-08-28,5,57,5,1,4773.6,10,783.6,Net Banking,Delivered
6780,2023-03-16,276,30,7,5,21513.75,25,-391.25,Net Banking,Cancelled
6781,2024-03-03,392,35,5,5,6121.5,30,911.5,Net Banking,Delivered
6782,2025-07-27,171,40,4,4,13050.0,25,-3938.0,Credit Card,Cancelled
6783,2023-10-04,60,25,2,5,16116.0,15,11896.0,Debit Card,Delivered
6784,2024-03-15,83,47,10,1,3546.2,15,-494.8,UPI,Delivered
6785,2025-12-13,294,10,19,3,18889.8,5,8533.8,Credit Card,Returned
6786,2023-03-03,49,24,1,1,4842.0,0,1362.0,Net Banking,Delivered
6787,2024-10-02,380,18,1,3,9148.5,5,8038.5,Credit Card,Cancelled
6788,2024-04-07,122,25,4,3,9100.8,20,6568.8,UPI,Delivered
6789,2025-06-15,382,20,4,3,18597.0,0,6690.0,Net Banking,Cancelled
6790,2024-07-09,393,38,20,4,24397.2,10,18589.2,Cash,Delivered
6791,2025-10-13,180,16,7,2,4673.6,20,-2568.4,Credit Card,Delivered
6792,2025-02-12,452,33,6,1,2740.8,20,-321.2,Credit Card,Delivered
6793,2025-07-15,254,11,1,3,11750.55,5,10112.55,Debit Card,Returned
6794,2023-01-09,243,24,8,4,19368.0,0,5448.0,Credit Card,Delivered
6795,2023-09-23,460,59,7,2,8468.0,0,7396.0,Credit Card,Delivered
6796,2025-02-21,374,40,6,1,3915.0,10,-332.0,Cash,Delivered
6797,2025-01-06,242,22,9,1,1346.15,5,-2430.85,UPI,Returned
6798,2023-03-31,494,1,10,3,7768.8,20,55.8,Debit Card,Delivered
6799,2023-12-06,354,30,8,5,20079.5,30,-1825.5,Net Banking,Delivered
6800,2025-04-25,110,49,11,3,10299.0,0,8319.0,Cash,Delivered
6801,2023-08-24,96,24,1,1,3631.5,25,151.5,Credit Card,Delivered
6802,2025-09-26,439,9,12,5,5415.0,5,-10090.0,Net Banking,Cancelled
6803,2024-07-18,283,49,4,3,7209.3,30,5229.3,Cash,Returned
6804,2025-02-20,379,14,20,5,20330.0,0,-4250.0,Credit Card,Delivered
6805,2023-10-15,215,23,18,1,3707.1,10,1514.1,Cash,Delivered
6806,2024-07-31,278,41,3,5,30483.0,10,6393.0,Debit Card,Delivered
6807,2023-10-24,475,20,6,2,12398.0,0,4460.0,Credit Card,Delivered
6808,2024-05-29,81,60,13,5,27972.75,5,3557.75,Net Banking,Cancelled
6809,2023-05-25,40,52,11,4,3260.4,5,-12347.6,Credit Card,Delivered
6810,2023-06-07,340,57,13,2,9016.8,15,1036.8,Debit Card,Delivered
6811,2023-05-31,11,3,7,1,6335.55,5,2061.55,UPI,Cancelled
6812,2023-11-09,155,58,8,1,4952.25,25,212.25,Cash,Returned
6813,2023-09-07,378,56,10,4,11097.0,25,-6315.0,Debit Card,Delivered
6814,2024-05-24,483,49,7,5,12015.5,30,8715.5,Net Banking,Delivered
6815,2023-06-24,226,39,8,1,1700.85,15,883.85,UPI,Delivered
6816,2023-07-09,218,19,15,4,15716.4,30,9288.4,Net Banking,Cancelled
6817,2023-07-28,328,37,18,1,3838.8,30,2217.8,Net Banking,Cancelled
6818,2024-10-07,371,30,6,2,8605.5,25,-156.5,Cash,Returned
6819,2024-09-14,498,10,7,5,31483.0,5,14223.0,Cash,Delivered
6820,2024-03-08,239,8,16,5,24088.0,20,203.0,Debit Card,Delivered
6821,2024-06-20,212,62,11,1,4424.15,5,328.15,UPI,Delivered
6822,2023-05-23,37,55,12,1,5308.6,5,4369.6,Net Banking,Delivered
6823,2023-08-01,66,60,4,1,4122.3,30,-760.7,Debit Card,Delivered
6824,2024-04-19,164,9,12,3,3420.0,0,-5883.0,Credit Card,Delivered
6825,2023-01-05,331,38,8,1,5760.45,15,4308.45,Debit Card,Delivered
6826,2025-10-25,233,56,15,4,14796.0,0,-2616.0,Debit Card,Delivered
6827,2024-07-16,68,61,2,1,2546.4,20,804.4,UPI,Delivered
6828,2024-08-29,467,16,12,4,11684.0,0,-2800.0,Net Banking,Delivered
6829,2023-05-22,491,61,15,5,15119.25,5,6409.25,UPI,Delivered
6830,2024-12-25,57,7,3,1,4183.2,10,2098.2,Cash,Delivered
6831,2023-09-14,14,9,3,3,2907.0,15,-6396.0,Credit Card,Delivered
6832,2025-08-25,162,51,15,3,9747.0,25,1521.0,Net Banking,Delivered
6833,2024-07-02,395,33,8,1,2912.1,15,-149.9,UPI,Delivered
6834,2025-07-10,255,57,14,2,7425.6,30,-554.4,Debit Card,Delivered
6835,2025-12-11,144,25,15,5,14220.0,25,10000.0,Cash,Delivered
6836,2024-05-20,5,15,5,5,18349.25,5,-6135.75,Net Banking,Delivered
6837,2024-08-14,496,63,11,2,1795.2,15,-1074.8,UPI,Delivered
6838,2023-05-26,202,24,7,4,17431.2,10,3511.2,UPI,Delivered
6839,2023-12-10,309,34,10,1,2360.75,5,951.75,Cash,Delivered
6840,2023-05-14,464,15,7,3,11009.55,5,-3681.45,Net Banking,Delivered
6841,2025-03-23,206,34,10,3,6336.75,15,2109.75,Credit Card,Delivered
6842,2023-02-24,450,6,19,1,6314.0,0,1752.0,Net Banking,Cancelled
6843,2024-11-11,387,7,6,4,13944.0,25,5604.0,Debit Card,Delivered
6844,2024-10-21,127,36,3,1,2057.7,5,-238.3,Credit Card,Delivered
6845,2024-08-14,279,1,16,1,2751.45,15,180.45,UPI,Delivered
6846,2024-08-18,198,39,4,3,5102.55,15,2651.55,Net Banking,Delivered
6847,2024-09-07,442,58,3,4,21129.6,20,2169.6,Net Banking,Delivered
6848,2025-11-28,319,29,1,5,4112.5,30,-3772.5,Net Banking,Delivered
6849,2025-11-24,328,42,9,5,19021.5,10,-5713.5,UPI,Delivered
6850,2024-05-19,286,28,7,1,5199.0,25,2271.0,Cash,Delivered
6851,2025-07-22,58,50,1,1,1157.0,0,-3199.0,Cash,Delivered
6852,2025-09-22,32,15,5,1,3283.55,15,-1613.45,Credit Card,Returned
6853,2024-09-26,331,42,17,4,15217.2,10,-4570.8,Net Banking,Delivered
6854,2023-03-17,271,30,5,2,8031.8,30,-730.2,Cash,Cancelled
6855,2023-06-01,430,13,6,1,3114.0,0,2277.0,Cash,Delivered
6856,2025-05-16,127,64,9,5,5238.75,25,-14211.25,UPI,Delivered
6857,2023-02-18,218,60,10,3,14133.6,20,-515.4,Credit Card,Delivered
6858,2024-08-24,447,23,14,3,11121.3,10,4542.3,UPI,Delivered
6859,2025-05-16,365,37,13,3,11516.4,30,6653.4,Cash,Delivered
6860,2024-04-22,203,28,3,2,13170.8,5,7314.8,Net Banking,Delivered
6861,2025-04-13,438,55,19,5,20955.0,25,16260.0,Debit Card,Delivered
6862,2023-08-12,261,59,2,2,8044.6,5,6972.6,Cash,Returned
6863,2024-03-08,491,10,13,1,4639.6,30,1187.6,Credit Card,Delivered
6864,2023-04-24,70,5,5,2,7328.0,0,4812.0,Debit Card,Cancelled
6865,2024-01-04,434,65,10,5,25604.0,20,10539.0,Cash,Returned
6866,2024-03-15,39,6,9,4,22730.4,10,4482.4,Cash,Returned
6867,2025-09-05,474,53,16,1,2677.5,25,2011.5,Cash,Delivered
6868,2024-03-19,76,31,15,1,4161.6,15,3027.6,Net Banking,Delivered
6869,2023-11-13,339,58,4,4,19809.0,25,849.0,Debit Card,Cancelled
6870,2023-11-08,93,58,12,4,19809.0,25,849.0,Credit Card,Returned
6871,2024-12-15,104,13,14,5,10899.0,30,6714.0,Net Banking,Delivered
6872,2024-05-13,309,65,20,3,14402.25,25,5363.25,Net Banking,Delivered
6873,2025-03-05,186,39,7,4,6003.0,25,2735.0,Net Banking,Delivered
6874,2023-06-10,294,39,17,1,1800.9,10,983.9,Credit Card,Delivered
6875,2023-09-12,283,28,7,5,32927.0,5,18287.0,Cash,Cancelled
6876,2023-03-10,458,57,15,4,18033.6,15,2073.6,Cash,Delivered
6877,2023-07-27,378,59,18,3,11431.8,10,9823.8,Cash,Delivered
6878,2023-09-14,124,24,6,3,12347.1,15,1907.1,UPI,Returned
6879,2023-10-07,63,36,8,1,1841.1,15,-454.9,Debit Card,Delivered
6880,2024-01-20,480,6,17,4,18942.0,25,694.0,Debit Card,Delivered
6881,2025-03-31,37,20,17,4,22316.4,10,6440.4,Credit Card,Cancelled
6882,2025-07-06,303,48,5,5,10500.0,25,-2900.0,UPI,Delivered
6883,2024-11-02,299,43,2,3,13088.25,25,-1383.75,Debit Card,Delivered
6884,2024-04-17,433,52,3,1,600.6,30,-3301.4,Net Banking,Returned
6885,2023-09-28,312,14,11,2,7318.8,10,-2513.2,Cash,Returned
6886,2025-03-20,270,46,19,1,831.75,25,-2970.25,Cash,Returned
6887,2025-01-11,228,60,9,5,27972.75,5,3557.75,Debit Card,Delivered
6888,2023-04-23,122,45,2,5,6251.0,30,-7694.0,Debit Card,Delivered
6889,2025-03-08,63,21,17,5,6037.25,5,-9782.75,UPI,Delivered
6890,2023-06-14,447,55,20,1,4191.0,25,3252.0,UPI,Returned
6891,2024-10-31,24,60,14,1,5889.0,0,1006.0,Cash,Delivered
6892,2025-07-30,196,39,1,4,8004.0,0,4736.0,Credit Card,Cancelled
6893,2024-05-31,437,54,17,3,2473.8,30,-5179.2,Net Banking,Returned
6894,2023-10-13,90,48,20,5,14000.0,0,600.0,UPI,Delivered
6895,2025-11-14,91,40,16,1,4350.0,0,103.0,Credit Card,Returned
6896,2024-09-12,153,55,1,2,8940.8,20,7062.8,Cash,Cancelled
6897,2025-04-09,416,41,20,5,33870.0,0,9780.0,Cash,Delivered
6898,2024-03-22,420,14,15,2,6099.0,25,-3733.0,UPI,Delivered
6899,2024-06-21,253,51,20,3,9747.0,25,1521.0,Net Banking,Delivered
6900,2025-08-12,263,36,9,4,6498.0,25,-2686.0,Credit Card,Returned
6901,2025-01-13,279,13,18,4,8719.2,30,5371.2,Debit Card,Returned
6902,2023-10-11,372,39,1,4,8004.0,0,4736.0,Credit Card,Delivered
6903,2023-10-06,19,3,17,5,26676.0,20,5306.0,Credit Card,Delivered
6904,2023-06-17,28,32,15,4,8124.4,5,-9383.6,Net Banking,Returned
6905,2024-08-11,476,29,20,4,3290.0,30,-3018.0,UPI,Delivered
6906,2024-04-02,309,33,19,4,13704.0,0,1456.0,UPI,Delivered
6907,2024-06-20,266,14,8,2,6912.2,15,-2919.8,UPI,Returned
6908,2024-05-03,262,7,20,4,14873.6,20,6533.6,Cash,Cancelled
6909,2023-05-16,303,66,20,2,8429.4,10,6649.4,Cash,Delivered
6910,2023-01-31,406,49,11,4,12358.8,10,9718.8,Credit Card,Delivered
6911,2023-05-19,165,1,20,2,4531.8,30,-610.2,Net Banking,Returned
6912,2024-01-03,180,60,5,2,8833.5,25,-932.5,Debit Card,Delivered
6913,2025-04-03,142,43,11,5,27630.75,5,3510.75,Cash,Delivered
6914,2024-05-07,450,42,13,2,7185.9,15,-2708.1,Cash,Cancelled
6915,2024-10-19,424,38,11,3,16264.8,20,11908.8,Credit Card,Delivered
6916,2025-04-28,72,44,14,3,16210.8,5,7669.8,Debit Card,Delivered
6917,2025-12-01,145,61,2,3,7161.75,25,1935.75,Debit Card,Delivered
6918,2025-06-09,165,48,1,4,7840.0,30,-2880.0,Net Banking,Delivered
6919,2024-09-25,368,59,17,1,4234.0,0,3698.0,Credit Card,Delivered
6920,2024-06-11,62,23,6,1,3501.15,15,1308.15,UPI,Cancelled
6921,2024-10-18,364,45,5,5,8930.0,0,-5015.0,Net Banking,Delivered
6922,2024-11-14,435,36,6,4,8664.0,0,-520.0,Debit Card,Returned
6923,2023-04-25,201,55,18,3,13411.2,20,10594.2,Cash,Returned
6924,2025-09-13,109,48,18,2,3920.0,30,-1440.0,Net Banking,Delivered
6925,2023-12-18,114,50,18,5,5785.0,0,-15995.0,Debit Card,Cancelled
6926,2023-11-08,78,10,6,1,4971.0,25,1519.0,UPI,Returned
6927,2024-04-27,144,47,14,3,10638.6,15,-1484.4,Cash,Delivered
6928,2024-01-01,184,57,1,1,4508.4,15,518.4,Cash,Delivered
6929,2023-10-26,191,1,12,1,3075.15,5,504.15,Credit Card,Delivered
6930,2023-05-29,302,2,14,5,2758.5,10,-3151.5,Net Banking,Delivered
6931,2024-10-16,496,49,13,2,5492.8,20,4172.8,Debit Card,Returned
6932,2025-09-29,343,52,4,5,3432.0,20,-16078.0,Cash,Delivered
6933,2024-02-05,247,46,17,4,3105.2,30,-12102.8,Net Banking,Delivered
6934,2024-10-08,145,19,15,4,15716.4,30,9288.4,Debit Card,Delivered
6935,2023-10-27,224,3,17,5,25008.75,25,3638.75,Debit Card,Returned
6936,2023-06-24,138,63,9,4,3801.6,10,-1938.4,UPI,Delivered
6937,2024-03-19,414,45,1,4,5358.0,25,-5798.0,Cash,Delivered
6938,2025-12-16,299,3,11,1,6335.55,5,2061.55,Cash,Delivered
6939,2025-08-06,94,44,1,3,14504.4,15,5963.4,Cash,Delivered
6940,2025-01-17,130,34,17,1,2360.75,5,951.75,Net Banking,Delivered
6941,2024-03-01,184,30,20,2,10900.3,5,2138.3,UPI,Delivered
6942,2025-01-10,362,54,19,5,5890.0,0,-6865.0,Cash,Delivered
6943,2025-11-06,321,29,15,1,881.25,25,-695.75,Credit Card,Cancelled
6944,2024-06-01,465,64,20,2,2095.5,25,-5684.5,Net Banking,Delivered
6945,2024-04-02,396,24,13,5,20578.5,15,3178.5,Credit Card,Delivered
6946,2025-12-04,298,20,20,1,5269.15,15,1300.15,Net Banking,Delivered
6947,2025-06-22,229,26,20,1,6326.05,5,3585.05,Credit Card,Returned
6948,2024-08-18,422,58,8,4,23770.8,10,4810.8,Net Banking,Delivered
6949,2023-01-06,416,3,4,2,12671.1,5,4123.1,Cash,Delivered
6950,2025-07-08,118,35,9,1,1749.0,0,707.0,UPI,Cancelled
6951,2025-08-20,473,51,14,3,12346.2,5,4120.2,Debit Card,Returned
6952,2023-11-25,348,40,3,1,3697.5,15,-549.5,Cash,Cancelled
6953,2024-03-04,114,10,18,4,18558.4,30,4750.4,Cash,Delivered
6954,2024-11-01,407,24,17,1,4599.9,5,1119.9,Debit Card,Delivered
6955,2023-02-09,80,12,5,1,3237.0,25,2884.0,UPI,Delivered
6956,2025-11-17,464,19,4,1,5613.0,0,4006.0,UPI,Cancelled
6957,2024-06-08,339,35,8,3,3935.25,25,809.25,Credit Card,Delivered
6958,2024-03-01,229,35,4,4,6646.2,5,2478.2,UPI,Delivered
6959,2023-01-22,40,57,15,2,9016.8,15,1036.8,Cash,Delivered
6960,2024-10-21,394,55,4,2,10617.2,5,8739.2,UPI,Delivered
6961,2023-01-06,365,66,17,5,22244.25,5,17794.25,Credit Card,Returned
6962,2023-10-19,155,49,10,3,7724.25,25,5744.25,Debit Card,Delivered
6963,2024-02-24,334,41,10,4,24386.4,10,5114.4,Net Banking,Delivered
6964,2023-10-17,434,60,10,4,16489.2,30,-3042.8,Net Banking,Delivered
6965,2025-05-01,204,45,19,5,8930.0,0,-5015.0,Cash,Delivered
6966,2025-05-23,487,4,4,1,1690.65,15,-2036.35,Net Banking,Delivered
6967,2024-09-17,31,62,10,5,19792.25,15,-687.75,UPI,Delivered
6968,2023-01-03,452,34,1,2,3479.0,30,661.0,Debit Card,Delivered
6969,2023-05-12,412,62,19,3,12573.9,10,285.9,UPI,Delivered
6970,2025-03-11,232,7,1,1,3950.8,15,1865.8,Debit Card,Cancelled
6971,2023-03-04,275,53,16,4,14280.0,0,11616.0,Net Banking,Delivered
6972,2024-11-09,166,40,1,3,9135.0,30,-3606.0,Net Banking,Delivered
6973,2023-07-14,57,12,7,1,3884.4,10,3531.4,Cash,Delivered
6974,2025-04-25,339,49,2,3,9784.05,5,7804.05,Credit Card,Cancelled
6975,2023-09-23,441,49,18,1,2746.4,20,2086.4,Debit Card,Delivered
6976,2023-01-13,489,16,1,1,2628.9,10,-992.1,Debit Card,Delivered
6977,2025-04-15,401,52,20,5,3003.0,30,-16507.0,Net Banking,Cancelled
6978,2024-02-04,76,3,6,4,26676.0,0,9580.0,UPI,Delivered
6979,2024-11-09,258,19,3,2,8419.5,25,5205.5,Debit Card,Delivered
6980,2023-11-30,75,10,3,2,9942.0,25,3038.0,Credit Card,Returned
6981,2024-10-26,185,21,15,5,6355.0,0,-9465.0,Net Banking,Cancelled
6982,2025-06-30,358,65,11,2,10881.7,15,4855.7,Debit Card,Delivered
6983,2023-04-28,174,61,20,3,8594.1,10,3368.1,Debit Card,Delivered
6984,2024-11-27,316,12,6,4,16400.8,5,14988.8,Credit Card,Cancelled
6985,2023-08-07,375,11,5,3,12369.0,0,10731.0,UPI,Delivered
6986,2023-11-22,211,32,16,3,4489.8,30,-8641.2,Debit Card,Delivered
6987,2025-06-10,53,27,20,5,8868.75,25,-6036.25,Credit Card,Delivered
6988,2023-12-29,86,51,17,4,12996.0,25,2028.0,Cash,Delivered
6989,2025-06-30,393,14,7,2,8132.0,0,-1700.0,Debit Card,Cancelled
6990,2024-05-02,140,54,9,5,5890.0,0,-6865.0,UPI,Delivered
6991,2025-12-28,104,63,16,3,2217.6,30,-2087.4,Net Banking,Delivered
6992,2023-08-30,340,24,15,5,20578.5,15,3178.5,Net Banking,Delivered
6993,2024-09-25,416,63,9,1,739.2,30,-695.8,Credit Card,Delivered
6994,2025-01-23,323,42,12,5,20078.25,5,-4656.75,Debit Card,Returned
6995,2025-01-16,128,25,9,3,8532.0,25,6000.0,Net Banking,Delivered
6996,2024-12-23,342,35,18,1,1574.1,10,532.1,Net Banking,Delivered
6997,2025-06-30,301,3,17,4,24008.4,10,6912.4,Cash,Cancelled
6998,2023-06-30,203,32,14,5,7483.0,30,-14402.0,UPI,Returned
6999,2025-07-08,160,18,9,2,4494.0,30,3754.0,Net Banking,Cancelled
7000,2024-09-17,436,56,18,2,7398.0,0,-1308.0,Debit Card,Delivered
7001,2025-06-24,282,12,14,4,16400.8,5,14988.8,Debit Card,Delivered
7002,2025-03-07,80,16,17,1,2921.0,0,-700.0,UPI,Cancelled
7003,2024-12-31,90,41,3,5,23709.0,30,-381.0,Net Banking,Cancelled
7004,2023-08-12,20,41,5,4,27096.0,0,7824.0,Debit Card,Returned
7005,2023-08-27,12,50,18,2,2198.3,5,-6513.7,Credit Card,Delivered
7006,2025-12-04,233,33,2,4,10278.0,25,-1970.0,Net Banking,Delivered
7007,2025-11-18,91,46,12,1,1109.0,0,-2693.0,Credit Card,Delivered
7008,2023-05-25,392,13,5,4,10587.6,15,7239.6,Credit Card,Returned
7009,2025-11-23,475,65,19,5,24003.75,25,8938.75,Net Banking,Cancelled
7010,2025-10-12,90,25,12,2,7584.0,0,5896.0,Debit Card,Delivered
7011,2023-08-28,369,8,16,1,4516.5,25,-260.5,Credit Card,Returned
7012,2025-09-08,247,24,8,5,19368.0,20,1968.0,Net Banking,Cancelled
7013,2023-08-04,88,21,8,2,2160.7,15,-4167.3,Debit Card,Returned
7014,2024-03-27,56,47,11,4,16688.0,0,524.0,Credit Card,Cancelled
7015,2025-11-29,401,42,4,4,12681.0,25,-7107.0,Debit Card,Delivered
7016,2025-11-14,414,34,20,5,11182.5,10,4137.5,Cash,Cancelled
7017,2024-06-12,62,60,5,1,4711.2,20,-171.8,Credit Card,Cancelled
7018,2024-05-12,12,18,15,4,10914.0,15,9434.0,UPI,Returned
7019,2023-01-09,93,23,11,5,20595.0,0,9630.0,Cash,Delivered
7020,2024-08-05,102,47,8,4,13350.4,20,-2813.6,Net Banking,Cancelled
7021,2024-08-31,71,39,4,5,7003.5,30,2918.5,Debit Card,Delivered
7022,2024-06-01,229,47,5,4,12516.0,25,-3648.0,Debit Card,Delivered
7023,2023-03-30,336,8,8,1,4215.4,30,-561.6,Cash,Delivered
7024,2023-12-15,324,6,1,5,22099.0,30,-711.0,Cash,Delivered
7025,2024-12-04,164,56,4,4,11097.0,25,-6315.0,Debit Card,Returned
7026,2025-07-14,255,23,15,2,7414.2,10,3028.2,Debit Card,Cancelled
7027,2025-03-11,260,40,2,1,3262.5,25,-984.5,UPI,Returned
7028,2024-11-29,434,36,16,3,6173.1,5,-714.9,Net Banking,Returned
7029,2025-11-22,449,6,8,5,29991.5,5,7181.5,Debit Card,Returned
7030,2023-04-21,219,5,13,5,13740.0,25,7450.0,Cash,Cancelled
7031,2025-01-15,248,22,14,5,6022.25,15,-12862.75,Net Banking,Delivered
7032,2024-04-01,240,56,15,4,11836.8,20,-5575.2,Cash,Delivered
7033,2023-05-28,198,9,6,4,3420.0,25,-8984.0,Cash,Delivered
7034,2024-03-22,21,2,16,5,2758.5,10,-3151.5,Debit Card,Returned
7035,2024-03-07,346,40,16,1,3697.5,15,-549.5,UPI,Delivered
7036,2025-08-12,188,48,10,1,1960.0,30,-720.0,Cash,Delivered
7037,2024-01-31,83,51,12,1,3249.0,25,507.0,Debit Card,Returned
7038,2023-01-06,398,33,10,1,2569.5,25,-492.5,Cash,Cancelled
7039,2025-03-05,466,38,12,5,32190.75,5,24930.75,Net Banking,Delivered
7040,2024-02-09,184,56,11,2,7028.1,5,-1677.9,Net Banking,Delivered
7041,2024-04-28,371,9,5,3,3420.0,0,-5883.0,Credit Card,Delivered
7042,2024-11-27,443,54,16,5,4712.0,20,-8043.0,Credit Card,Cancelled
7043,2023-03-30,392,56,7,3,8322.75,25,-4736.25,Credit Card,Delivered
7044,2023-10-11,333,63,19,1,739.2,30,-695.8,Cash,Delivered
7045,2025-07-28,429,25,10,2,7204.8,5,5516.8,Credit Card,Delivered
7046,2023-09-01,375,30,14,3,12047.7,30,-1095.3,Debit Card,Cancelled
7047,2024-06-21,74,40,14,4,16530.0,5,-458.0,Net Banking,Returned
7048,2023-10-14,181,13,9,1,2958.3,5,2121.3,Credit Card,Delivered
7049,2025-09-24,61,21,4,3,3241.05,15,-6250.95,UPI,Delivered
7050,2024-11-06,263,55,6,4,15646.4,30,11890.4,UPI,Cancelled
7051,2025-01-01,38,21,1,2,1906.5,25,-4421.5,Debit Card,Delivered
7052,2025-07-13,112,45,20,3,4018.5,25,-4348.5,UPI,Delivered
7053,2025-04-21,335,47,12,1,4172.0,0,131.0,UPI,Delivered
7054,2024-02-03,286,17,19,3,11604.0,0,8175.0,Cash,Delivered
7055,2025-01-08,364,52,6,3,1801.8,30,-9904.2,Net Banking,Delivered
7056,2025-03-13,95,59,16,4,11855.2,30,9711.2,UPI,Delivered
7057,2024-05-25,283,32,3,1,1710.4,20,-2666.6,Net Banking,Delivered
7058,2023-01-30,272,56,7,2,6288.3,15,-2417.7,Cash,Delivered
7059,2025-04-09,443,34,16,1,2112.25,15,703.25,UPI,Delivered
7060,2023-11-03,310,52,17,2,1201.2,30,-6602.8,Net Banking,Returned
7061,2023-02-24,467,44,11,2,8532.0,25,2838.0,Debit Card,Delivered
7062,2025-05-08,464,17,14,3,10443.6,10,7014.6,Net Banking,Returned
7063,2023-01-09,491,22,2,3,4038.45,5,-7292.55,Debit Card,Delivered
7064,2024-11-27,475,60,1,3,15900.3,10,1251.3,Net Banking,Delivered
7065,2025-04-15,413,28,4,1,6585.4,5,3657.4,Credit Card,Returned
7066,2023-01-14,243,3,10,3,17005.95,15,4183.95,Cash,Delivered
7067,2024-09-30,363,65,15,4,17922.8,30,5870.8,Credit Card,Delivered
7068,2025-04-19,295,6,15,2,10733.8,15,1609.8,Credit Card,Cancelled
7069,2024-06-22,305,54,5,5,5890.0,0,-6865.0,Cash,Delivered
7070,2023-12-31,401,44,7,1,4550.4,20,1703.4,Credit Card,Delivered
7071,2023-10-19,471,53,5,5,15172.5,15,11842.5,Cash,Cancelled
7072,2024-01-12,27,34,15,1,2360.75,5,951.75,Credit Card,Delivered
7073,2025-02-06,29,54,13,5,5006.5,15,-7748.5,Debit Card,Returned
7074,2023-08-02,43,55,1,1,4749.8,15,3810.8,Cash,Cancelled
7075,2025-08-04,390,23,7,1,3501.15,15,1308.15,UPI,Returned
7076,2023-08-09,241,22,18,1,1275.3,10,-2501.7,Credit Card,Delivered
7077,2024-03-03,394,46,15,1,1053.55,5,-2748.45,Debit Card,Delivered
7078,2025-07-25,256,61,20,5,15915.0,0,7205.0,Cash,Cancelled
7079,2023-08-23,102,13,9,4,11833.2,5,8485.2,Cash,Delivered
7080,2024-02-01,112,4,19,1,1591.2,20,-2135.8,Credit Card,Returned
7081,2023-05-29,330,43,18,2,9307.2,20,-340.8,Net Banking,Delivered
7082,2023-10-28,43,39,4,5,8504.25,15,4419.25,UPI,Delivered
7083,2023-02-20,493,28,17,3,19756.2,5,10972.2,Cash,Delivered
7084,2025-05-05,154,7,4,2,8831.2,5,4661.2,UPI,Delivered
7085,2023-10-25,489,27,7,5,11233.75,5,-3671.25,Net Banking,Delivered
7086,2024-07-26,117,54,13,4,4005.2,15,-6198.8,Credit Card,Delivered
7087,2024-08-08,473,58,12,1,5942.7,10,1202.7,Net Banking,Cancelled
7088,2025-06-30,36,49,16,3,8754.15,15,6774.15,Credit Card,Cancelled
7089,2025-03-30,267,7,7,2,9296.0,0,5126.0,Credit Card,Delivered
7090,2025-11-27,63,48,3,2,4200.0,25,-1160.0,UPI,Delivered
7091,2023-04-19,180,34,15,2,4224.5,15,1406.5,Debit Card,Delivered
7092,2025-05-08,84,2,11,4,1839.0,25,-2889.0,Debit Card,Cancelled
7093,2023-10-09,33,20,4,5,27895.5,10,8050.5,Debit Card,Delivered
7094,2025-05-03,171,45,18,4,7144.0,0,-4012.0,UPI,Returned
7095,2024-06-27,204,1,2,4,9063.6,30,-1220.4,Cash,Delivered
7096,2024-12-02,165,26,15,3,13983.9,30,5760.9,Credit Card,Delivered
7097,2025-07-16,251,49,16,4,13045.4,5,10405.4,Net Banking,Delivered
7098,2025-10-10,303,24,13,3,12347.1,15,1907.1,Net Banking,Cancelled
7099,2025-06-23,387,8,1,3,18066.0,0,3735.0,UPI,Returned
7100,2025-05-03,320,24,2,5,21789.0,10,4389.0,Debit Card,Delivered
7101,2023-04-19,374,25,5,4,12892.8,15,9516.8,Cash,Delivered
7102,2025-11-18,123,13,16,2,4982.4,20,3308.4,Net Banking,Cancelled
7103,2024-09-19,441,38,6,4,25752.6,5,19944.6,Credit Card,Delivered
7104,2023-10-07,273,56,2,5,18495.0,0,-3270.0,Net Banking,Delivered
7105,2023-05-26,398,33,19,4,10278.0,25,-1970.0,Cash,Delivered
7106,2023-02-24,371,66,1,1,3980.55,15,3090.55,UPI,Delivered
7107,2025-10-06,379,59,4,2,5927.6,30,4855.6,UPI,Returned
7108,2023-03-10,6,43,7,5,24722.25,15,602.25,Debit Card,Delivered
7109,2025-11-21,23,53,1,4,11424.0,20,8760.0,UPI,Delivered
7110,2025-04-02,65,12,8,1,3237.0,25,2884.0,Cash,Delivered
7111,2025-01-23,5,5,3,4,10259.2,30,5227.2,UPI,Delivered
7112,2025-12-08,454,27,5,4,7568.0,20,-4356.0,Credit Card,Delivered
7113,2024-06-21,431,10,10,2,9279.2,30,2375.2,Credit Card,Cancelled
7114,2025-02-03,221,2,20,3,1747.05,5,-1798.95,Debit Card,Delivered
7115,2023-02-06,443,64,2,4,3911.6,30,-11648.4,UPI,Cancelled
7116,2024-06-19,323,5,19,5,18320.0,0,12030.0,Net Banking,Delivered
7117,2023-01-06,468,53,13,5,15172.5,15,11842.5,UPI,Delivered
7118,2025-11-19,468,38,10,1,5082.75,25,3630.75,Cash,Delivered
7119,2023-12-16,498,38,17,1,6099.3,10,4647.3,UPI,Delivered
7120,2023-07-31,164,30,11,4,17211.0,25,-313.0,UPI,Delivered
7121,2024-08-06,486,25,5,3,11376.0,0,8844.0,Credit Card,Delivered
7122,2025-02-02,179,51,8,4,13862.4,20,2894.4,Cash,Cancelled
7123,2023-11-07,318,8,9,4,20474.8,15,1366.8,Debit Card,Delivered
7124,2023-04-20,415,37,8,1,4113.0,25,2492.0,Debit Card,Delivered
7125,2023-01-02,227,50,5,1,1157.0,0,-3199.0,UPI,Returned
7126,2023-08-06,10,24,18,4,19368.0,0,5448.0,Cash,Cancelled
7127,2023-12-28,159,32,3,3,6414.0,0,-6717.0,UPI,Delivered
7128,2024-12-13,190,2,11,1,582.35,5,-599.65,Debit Card,Cancelled
7129,2024-04-15,304,29,20,4,4465.0,5,-1843.0,Net Banking,Delivered
7130,2023-01-25,280,10,10,1,6628.0,0,3176.0,Credit Card,Cancelled
7131,2025-08-27,65,55,10,4,20116.8,10,16360.8,Debit Card,Returned
7132,2024-11-14,166,20,8,4,18597.0,25,2721.0,Credit Card,Cancelled
7133,2025-07-13,378,39,4,4,7203.6,10,3935.6,Debit Card,Delivered
7134,2023-11-06,200,10,19,2,11930.4,10,5026.4,Cash,Returned
7135,2024-06-12,227,41,9,5,23709.0,30,-381.0,Credit Card,Delivered
7136,2025-04-08,258,31,17,3,14688.0,0,11286.0,Debit Card,Delivered
7137,2024-03-08,351,48,6,3,5880.0,30,-2160.0,Cash,Delivered
7138,2025-01-20,449,25,8,1,2654.4,30,1810.4,UPI,Delivered
7139,2024-04-15,419,63,10,2,1795.2,15,-1074.8,Cash,Delivered
7140,2025-07-05,21,22,18,4,4251.0,25,-10857.0,Cash,Cancelled
7141,2025-02-10,244,26,11,1,4994.25,25,2253.25,UPI,Cancelled
7142,2025-10-13,352,3,11,3,18006.3,10,5184.3,UPI,Delivered
7143,2023-04-06,235,41,10,3,16257.6,20,1803.6,Debit Card,Cancelled
7144,2025-03-11,362,32,4,3,5131.2,20,-7999.8,Net Banking,Cancelled
7145,2024-07-12,440,26,11,1,5993.1,10,3252.1,Net Banking,Cancelled
7146,2023-04-30,199,33,1,1,2740.8,20,-321.2,Credit Card,Delivered
7147,2023-12-17,5,36,5,5,9205.5,15,-2274.5,Debit Card,Returned
7148,2024-12-29,100,56,7,1,2774.25,25,-1578.75,Cash,Delivered
7149,2023-02-24,5,38,16,3,18297.9,10,13941.9,Net Banking,Cancelled
7150,2025-06-13,112,17,2,5,15472.0,20,9757.0,Credit Card,Delivered
7151,2024-05-13,317,35,2,3,4722.3,10,1596.3,Debit Card,Delivered
7152,2023-08-12,23,18,11,4,9630.0,25,8150.0,UPI,Delivered
7153,2023-04-27,286,51,11,1,3249.0,25,507.0,Net Banking,Delivered
7154,2024-05-27,401,8,3,1,4817.6,20,40.6,Cash,Returned
7155,2024-10-20,315,1,6,4,10358.4,20,74.4,Net Banking,Delivered
7156,2024-05-12,223,25,16,2,7584.0,0,5896.0,Debit Card,Cancelled
7157,2025-10-21,39,58,11,4,26412.0,0,7452.0,Credit Card,Delivered
7158,2024-02-11,319,39,19,4,6003.0,25,2735.0,Debit Card,Returned
7159,2023-03-23,383,37,7,5,27420.0,0,19315.0,Credit Card,Delivered
7160,2023-11-14,188,12,8,4,15537.6,10,14125.6,Debit Card,Cancelled
7161,2023-10-02,456,62,8,4,13971.0,25,-2413.0,UPI,Delivered
7162,2023-12-02,252,25,8,3,10238.4,10,7706.4,Net Banking,Cancelled
7163,2023-07-28,474,21,12,4,3558.8,30,-9097.2,Net Banking,Delivered
7164,2024-07-31,178,2,8,1,429.1,30,-752.9,Cash,Returned
7165,2024-07-27,249,10,8,3,15907.2,20,5551.2,Cash,Delivered
7166,2024-08-26,425,8,15,4,24088.0,0,4980.0,Credit Card,Cancelled
7167,2023-08-01,377,39,20,2,3401.7,15,1767.7,Cash,Returned
7168,2025-08-29,188,34,1,5,11182.5,10,4137.5,Credit Card,Delivered
7169,2023-06-10,348,19,16,3,14313.15,15,9492.15,Cash,Delivered
7170,2023-04-08,328,20,11,4,22316.4,10,6440.4,Debit Card,Delivered
7171,2024-01-06,126,44,5,2,9100.8,20,3406.8,Cash,Delivered
7172,2025-10-28,80,2,13,4,1961.6,20,-2766.4,Net Banking,Returned
7173,2025-12-10,481,42,6,5,17964.75,15,-6770.25,Cash,Delivered
7174,2024-07-24,9,13,7,3,8407.8,10,5896.8,Debit Card,Cancelled
7175,2024-08-26,249,61,9,3,8116.65,15,2890.65,UPI,Delivered
7176,2023-08-25,449,17,6,3,11604.0,0,8175.0,Net Banking,Delivered
7177,2024-03-12,326,59,11,5,15877.5,25,13197.5,Cash,Delivered
7178,2025-06-09,114,36,8,3,5198.4,20,-1689.6,Credit Card,Returned
7179,2023-05-12,91,44,15,4,20476.8,10,9088.8,Net Banking,Delivered
7180,2024-05-25,223,29,1,3,2996.25,15,-1734.75,Net Banking,Cancelled
7181,2023-11-10,211,60,14,1,5889.0,0,1006.0,Debit Card,Cancelled
7182,2024-08-26,156,56,4,3,7767.9,30,-5291.1,Cash,Cancelled
7183,2024-12-16,416,22,17,2,2408.9,15,-5145.1,Cash,Delivered
7184,2025-04-18,33,5,16,1,3297.6,10,2039.6,Net Banking,Delivered
7185,2023-09-28,179,60,7,2,8833.5,25,-932.5,Credit Card,Delivered
7186,2025-05-07,288,46,10,4,4436.0,0,-10772.0,Debit Card,Cancelled
7187,2023-03-03,28,42,16,3,10144.8,20,-4696.2,Debit Card,Delivered
7188,2023-03-13,224,7,17,1,3950.8,15,1865.8,Credit Card,Returned
7189,2024-09-05,488,44,11,2,9669.6,15,3975.6,Credit Card,Delivered
7190,2025-06-20,305,40,8,1,4132.5,5,-114.5,Credit Card,Returned
7191,2025-04-27,495,14,19,4,16264.0,0,-3400.0,Credit Card,Delivered
7192,2024-12-22,429,41,13,3,17273.7,15,2819.7,Cash,Delivered
7193,2023-08-04,213,35,20,1,1224.3,30,182.3,Credit Card,Returned
7194,2023-01-30,97,23,10,1,3913.05,5,1720.05,Cash,Cancelled
7195,2025-09-26,436,49,5,2,5492.8,20,4172.8,Net Banking,Delivered
7196,2023-06-08,463,33,2,4,11648.4,15,-599.6,Debit Card,Returned
7197,2025-11-11,170,34,3,3,6709.5,10,2482.5,Debit Card,Cancelled
7198,2024-04-19,341,5,13,4,12457.6,15,7425.6,Debit Card,Delivered
7199,2024-08-30,388,1,13,3,7283.25,25,-429.75,UPI,Cancelled
7200,2025-12-05,491,37,1,1,5209.8,5,3588.8,Credit Card,Delivered
7201,2023-12-17,286,11,3,2,8246.0,0,7154.0,Net Banking,Returned
7202,2025-06-05,449,10,12,5,28169.0,15,10909.0,Net Banking,Delivered
7203,2024-07-12,88,49,12,3,7209.3,30,5229.3,Cash,Cancelled
7204,2024-09-27,31,25,4,5,15168.0,20,10948.0,Credit Card,Cancelled
7205,2025-12-26,468,50,6,5,5495.75,5,-16284.25,Debit Card,Delivered
7206,2023-11-12,354,6,4,1,5682.6,10,1120.6,UPI,Delivered
7207,2024-03-27,153,63,9,1,792.0,25,-643.0,Credit Card,Cancelled
7208,2025-07-31,435,40,13,5,17400.0,20,-3835.0,UPI,Returned
7209,2023-11-23,62,31,4,2,9302.4,5,7034.4,UPI,Delivered
7210,2025-12-07,439,34,3,4,8449.0,15,2813.0,Cash,Delivered
7211,2025-06-25,352,30,6,2,8031.8,30,-730.2,Cash,Cancelled
7212,2025-05-25,20,39,18,4,7603.8,5,4335.8,Net Banking,Returned
7213,2025-08-23,230,1,10,3,9225.45,5,1512.45,Credit Card,Cancelled
7214,2025-02-14,278,33,15,4,10278.0,25,-1970.0,UPI,Returned
7215,2023-01-13,158,7,20,2,8831.2,5,4661.2,Net Banking,Delivered
7216,2024-04-08,245,4,11,4,6364.8,20,-8543.2,Debit Card,Delivered
7217,2023-01-15,274,54,7,1,883.5,25,-1667.5,Cash,Delivered
7218,2024-03-30,168,56,1,5,17570.25,5,-4194.75,Debit Card,Returned
7219,2025-01-24,143,3,14,3,14004.9,30,1182.9,Cash,Delivered
7220,2023-12-22,123,57,19,3,13525.2,15,1555.2,Credit Card,Returned
7221,2025-07-16,141,59,8,2,5927.6,30,4855.6,Cash,Returned
7222,2024-06-05,50,61,5,1,3183.0,0,1441.0,Debit Card,Delivered
7223,2024-12-31,214,43,15,3,13960.8,20,-511.2,Net Banking,Delivered
7224,2023-09-15,439,26,10,2,13318.0,0,7836.0,Cash,Delivered
7225,2024-12-06,234,46,6,2,2107.1,5,-5496.9,Cash,Delivered
7226,2023-12-01,442,43,16,3,13088.25,25,-1383.75,Debit Card,Delivered
7227,2024-12-01,16,31,19,2,8812.8,10,6544.8,Debit Card,Delivered
7228,2024-04-01,174,22,6,4,4534.4,20,-10573.6,Net Banking,Delivered
7229,2023-03-21,444,5,10,4,10992.0,25,5960.0,Debit Card,Delivered
7230,2025-09-03,357,50,14,1,983.45,15,-3372.55,Net Banking,Cancelled
7231,2025-05-12,261,57,15,1,4773.6,10,783.6,Debit Card,Delivered
7232,2025-12-16,132,10,13,4,25186.4,5,11378.4,Cash,Delivered
7233,2023-01-21,334,18,4,4,10272.0,20,8792.0,Debit Card,Delivered
7234,2024-06-25,288,13,7,5,11677.5,25,7492.5,Cash,Delivered
7235,2024-01-19,270,46,11,2,2107.1,5,-5496.9,Credit Card,Cancelled
7236,2023-11-30,471,6,7,1,4735.5,25,173.5,Debit Card,Cancelled
7237,2024-12-22,364,56,10,5,16645.5,10,-5119.5,Net Banking,Delivered
7238,2023-01-22,305,39,9,4,8004.0,0,4736.0,Cash,Delivered
7239,2024-06-20,382,62,8,2,6985.5,25,-1206.5,Debit Card,Cancelled
7240,2024-07-25,414,9,6,5,4275.0,25,-11230.0,Credit Card,Delivered
7241,2025-09-26,454,26,7,3,19977.0,0,11754.0,Cash,Delivered
7242,2024-10-23,281,61,7,5,12732.0,20,4022.0,Credit Card,Delivered
7243,2023-04-07,156,53,16,1,3391.5,5,2725.5,Credit Card,Delivered
7244,2023-03-01,225,54,4,5,4712.0,20,-8043.0,UPI,Delivered
7245,2023-07-06,362,31,17,5,20808.0,15,15138.0,Cash,Delivered
7246,2024-05-22,131,26,18,5,31630.25,5,17925.25,Debit Card,Delivered
7247,2023-04-20,321,30,6,5,22948.0,20,1043.0,Debit Card,Cancelled
7248,2023-02-04,313,38,20,1,6777.0,0,5325.0,UPI,Delivered
7249,2025-07-25,378,53,6,2,6783.0,5,5451.0,Debit Card,Delivered
7250,2025-07-27,4,18,9,3,8185.5,15,7075.5,UPI,Delivered
7251,2023-12-06,130,48,7,4,9520.0,15,-1200.0,Net Banking,Delivered
7252,2025-02-19,19,60,18,1,5300.1,10,417.1,Debit Card,Cancelled
7253,2025-01-23,146,60,9,4,17667.0,25,-1865.0,Cash,Returned
7254,2024-08-28,170,60,4,5,22083.75,25,-2331.25,Debit Card,Delivered
7255,2024-12-03,230,64,5,3,3352.8,20,-8317.2,Net Banking,Cancelled
7256,2023-02-22,31,51,18,3,11696.4,10,3470.4,Debit Card,Delivered
7257,2025-03-03,54,2,1,2,919.5,25,-1444.5,Credit Card,Cancelled
7258,2023-08-23,355,48,8,1,2380.0,15,-300.0,Debit Card,Cancelled
7259,2024-08-09,418,53,19,3,7497.0,30,5499.0,UPI,Cancelled
7260,2024-12-07,247,29,4,2,1880.0,20,-1274.0,Credit Card,Returned
7261,2025-01-21,419,56,3,3,10542.15,5,-2516.85,Credit Card,Delivered
7262,2025-12-20,329,9,2,4,3420.0,25,-8984.0,Net Banking,Delivered
7263,2024-10-03,281,57,10,1,4508.4,15,518.4,UPI,Delivered
7264,2024-01-14,120,45,16,5,6697.5,25,-7247.5,UPI,Delivered
7265,2024-08-27,102,20,8,3,15807.45,15,3900.45,Debit Card,Delivered
7266,2024-02-23,206,41,19,2,13548.0,0,3912.0,UPI,Returned
7267,2025-02-28,430,25,3,2,6446.4,15,4758.4,Net Banking,Delivered
7268,2023-02-22,186,34,4,4,9443.0,5,3807.0,Net Banking,Returned
7269,2024-09-06,183,12,4,5,20501.0,5,18736.0,UPI,Delivered
7270,2024-05-10,86,65,8,3,14402.25,25,5363.25,Credit Card,Returned
7271,2023-12-12,191,27,12,1,1655.5,30,-1325.5,Debit Card,Delivered
7272,2023-12-21,314,23,11,1,3089.25,25,896.25,Net Banking,Delivered
7273,2024-08-16,348,21,17,4,4829.8,5,-7826.2,UPI,Cancelled
7274,2023-12-27,287,60,3,3,17667.0,0,3018.0,UPI,Cancelled
7275,2023-12-04,253,43,3,1,5235.3,10,411.3,Debit Card,Delivered
7276,2023-05-06,490,13,20,5,14013.0,10,9828.0,UPI,Delivered
7277,2024-06-01,54,16,2,4,9347.2,20,-5136.8,UPI,Delivered
7278,2024-10-27,441,3,20,2,12671.1,5,4123.1,Debit Card,Delivered
7279,2023-06-28,303,37,8,1,5484.0,0,3863.0,UPI,Delivered
7280,2024-04-22,129,61,17,3,7161.75,25,1935.75,Debit Card,Cancelled
7281,2023-05-21,172,64,13,3,3562.35,15,-8107.65,Credit Card,Delivered
7282,2025-06-04,428,17,9,5,13538.0,30,7823.0,Credit Card,Delivered
7283,2025-05-01,51,58,13,4,21129.6,20,2169.6,UPI,Delivered
7284,2024-08-17,410,53,2,4,13566.0,5,10902.0,Credit Card,Delivered
7285,2023-02-23,233,2,4,1,582.35,5,-599.65,Credit Card,Cancelled
7286,2024-02-22,41,23,18,1,3089.25,25,896.25,Net Banking,Delivered
7287,2023-07-08,423,23,16,2,8238.0,0,3852.0,Debit Card,Cancelled
7288,2023-03-12,294,10,11,3,15907.2,20,5551.2,Credit Card,Cancelled
7289,2023-04-14,461,9,18,5,4560.0,20,-10945.0,Net Banking,Cancelled
7290,2023-05-24,463,14,12,5,15247.5,25,-9332.5,Net Banking,Delivered
7291,2025-01-08,438,10,20,4,23860.8,10,10052.8,Credit Card,Delivered
7292,2023-08-09,375,33,4,1,2398.2,30,-663.8,Net Banking,Cancelled
7293,2023-11-12,372,13,3,1,2491.2,20,1654.2,UPI,Returned
7294,2024-10-19,355,30,20,2,10900.3,5,2138.3,Cash,Cancelled
7295,2025-06-24,150,16,9,2,5842.0,0,-1400.0,Credit Card,Delivered
7296,2025-03-27,47,7,16,4,13014.4,30,4674.4,Cash,Delivered
7297,2023-05-22,493,6,10,3,14206.5,25,520.5,Cash,Delivered
7298,2024-03-21,30,18,6,1,2247.0,30,1877.0,Net Banking,Cancelled
7299,2023-08-24,223,11,2,1,3298.4,20,2752.4,Net Banking,Delivered
7300,2024-10-19,58,22,18,3,4251.0,0,-7080.0,UPI,Delivered
7301,2024-02-26,60,29,17,2,1762.5,25,-1391.5,Credit Card,Delivered
7302,2024-06-23,1,5,5,2,6595.2,10,4079.2,Net Banking,Delivered
7303,2025-10-06,205,10,20,4,26512.0,0,12704.0,UPI,Delivered
7304,2025-03-11,216,3,10,5,28343.25,15,6973.25,Debit Card,Delivered
7305,2024-12-11,418,26,12,4,22640.6,15,11676.6,Credit Card,Delivered
7306,2024-04-08,339,57,1,4,20155.2,5,4195.2,UPI,Delivered
7307,2025-03-18,25,62,7,2,9314.0,0,1122.0,UPI,Delivered
7308,2025-10-28,134,40,3,4,13050.0,25,-3938.0,UPI,Delivered
7309,2025-06-19,396,36,13,1,1949.4,10,-346.6,UPI,Delivered
7310,2025-02-15,286,47,4,5,16688.0,20,-3517.0,Credit Card,Delivered
7311,2025-08-03,191,12,6,4,14674.4,15,13262.4,UPI,Delivered
7312,2024-07-29,387,19,15,3,13471.2,20,8650.2,Cash,Cancelled
7313,2024-05-17,106,43,12,4,19777.8,15,481.8,Credit Card,Delivered
7314,2025-08-02,310,41,17,2,10161.0,25,525.0,UPI,Delivered
7315,2024-10-13,167,6,13,4,25256.0,0,7008.0,Net Banking,Delivered
7316,2025-10-11,487,11,17,1,3298.4,20,2752.4,UPI,Delivered
7317,2025-05-11,5,35,11,1,1399.2,20,357.2,Credit Card,Delivered
7318,2024-09-02,461,37,14,2,10419.6,5,7177.6,Credit Card,Delivered
7319,2025-12-30,192,4,19,4,7160.4,10,-7747.6,Cash,Delivered
7320,2025-12-13,78,66,2,3,10536.75,25,7866.75,Net Banking,Delivered
7321,2023-12-17,39,55,19,5,20955.0,25,16260.0,Credit Card,Delivered
7322,2023-01-11,184,32,18,3,5131.2,20,-7999.8,Net Banking,Delivered
7323,2025-12-10,449,52,2,2,1630.2,5,-6173.8,Debit Card,Cancelled
7324,2025-02-04,352,25,12,2,5688.0,25,4000.0,Net Banking,Delivered
7325,2024-10-09,229,26,11,3,17979.3,10,9756.3,UPI,Delivered
7326,2023-08-23,440,56,18,5,12946.5,30,-8818.5,Net Banking,Delivered
7327,2024-09-28,44,30,13,1,5450.15,5,1069.15,Net Banking,Delivered
7328,2025-10-12,112,12,6,2,7337.2,15,6631.2,Net Banking,Cancelled
7329,2025-09-28,242,20,8,2,9918.4,20,1980.4,Credit Card,Delivered
7330,2024-01-30,310,14,17,5,14231.0,30,-10349.0,Credit Card,Delivered
7331,2023-03-08,220,28,5,5,34660.0,0,20020.0,Debit Card,Returned
7332,2024-06-06,141,48,12,2,4760.0,15,-600.0,Cash,Delivered
7333,2025-04-26,78,14,13,5,18297.0,10,-6283.0,Cash,Delivered
7334,2025-09-09,378,50,6,5,4917.25,15,-16862.75,Debit Card,Delivered
7335,2025-10-02,133,18,18,4,12198.0,5,10718.0,UPI,Delivered
7336,2024-04-11,22,54,7,1,1001.3,15,-1549.7,UPI,Delivered
7337,2023-12-12,487,13,1,3,8407.8,10,5896.8,Net Banking,Delivered
7338,2023-03-18,266,13,15,4,10587.6,15,7239.6,UPI,Delivered
7339,2024-09-10,17,14,14,3,9758.4,20,-4989.6,UPI,Cancelled
7340,2024-07-05,215,6,18,1,6314.0,0,1752.0,Debit Card,Delivered
7341,2024-01-01,204,57,15,3,13525.2,15,1555.2,Net Banking,Delivered
7342,2024-03-14,33,49,13,3,7724.25,25,5744.25,Cash,Delivered
7343,2025-02-19,38,53,13,1,3034.5,15,2368.5,UPI,Delivered
7344,2023-03-05,297,34,10,3,6336.75,15,2109.75,Credit Card,Delivered
7345,2025-11-23,115,5,2,1,3664.0,0,2406.0,Net Banking,Delivered
7346,2023-02-15,481,44,5,4,17064.0,25,5676.0,Debit Card,Delivered
7347,2024-07-06,312,37,14,3,12339.0,25,7476.0,Cash,Delivered
7348,2025-03-26,9,50,7,3,3297.45,5,-9770.55,Net Banking,Delivered
7349,2024-06-07,132,62,10,4,14902.4,20,-1481.6,Credit Card,Delivered
7350,2024-06-30,81,42,6,4,16908.0,0,-2880.0,UPI,Delivered
7351,2024-07-12,263,21,14,3,2669.1,30,-6822.9,Debit Card,Delivered
7352,2024-12-26,63,33,8,3,7194.6,30,-1991.4,Cash,Delivered
7353,2024-04-17,120,24,12,1,4842.0,0,1362.0,UPI,Delivered
7354,2025-04-27,204,33,6,1,2740.8,20,-321.2,Credit Card,Delivered
7355,2023-11-03,427,15,6,4,10816.4,30,-8771.6,Credit Card,Cancelled
7356,2025-08-23,9,38,10,4,18975.6,30,13167.6,Debit Card,Returned
7357,2023-07-22,179,62,20,2,6985.5,25,-1206.5,Cash,Returned
7358,2025-12-22,242,12,10,2,7337.2,15,6631.2,Credit Card,Cancelled
7359,2023-04-24,260,51,13,3,9747.0,25,1521.0,Net Banking,Delivered
7360,2024-02-01,288,1,7,4,12948.0,0,2664.0,Debit Card,Delivered
7361,2023-06-24,315,51,9,5,17328.0,20,3618.0,Cash,Returned
7362,2023-08-21,451,45,5,3,5358.0,0,-3009.0,UPI,Delivered
7363,2024-06-15,235,51,17,4,12129.6,30,1161.6,UPI,Delivered
7364,2025-12-16,180,54,10,3,2473.8,30,-5179.2,Debit Card,Cancelled
7365,2025-08-28,119,60,9,3,16783.65,5,2134.65,Cash,Delivered
7366,2025-05-10,195,53,4,1,2677.5,25,2011.5,Credit Card,Delivered
7367,2024-11-17,319,41,1,5,30483.0,10,6393.0,UPI,Delivered
7368,2024-12-28,316,33,7,2,5481.6,20,-642.4,Debit Card,Delivered
7369,2025-03-03,2,37,15,5,20565.0,25,12460.0,Cash,Cancelled
7370,2023-10-11,461,65,8,3,17282.7,10,8243.7,UPI,Returned
7371,2024-12-25,210,62,14,4,13039.6,30,-3344.4,Cash,Delivered
7372,2023-12-12,203,44,10,4,20476.8,10,9088.8,Net Banking,Delivered
7373,2025-04-29,438,33,12,1,3426.0,0,364.0,UPI,Returned
7374,2024-07-08,495,38,3,4,25752.6,5,19944.6,Debit Card,Delivered
7375,2024-08-05,152,50,7,5,4338.75,25,-17441.25,Debit Card,Cancelled
7376,2024-10-03,173,16,4,2,5549.9,5,-1692.1,UPI,Delivered
7377,2024-04-11,373,22,8,2,2267.2,20,-5286.8,Credit Card,Delivered
7378,2025-11-19,477,66,18,3,10536.75,25,7866.75,Net Banking,Delivered
7379,2023-04-05,185,31,12,1,3672.0,25,2538.0,UPI,Delivered
7380,2025-08-10,431,1,19,4,12948.0,0,2664.0,Net Banking,Delivered
7381,2024-08-04,118,66,7,2,7024.5,25,5244.5,Debit Card,Delivered
7382,2024-05-05,10,10,19,4,26512.0,0,12704.0,UPI,Delivered
7383,2024-07-31,18,58,5,5,29713.5,10,6013.5,UPI,Returned
7384,2024-05-17,12,36,16,3,6173.1,5,-714.9,Debit Card,Returned
7385,2023-11-03,24,18,16,3,6741.0,30,5631.0,Net Banking,Delivered
7386,2023-12-13,12,49,13,2,5836.1,15,4516.1,Net Banking,Delivered
7387,2025-04-10,476,28,20,3,14557.2,30,5773.2,Cash,Cancelled
7388,2024-03-02,353,37,13,5,27420.0,0,19315.0,UPI,Delivered
7389,2025-02-13,62,61,16,4,11458.8,10,4490.8,Debit Card,Returned
7390,2025-08-25,105,23,14,4,12357.0,25,3585.0,UPI,Delivered
7391,2023-09-24,255,52,8,3,2059.2,20,-9646.8,UPI,Cancelled
7392,2025-12-04,137,46,6,4,4436.0,0,-10772.0,Net Banking,Delivered
7393,2023-01-05,398,66,2,1,3512.25,25,2622.25,Cash,Returned
7394,2023-08-26,438,47,18,5,20860.0,0,655.0,Cash,Delivered
7395,2025-04-01,129,10,12,1,5965.2,10,2513.2,Debit Card,Delivered
7396,2023-06-17,156,66,20,4,14049.0,25,10489.0,UPI,Cancelled
7397,2023-05-04,171,40,20,5,20662.5,5,-572.5,Net Banking,Delivered
7398,2024-09-13,290,65,18,3,13442.1,30,4403.1,Credit Card,Returned
7399,2025-09-29,273,24,2,3,10168.2,30,-271.8,Credit Card,Returned
7400,2024-11-20,292,38,4,5,27108.0,20,19848.0,Credit Card,Delivered
7401,2025-09-15,229,48,7,4,8400.0,25,-2320.0,Debit Card,Cancelled
7402,2023-01-10,91,32,4,4,7269.2,15,-10238.8,UPI,Delivered
7403,2023-09-05,493,6,17,5,25256.0,20,2446.0,Credit Card,Delivered
7404,2024-11-15,291,3,2,2,12671.1,5,4123.1,UPI,Delivered
7405,2023-03-05,335,19,3,1,3929.1,30,2322.1,Net Banking,Delivered
7406,2025-09-16,156,5,6,2,6228.8,15,3712.8,Net Banking,Cancelled
7407,2025-04-17,477,64,11,1,1117.6,20,-2772.4,Cash,Delivered
7408,2025-05-31,293,53,18,1,3391.5,5,2725.5,Debit Card,Returned
7409,2024-03-16,385,63,13,2,1689.6,20,-1180.4,Net Banking,Returned
7410,2023-05-10,120,6,17,3,16100.7,15,2414.7,Cash,Delivered
7411,2025-12-20,367,38,16,4,18975.6,30,13167.6,Credit Card,Delivered
7412,2023-01-29,188,8,13,1,4215.4,30,-561.6,Credit Card,Returned
7413,2023-02-13,161,23,17,4,16476.0,0,7704.0,Cash,Delivered
7414,2025-12-01,231,50,16,2,1966.9,15,-6745.1,UPI,Cancelled
7415,2025-05-03,270,49,12,5,12015.5,30,8715.5,Cash,Cancelled
7416,2023-03-16,287,6,20,2,11996.6,5,2872.6,Cash,Returned
7417,2025-11-20,145,29,18,1,940.0,20,-637.0,Credit Card,Delivered
7418,2023-11-13,39,5,18,5,16488.0,10,10198.0,Cash,Delivered
7419,2025-06-20,254,6,14,3,15153.6,20,1467.6,Cash,Returned
7420,2025-04-19,142,65,13,2,10241.6,20,4215.6,Debit Card,Delivered
7421,2024-08-09,454,4,20,4,5569.2,30,-9338.8,Debit Card,Delivered
7422,2025-06-23,499,26,9,4,23972.4,10,13008.4,Credit Card,Delivered
7423,2025-01-08,197,27,15,4,8041.0,15,-3883.0,Debit Card,Delivered
7424,2023-11-25,65,38,12,5,27108.0,20,19848.0,Net Banking,Delivered
7425,2024-07-09,309,39,16,4,6403.2,20,3135.2,Cash,Delivered
7426,2023-01-08,357,8,2,5,27099.0,10,3214.0,UPI,Delivered
7427,2023-09-29,373,8,15,3,16259.4,10,1928.4,Credit Card,Delivered
7428,2024-01-03,288,28,9,2,11784.4,15,5928.4,Cash,Cancelled
7429,2024-03-19,358,21,14,2,2542.0,0,-3786.0,Credit Card,Returned
7430,2024-06-07,374,10,12,4,19884.0,25,6076.0,Debit Card,Delivered
7431,2024-04-01,220,32,4,3,5451.9,15,-7679.1,Credit Card,Delivered
7432,2023-03-09,337,20,11,5,23246.25,25,3401.25,Cash,Delivered
7433,2025-02-19,221,32,14,1,1603.5,25,-2773.5,Credit Card,Delivered
7434,2025-11-20,453,32,16,1,1817.3,15,-2559.7,Debit Card,Delivered
7435,2025-08-10,451,55,7,2,10058.4,10,8180.4,Cash,Returned
7436,2023-09-08,378,29,7,4,4230.0,10,-2078.0,Credit Card,Delivered
7437,2025-09-14,58,19,18,5,26661.75,5,18626.75,Net Banking,Cancelled
7438,2025-01-03,412,9,9,1,1140.0,0,-1961.0,Credit Card,Delivered
7439,2024-03-03,108,21,8,4,4067.2,20,-8588.8,Credit Card,Delivered
7440,2024-04-17,21,35,6,4,5946.6,15,1778.6,Credit Card,Delivered
7441,2025-12-27,192,18,16,2,6099.0,5,5359.0,Debit Card,Returned
7442,2025-11-30,38,24,18,4,18399.6,5,4479.6,Credit Card,Delivered
7443,2024-03-24,76,61,10,2,4456.2,30,972.2,Cash,Returned
7444,2024-11-21,269,40,6,2,8265.0,5,-229.0,Net Banking,Delivered
7445,2024-04-22,177,27,10,1,2365.0,0,-616.0,Credit Card,Returned
7446,2023-04-19,313,16,7,4,8178.8,30,-6305.2,UPI,Cancelled
7447,2023-10-19,171,25,15,5,17064.0,10,12844.0,Credit Card,Delivered
7448,2025-07-01,9,41,13,1,6435.3,5,1617.3,UPI,Delivered
7449,2024-04-22,253,57,12,2,10077.6,5,2097.6,Credit Card,Returned
7450,2025-11-19,413,60,11,1,4416.75,25,-466.25,Credit Card,Cancelled
7451,2025-03-27,399,29,4,3,3172.5,10,-1558.5,UPI,Delivered
7452,2025-09-24,407,48,16,3,6300.0,25,-1740.0,Net Banking,Returned
7453,2025-08-09,122,22,15,1,1275.3,10,-2501.7,Credit Card,Delivered
7454,2025-12-08,191,31,10,1,3916.8,20,2782.8,Debit Card,Returned
7455,2025-05-12,370,43,13,1,4944.45,15,120.45,Net Banking,Returned
7456,2023-02-03,449,12,12,4,13811.2,20,12399.2,Cash,Delivered
7457,2024-12-31,384,32,15,3,4489.8,30,-8641.2,Debit Card,Delivered
7458,2025-01-22,94,18,9,2,6420.0,0,5680.0,Cash,Returned
7459,2024-03-31,456,2,14,5,2145.5,30,-3764.5,Cash,Cancelled
7460,2024-08-15,457,19,16,2,9542.1,15,6328.1,UPI,Delivered
7461,2023-10-25,234,52,1,2,1287.0,25,-6517.0,Cash,Delivered
7462,2025-12-05,138,35,5,5,7433.25,15,2223.25,Net Banking,Delivered
7463,2024-06-22,42,64,20,5,6635.75,5,-12814.25,Credit Card,Cancelled
7464,2023-03-19,354,4,11,5,9447.75,5,-9187.25,Credit Card,Cancelled
7465,2025-08-17,278,56,12,4,11836.8,20,-5575.2,Net Banking,Delivered
7466,2025-02-01,299,9,15,2,2280.0,0,-3922.0,UPI,Delivered
7467,2025-11-10,381,8,19,2,12044.0,0,2490.0,Debit Card,Cancelled
7468,2025-01-13,151,63,4,4,3801.6,10,-1938.4,UPI,Returned
7469,2024-11-10,67,2,16,1,582.35,5,-599.65,UPI,Delivered
7470,2025-12-09,15,65,18,4,21763.4,15,9711.4,Cash,Returned
7471,2025-07-26,97,41,3,1,5757.9,15,939.9,Credit Card,Delivered
7472,2025-08-22,102,13,2,4,10587.6,15,7239.6,UPI,Delivered
7473,2025-12-25,363,32,8,5,8552.0,20,-13333.0,Cash,Delivered
7474,2025-01-03,220,4,9,2,3182.4,20,-4271.6,Net Banking,Delivered
7475,2025-12-16,111,43,16,1,5526.15,5,702.15,Debit Card,Delivered
7476,2025-08-19,366,14,18,3,11588.1,5,-3159.9,Cash,Delivered
7477,2024-10-28,357,20,18,2,12398.0,0,4460.0,Debit Card,Cancelled
7478,2025-06-23,319,3,20,4,25342.2,5,8246.2,Debit Card,Delivered
7479,2025-04-29,147,66,19,5,17561.25,25,13111.25,Credit Card,Cancelled
7480,2024-11-20,141,4,2,5,8950.5,10,-9684.5,Net Banking,Delivered
7481,2024-12-13,344,6,19,1,5998.3,5,1436.3,Debit Card,Returned
7482,2025-01-11,351,3,3,3,17005.95,15,4183.95,Cash,Returned
7483,2023-06-02,284,8,10,3,17162.7,5,2831.7,Cash,Delivered
7484,2024-03-20,66,10,9,5,28169.0,15,10909.0,UPI,Delivered
7485,2023-07-06,130,13,3,2,4671.0,25,2997.0,UPI,Returned
7486,2025-08-15,444,43,14,2,8725.5,25,-922.5,Credit Card,Delivered
7487,2023-12-10,169,30,6,4,21800.6,5,4276.6,Debit Card,Returned
7488,2025-08-02,153,4,19,4,5967.0,25,-8941.0,Credit Card,Returned
7489,2024-02-23,465,50,4,2,2198.3,5,-6513.7,Debit Card,Cancelled
7490,2024-03-13,193,21,6,4,4575.6,10,-8080.4,Net Banking,Delivered
7491,2025-03-12,149,20,19,4,18597.0,25,2721.0,UPI,Delivered
7492,2023-03-10,213,19,14,5,28065.0,0,20030.0,Net Banking,Delivered
7493,2025-11-29,78,39,19,3,4802.4,20,2351.4,Cash,Delivered
7494,2025-06-24,39,36,19,1,1624.5,25,-671.5,Credit Card,Returned
7495,2024-09-25,345,44,15,2,9669.6,15,3975.6,Debit Card,Delivered
7496,2024-02-09,191,40,7,5,17400.0,20,-3835.0,Cash,Cancelled
7497,2025-01-13,225,9,1,3,2736.0,20,-6567.0,Debit Card,Delivered
7498,2023-04-30,158,55,9,4,18999.2,15,15243.2,Net Banking,Returned
7499,2024-02-10,283,43,2,1,4653.6,20,-170.4,Cash,Delivered
7500,2025-01-19,319,10,6,4,23860.8,10,10052.8,Net Banking,Delivered
7501,2024-12-17,142,22,10,1,1275.3,10,-2501.7,Cash,Delivered
7502,2025-06-10,32,62,8,3,11875.35,15,-412.65,Net Banking,Delivered
7503,2024-03-13,337,34,16,3,6336.75,15,2109.75,Credit Card,Cancelled
7504,2023-04-27,197,60,17,4,16489.2,30,-3042.8,Debit Card,Delivered
7505,2023-03-03,131,43,4,5,23268.0,20,-852.0,Debit Card,Delivered
7506,2023-06-29,316,45,6,4,6429.6,10,-4726.4,Net Banking,Delivered
7507,2024-09-12,483,18,8,4,10272.0,20,8792.0,Cash,Delivered
7508,2025-12-18,28,51,8,1,3465.6,20,723.6,Net Banking,Cancelled
7509,2024-07-14,298,66,19,2,7961.1,15,6181.1,Credit Card,Delivered
7510,2025-04-05,435,43,14,3,17451.0,0,2979.0,Net Banking,Delivered
7511,2025-10-27,235,12,4,5,20501.0,5,18736.0,UPI,Delivered
7512,2024-10-24,118,61,15,2,4774.5,25,1290.5,UPI,Delivered
7513,2025-11-13,351,33,18,2,6852.0,0,728.0,Net Banking,Returned
7514,2025-03-09,280,66,10,5,16390.5,30,11940.5,Debit Card,Delivered
7515,2023-12-05,117,16,7,5,10953.75,25,-7151.25,Debit Card,Delivered
7516,2024-04-20,94,17,1,3,8122.8,30,4693.8,Debit Card,Delivered
7517,2024-11-06,211,37,3,5,23307.0,15,15202.0,Credit Card,Delivered
7518,2023-07-29,344,25,15,2,5308.8,30,3620.8,Debit Card,Delivered
7519,2024-04-26,275,49,7,1,2403.1,30,1743.1,Net Banking,Delivered
7520,2025-12-03,365,14,10,1,4066.0,0,-850.0,Net Banking,Delivered
7521,2024-09-27,197,2,4,2,1103.4,10,-1260.6,Cash,Cancelled
7522,2025-05-24,302,57,15,3,13525.2,15,1555.2,UPI,Delivered
7523,2023-05-01,484,55,6,5,19558.0,30,14863.0,Credit Card,Delivered
7524,2025-06-22,452,34,1,4,8946.0,10,3310.0,Debit Card,Delivered
7525,2023-09-08,382,5,20,4,10992.0,25,5960.0,UPI,Delivered
7526,2023-12-30,48,65,7,1,6080.95,5,3067.95,UPI,Delivered
7527,2024-05-01,346,28,4,1,4852.4,30,1924.4,Net Banking,Returned
7528,2024-10-03,415,34,20,4,7455.0,25,1819.0,Debit Card,Cancelled
7529,2025-10-26,222,63,16,4,3168.0,25,-2572.0,UPI,Returned
7530,2023-04-01,66,45,17,5,6697.5,25,-7247.5,UPI,Delivered
7531,2025-12-03,117,46,11,1,998.1,10,-2803.9,Net Banking,Delivered
7532,2025-02-02,427,38,15,2,12876.3,5,9972.3,Credit Card,Cancelled
7533,2025-04-01,81,55,6,4,16764.0,25,13008.0,UPI,Delivered
7534,2024-10-04,403,55,8,2,8940.8,20,7062.8,Debit Card,Returned
7535,2023-02-23,9,22,11,1,991.9,30,-2785.1,Credit Card,Cancelled
7536,2025-09-13,463,36,10,3,4548.6,30,-2339.4,Credit Card,Cancelled
7537,2023-03-05,439,23,17,1,4119.0,0,1926.0,UPI,Delivered
7538,2024-12-25,298,56,17,3,7767.9,30,-5291.1,Cash,Delivered
7539,2025-02-06,225,13,1,5,15570.0,0,11385.0,Net Banking,Delivered
7540,2023-07-05,419,15,9,4,11589.0,25,-7999.0,Net Banking,Delivered
7541,2023-08-26,128,17,4,5,15472.0,20,9757.0,Credit Card,Delivered
7542,2024-12-30,438,18,12,3,9630.0,0,8520.0,Debit Card,Delivered
7543,2024-03-31,454,8,12,5,30110.0,0,6225.0,Net Banking,Delivered
7544,2023-06-16,303,34,17,5,10561.25,15,3516.25,Net Banking,Delivered
7545,2025-09-16,3,27,7,4,9460.0,0,-2464.0,UPI,Cancelled
7546,2024-09-29,303,20,7,1,4649.25,25,680.25,Net Banking,Delivered
7547,2024-02-22,262,32,4,5,7483.0,30,-14402.0,Credit Card,Cancelled
7548,2025-10-01,91,55,16,3,16764.0,0,13947.0,UPI,Cancelled
7549,2023-11-11,365,53,9,4,14280.0,0,11616.0,Net Banking,Delivered
7550,2023-10-15,126,53,5,2,4998.0,30,3666.0,UPI,Delivered
7551,2024-12-23,287,62,17,3,11176.8,20,-1111.2,Credit Card,Delivered
7552,2024-06-27,365,56,6,1,2959.2,20,-1393.8,UPI,Returned
7553,2024-03-12,310,48,14,1,1960.0,30,-720.0,Cash,Returned
7554,2025-10-12,148,40,7,1,3697.5,15,-549.5,Debit Card,Cancelled
7555,2025-02-28,193,60,10,5,26500.5,10,2085.5,Credit Card,Returned
7556,2023-01-15,168,39,8,4,7203.6,10,3935.6,Cash,Delivered
7557,2024-01-07,136,42,5,1,4227.0,0,-720.0,Cash,Returned
7558,2023-03-09,101,56,15,2,5548.5,25,-3157.5,Credit Card,Delivered
7559,2025-01-28,223,27,19,4,7568.0,20,-4356.0,UPI,Delivered
7560,2023-07-11,466,11,10,3,10513.65,15,8875.65,Credit Card,Delivered
7561,2025-06-02,353,4,4,1,1591.2,20,-2135.8,UPI,Returned
7562,2023-06-17,260,35,3,1,1399.2,20,357.2,UPI,Returned
7563,2024-04-16,253,22,18,2,1983.8,30,-5570.2,Net Banking,Cancelled
7564,2023-05-02,202,39,4,2,3801.9,5,2167.9,Credit Card,Delivered
7565,2025-11-06,270,44,11,3,13651.2,20,5110.2,Cash,Cancelled
7566,2025-05-28,84,33,19,2,6852.0,0,728.0,Credit Card,Delivered
7567,2024-08-05,70,5,7,1,2564.8,30,1306.8,Debit Card,Cancelled
7568,2025-10-31,205,56,11,4,11836.8,20,-5575.2,Net Banking,Delivered
7569,2025-03-03,158,35,1,1,1399.2,20,357.2,UPI,Cancelled
7570,2023-04-10,281,36,11,4,6064.8,30,-3119.2,Debit Card,Delivered
7571,2023-12-01,443,29,1,1,1057.5,10,-519.5,UPI,Delivered
7572,2023-04-11,90,55,2,2,7823.2,30,5945.2,Credit Card,Delivered
7573,2023-09-08,284,47,13,1,3337.6,20,-703.4,Cash,Delivered
7574,2023-01-28,3,43,15,1,4362.75,25,-461.25,Debit Card,Delivered
7575,2023-03-29,18,32,2,4,5986.4,30,-11521.6,Net Banking,Returned
7576,2025-10-20,39,13,6,1,2335.5,25,1498.5,UPI,Delivered
7577,2024-04-28,432,54,8,1,824.6,30,-1726.4,Debit Card,Delivered
7578,2024-06-23,402,64,7,5,6286.5,10,-13163.5,Debit Card,Cancelled
7579,2025-04-07,16,51,20,3,12996.0,0,4770.0,UPI,Cancelled
7580,2025-10-24,356,65,9,3,13442.1,30,4403.1,UPI,Delivered
7581,2025-07-24,121,4,12,2,2983.5,25,-4470.5,Debit Card,Delivered
7582,2024-03-27,301,16,18,4,9931.4,15,-4552.6,Net Banking,Returned
7583,2024-12-14,213,48,10,5,9800.0,30,-3600.0,Net Banking,Returned
7584,2024-06-12,311,28,16,1,5892.2,15,2964.2,Credit Card,Cancelled
7585,2024-09-16,199,51,9,3,12996.0,0,4770.0,Credit Card,Returned
7586,2023-02-02,325,41,18,5,25402.5,25,1312.5,Debit Card,Cancelled
7587,2025-06-26,371,2,14,3,1563.15,15,-1982.85,Cash,Delivered
7588,2024-01-26,122,5,18,3,7694.4,30,3920.4,Net Banking,Delivered
7589,2025-03-10,368,31,7,4,16646.4,15,12110.4,Net Banking,Delivered
7590,2024-12-08,23,38,4,5,23719.5,30,16459.5,Credit Card,Delivered
7591,2024-08-08,308,51,11,1,3682.2,15,940.2,Cash,Delivered
7592,2025-03-31,498,66,2,5,17561.25,25,13111.25,UPI,Delivered
7593,2025-02-07,256,9,8,3,2565.0,25,-6738.0,Net Banking,Delivered
7594,2023-10-03,7,41,16,5,33870.0,0,9780.0,Cash,Delivered
7595,2025-07-02,153,35,6,5,6121.5,30,911.5,Cash,Delivered
7596,2025-03-10,78,30,9,1,4015.9,30,-365.1,Cash,Delivered
7597,2025-06-10,138,47,2,5,17731.0,15,-2474.0,UPI,Delivered
7598,2025-12-05,333,46,17,3,2661.6,20,-8744.4,Credit Card,Delivered
7599,2025-04-25,335,49,14,4,10985.6,20,8345.6,Cash,Returned
7600,2025-03-21,73,37,12,1,5484.0,0,3863.0,Debit Card,Delivered
7601,2025-10-16,436,16,17,2,4089.4,30,-3152.6,Cash,Returned
7602,2023-11-20,158,19,6,3,16839.0,0,12018.0,UPI,Delivered
7603,2024-02-27,310,9,17,4,4332.0,5,-8072.0,UPI,Returned
7604,2023-10-31,358,37,4,2,9871.2,10,6629.2,Debit Card,Delivered
7605,2023-11-07,379,22,13,2,2550.6,10,-5003.4,Debit Card,Returned
7606,2023-03-11,303,12,1,4,12084.8,30,10672.8,UPI,Cancelled
7607,2025-12-06,480,62,7,3,10478.25,25,-1809.75,Net Banking,Delivered
7608,2023-05-09,10,14,5,5,17280.5,15,-7299.5,Cash,Delivered
7609,2023-04-26,338,14,17,1,3659.4,10,-1256.6,Debit Card,Delivered
7610,2025-01-07,344,21,4,1,953.25,25,-2210.75,Credit Card,Delivered
7611,2023-06-29,308,65,13,2,8961.4,30,2935.4,Credit Card,Returned
7612,2024-07-11,387,43,2,1,4653.6,20,-170.4,Debit Card,Delivered
7613,2024-04-15,89,51,17,1,3898.8,10,1156.8,Debit Card,Returned
7614,2023-11-03,149,56,16,2,7028.1,5,-1677.9,Credit Card,Returned
7615,2023-06-24,259,4,8,1,1989.0,0,-1738.0,Credit Card,Cancelled
7616,2024-04-08,45,37,17,3,14806.8,10,9943.8,UPI,Delivered
7617,2023-03-05,498,60,4,1,5300.1,10,417.1,Net Banking,Delivered
7618,2024-06-27,369,43,12,5,27630.75,5,3510.75,Credit Card,Returned
7619,2025-09-13,69,50,15,4,3239.6,30,-14184.4,Net Banking,Cancelled
7620,2024-09-14,394,52,1,2,1287.0,25,-6517.0,UPI,Delivered
7621,2025-05-24,486,49,19,1,3433.0,0,2773.0,Net Banking,Delivered
7622,2024-03-20,183,9,7,2,2280.0,0,-3922.0,Cash,Cancelled
7623,2025-11-24,363,8,1,5,21077.0,30,-2808.0,UPI,Cancelled
7624,2023-02-01,72,56,5,1,2774.25,25,-1578.75,UPI,Returned
7625,2023-11-05,290,54,17,5,5006.5,15,-7748.5,Debit Card,Delivered
7626,2025-08-06,332,13,5,4,11210.4,10,7862.4,Net Banking,Cancelled
7627,2024-03-20,328,19,4,4,15716.4,30,9288.4,Debit Card,Delivered
7628,2025-07-13,159,24,1,5,20578.5,15,3178.5,Debit Card,Delivered
7629,2024-03-12,125,64,2,2,2374.9,15,-5405.1,Debit Card,Cancelled
7630,2023-10-22,490,30,1,5,22948.0,20,1043.0,Credit Card,Returned
7631,2023-11-02,68,6,7,4,17679.2,30,-568.8,Debit Card,Delivered
7632,2024-01-16,431,5,14,3,8244.0,25,4470.0,Credit Card,Returned
7633,2024-10-31,94,48,10,3,7980.0,5,-60.0,UPI,Delivered
7634,2024-01-18,421,49,19,4,10985.6,20,8345.6,Net Banking,Delivered
7635,2024-05-26,10,40,19,3,13050.0,0,309.0,Debit Card,Delivered
7636,2025-12-15,45,42,4,3,12046.95,5,-2794.05,Credit Card,Cancelled
7637,2023-01-15,123,62,13,4,17696.6,5,1312.6,Debit Card,Delivered
7638,2025-06-10,179,16,16,4,9931.4,15,-4552.6,Cash,Delivered
7639,2023-09-21,204,22,10,1,1133.6,20,-2643.4,Net Banking,Cancelled
7640,2024-10-19,294,28,11,4,24955.2,10,13243.2,Net Banking,Delivered
7641,2023-09-22,296,35,3,1,1311.75,25,269.75,UPI,Returned
7642,2024-03-01,377,20,18,4,22316.4,10,6440.4,UPI,Returned
7643,2025-03-09,115,18,8,2,4815.0,25,4075.0,Net Banking,Delivered
7644,2023-07-30,244,24,14,5,22999.5,5,5599.5,Debit Card,Returned
7645,2023-09-20,400,65,4,2,10881.7,15,4855.7,UPI,Returned
7646,2024-08-28,483,53,5,1,3034.5,15,2368.5,UPI,Delivered
7647,2023-01-08,174,66,6,3,13346.55,5,10676.55,UPI,Delivered
7648,2024-07-22,218,56,18,4,14796.0,0,-2616.0,Debit Card,Delivered
7649,2025-02-21,292,48,7,2,4480.0,20,-880.0,Debit Card,Delivered
7650,2024-07-09,418,36,18,4,7797.6,10,-1386.4,Credit Card,Delivered
7651,2025-09-07,301,10,6,1,5302.4,20,1850.4,UPI,Delivered
7652,2024-04-10,121,11,7,3,11750.55,5,10112.55,Credit Card,Delivered
7653,2023-12-04,500,6,12,5,26834.5,15,4024.5,Net Banking,Delivered
7654,2023-02-28,13,10,20,5,28169.0,15,10909.0,UPI,Delivered
7655,2024-02-26,446,15,10,1,2897.25,25,-1999.75,Debit Card,Delivered
7656,2025-10-13,117,27,7,3,6385.5,10,-2557.5,Debit Card,Returned
7657,2024-12-29,74,7,14,5,17430.0,25,7005.0,Net Banking,Returned
7658,2023-05-21,411,31,2,4,14688.0,25,10152.0,Net Banking,Cancelled
7659,2025-09-02,457,26,19,5,33295.0,0,19590.0,Net Banking,Delivered
7660,2023-09-25,239,55,14,1,4191.0,25,3252.0,UPI,Delivered
7661,2023-11-11,124,57,4,5,21216.0,20,1266.0,Cash,Cancelled
7662,2025-07-23,385,35,8,3,4984.65,5,1858.65,Cash,Delivered
7663,2025-10-02,186,30,1,5,27250.75,5,5345.75,Debit Card,Cancelled
7664,2024-03-15,353,2,13,1,582.35,5,-599.65,UPI,Delivered
7665,2024-04-14,332,12,13,2,8200.4,5,7494.4,Net Banking,Delivered
7666,2023-03-25,72,3,17,3,16005.6,20,3183.6,Cash,Delivered
7667,2024-02-28,347,66,11,3,11941.65,15,9271.65,UPI,Delivered
7668,2025-03-22,318,59,16,5,20111.5,5,17431.5,Net Banking,Delivered
7669,2025-08-23,423,1,19,3,8254.35,15,541.35,Cash,Delivered
7670,2023-02-06,133,37,12,1,4661.4,15,3040.4,Credit Card,Delivered
7671,2024-12-24,276,51,11,4,14728.8,15,3760.8,Cash,Delivered
7672,2025-07-09,90,60,14,1,4416.75,25,-466.25,Cash,Returned
7673,2023-11-13,210,62,6,2,8848.3,5,656.3,UPI,Delivered
7674,2023-09-05,270,8,16,5,28604.5,5,4719.5,Net Banking,Delivered
7675,2023-12-04,322,20,10,5,26345.75,15,6500.75,Cash,Cancelled
7676,2025-06-20,415,60,18,3,12366.9,30,-2282.1,Credit Card,Delivered
7677,2024-03-17,305,12,20,3,9711.0,25,8652.0,Net Banking,Delivered
7678,2023-01-23,241,6,9,2,8839.6,30,-284.4,Debit Card,Returned
7679,2025-06-01,113,61,11,3,7161.75,25,1935.75,Net Banking,Delivered
7680,2025-04-01,342,54,3,1,1001.3,15,-1549.7,Cash,Delivered
7681,2024-12-22,484,56,1,3,8877.6,20,-4181.4,Credit Card,Delivered
7682,2024-05-31,162,42,17,2,8031.3,5,-1862.7,Debit Card,Delivered
7683,2024-07-21,476,31,9,3,11750.4,20,8348.4,Net Banking,Cancelled
7684,2025-12-02,54,31,17,1,4896.0,0,3762.0,Debit Card,Delivered
7685,2023-11-12,202,32,4,3,6414.0,0,-6717.0,Debit Card,Delivered
7686,2025-03-07,67,16,15,1,2921.0,0,-700.0,Credit Card,Delivered
7687,2023-06-30,115,62,14,5,17463.75,25,-3016.25,Cash,Returned
7688,2024-04-06,295,24,10,1,4357.8,10,877.8,Cash,Delivered
7689,2023-06-20,358,61,19,5,15915.0,0,7205.0,Cash,Returned
7690,2024-12-17,463,60,15,3,14133.6,20,-515.4,Debit Card,Returned
7691,2025-02-01,155,17,14,5,13538.0,30,7823.0,Net Banking,Delivered
7692,2024-05-20,222,66,11,2,9366.0,0,7586.0,Cash,Cancelled
7693,2024-03-03,317,56,17,2,7398.0,0,-1308.0,Cash,Delivered
7694,2025-10-13,480,8,3,4,21679.2,10,2571.2,Credit Card,Delivered
7695,2025-05-25,143,35,8,4,5946.6,15,1778.6,Net Banking,Delivered
7696,2025-01-19,355,3,13,4,22674.6,15,5578.6,Net Banking,Delivered
7697,2025-05-20,184,25,16,3,7963.2,30,5431.2,UPI,Delivered
7698,2025-09-21,41,48,4,3,8400.0,0,360.0,Debit Card,Cancelled
7699,2024-12-09,103,26,12,1,5327.2,20,2586.2,Credit Card,Cancelled
7700,2024-09-01,359,9,13,1,912.0,20,-2189.0,Credit Card,Delivered
7701,2023-09-24,412,65,5,4,17922.8,30,5870.8,Credit Card,Delivered
7702,2023-01-27,424,64,2,5,5588.0,20,-13862.0,Cash,Delivered
7703,2023-02-26,102,7,5,1,4183.2,10,2098.2,UPI,Delivered
7704,2024-04-03,395,8,9,1,6022.0,0,1245.0,Net Banking,Delivered
7705,2025-12-12,200,35,16,3,4722.3,10,1596.3,UPI,Delivered
7706,2024-02-12,278,49,1,3,9784.05,5,7804.05,Cash,Delivered
7707,2023-11-17,344,19,4,4,17961.6,20,11533.6,UPI,Delivered
7708,2023-01-27,347,30,7,5,22948.0,20,1043.0,UPI,Delivered
7709,2023-07-19,93,35,4,5,7433.25,15,2223.25,Cash,Delivered
7710,2023-02-07,384,32,12,4,6414.0,25,-11094.0,Debit Card,Returned
7711,2023-07-03,270,22,7,5,5668.0,20,-13217.0,Debit Card,Delivered
7712,2023-02-24,134,22,2,2,2267.2,20,-5286.8,Cash,Delivered
7713,2025-02-19,262,40,7,5,17400.0,20,-3835.0,Cash,Returned
7714,2025-07-14,409,27,16,2,4020.5,15,-1941.5,Credit Card,Delivered
7715,2025-03-18,105,62,7,5,17463.75,25,-3016.25,UPI,Delivered
7716,2024-02-01,392,54,16,2,1649.2,30,-3452.8,Cash,Delivered
7717,2024-04-03,342,48,15,4,10080.0,10,-640.0,Credit Card,Delivered
7718,2025-03-03,227,43,12,3,13960.8,20,-511.2,Net Banking,Cancelled
7719,2024-06-30,280,25,18,4,14409.6,5,11033.6,Debit Card,Cancelled
7720,2025-01-15,355,65,5,4,25604.0,0,13552.0,Debit Card,Returned
7721,2024-02-05,489,51,1,4,13862.4,20,2894.4,Credit Card,Delivered
7722,2023-08-31,365,36,10,4,8664.0,0,-520.0,UPI,Returned
7723,2023-07-16,160,12,1,3,11653.2,10,10594.2,Cash,Returned
7724,2024-01-10,302,55,10,4,21234.4,5,17478.4,Cash,Delivered
7725,2025-11-06,411,25,8,5,16116.0,15,11896.0,Debit Card,Delivered
7726,2025-05-10,295,48,5,5,11200.0,20,-2200.0,UPI,Delivered
7727,2025-08-29,435,32,13,5,9621.0,10,-12264.0,Credit Card,Delivered
7728,2025-09-07,198,48,15,5,11900.0,15,-1500.0,Net Banking,Delivered
7729,2024-02-03,378,27,9,2,3547.5,25,-2414.5,Cash,Delivered
7730,2023-04-15,165,33,7,3,8736.3,15,-449.7,Credit Card,Delivered
7731,2025-09-30,24,13,20,2,5916.6,5,4242.6,Cash,Delivered
7732,2024-12-19,151,3,12,4,18673.2,30,1577.2,Net Banking,Delivered
7733,2024-11-16,113,36,16,3,4873.5,25,-2014.5,Net Banking,Delivered
7734,2024-06-15,300,52,7,4,2917.2,15,-12690.8,Net Banking,Returned
7735,2023-06-10,85,3,9,3,17005.95,15,4183.95,Debit Card,Delivered
7736,2025-06-26,443,26,4,2,11986.2,10,6504.2,Debit Card,Delivered
7737,2023-09-23,200,1,4,1,2427.75,25,-143.25,Debit Card,Delivered
7738,2025-06-25,92,52,1,3,2445.3,5,-9260.7,Cash,Delivered
7739,2023-01-12,200,39,13,5,7503.75,25,3418.75,Net Banking,Returned
7740,2025-12-09,49,1,15,3,7283.25,25,-429.75,Net Banking,Delivered
7741,2024-06-13,315,44,16,3,16210.8,5,7669.8,Debit Card,Delivered
7742,2024-12-16,75,63,8,2,1795.2,15,-1074.8,Debit Card,Cancelled
7743,2025-09-14,187,38,6,1,4743.9,30,3291.9,Net Banking,Delivered
7744,2025-12-25,459,53,4,3,10174.5,5,8176.5,Credit Card,Delivered
7745,2025-04-05,497,54,7,5,5301.0,10,-7454.0,Net Banking,Delivered
7746,2023-09-05,159,59,7,2,6351.0,25,5279.0,Credit Card,Delivered
7747,2024-09-12,489,41,6,5,28789.5,15,4699.5,Net Banking,Delivered
7748,2023-03-01,176,46,15,3,2328.9,30,-9077.1,Cash,Delivered
7749,2023-04-24,194,52,19,4,3260.4,5,-12347.6,Debit Card,Delivered
7750,2025-03-02,11,50,19,3,3471.0,0,-9597.0,Credit Card,Delivered
7751,2023-03-02,84,37,3,3,11516.4,30,6653.4,Debit Card,Delivered
7752,2023-10-17,404,44,12,1,3981.6,30,1134.6,Cash,Delivered
7753,2025-12-27,185,20,4,5,29445.25,5,9600.25,Cash,Returned
7754,2024-02-26,86,25,4,5,16116.0,15,11896.0,Credit Card,Delivered
7755,2024-07-29,97,61,5,4,10822.2,15,3854.2,Cash,Delivered
7756,2025-06-03,76,39,10,4,5602.8,30,2334.8,UPI,Delivered
7757,2023-10-07,427,13,7,2,4359.6,30,2685.6,Cash,Delivered
7758,2025-08-29,152,38,19,5,27108.0,20,19848.0,Debit Card,Delivered
7759,2023-10-28,98,39,19,3,4802.4,20,2351.4,UPI,Returned
7760,2023-05-23,70,35,2,5,7870.5,10,2660.5,UPI,Delivered
7761,2025-09-28,61,32,7,1,2031.1,5,-2345.9,Cash,Delivered
7762,2025-12-28,197,46,6,4,3105.2,30,-12102.8,UPI,Returned
7763,2023-08-24,473,28,5,5,31194.0,10,16554.0,Cash,Delivered
7764,2025-08-03,431,62,10,5,20956.5,10,476.5,Cash,Cancelled
7765,2025-11-27,58,37,5,4,20839.2,5,14355.2,Credit Card,Delivered
7766,2023-06-28,87,21,5,1,1080.35,15,-2083.65,Debit Card,Delivered
7767,2025-07-04,44,12,20,2,7768.8,10,7062.8,Debit Card,Delivered
7768,2024-03-06,23,44,19,4,18201.6,20,6813.6,Debit Card,Delivered
7769,2024-01-11,293,24,20,3,10894.5,25,454.5,Cash,Delivered
7770,2025-08-15,118,31,9,2,6854.4,30,4586.4,UPI,Returned
7771,2025-12-17,46,32,10,4,5986.4,30,-11521.6,Cash,Delivered
7772,2025-08-21,283,38,9,4,18975.6,30,13167.6,UPI,Delivered
7773,2023-09-03,150,24,19,1,3631.5,25,151.5,Credit Card,Cancelled
7774,2025-03-28,113,28,4,2,13170.8,5,7314.8,UPI,Delivered
7775,2023-09-18,222,44,1,5,28440.0,0,14205.0,Credit Card,Delivered
7776,2025-01-15,429,11,7,4,14842.8,10,12658.8,Net Banking,Returned
7777,2024-09-01,279,35,16,5,6996.0,20,1786.0,UPI,Returned
7778,2025-10-17,316,47,6,2,7926.8,5,-155.2,Cash,Cancelled
7779,2024-11-15,268,4,5,4,7956.0,0,-6952.0,Net Banking,Delivered
7780,2023-05-16,6,55,9,4,17881.6,20,14125.6,UPI,Returned
7781,2025-01-14,211,66,11,4,13112.4,30,9552.4,UPI,Delivered
7782,2023-03-25,242,57,15,4,19094.4,10,3134.4,Cash,Delivered
7783,2024-02-24,273,57,7,4,16972.8,20,1012.8,Net Banking,Returned
7784,2025-12-23,417,15,15,3,9850.65,15,-4840.35,Debit Card,Cancelled
7785,2023-01-22,240,39,5,2,2801.4,30,1167.4,Credit Card,Delivered
7786,2024-12-20,135,49,13,5,12015.5,30,8715.5,Cash,Delivered
7787,2024-11-03,54,22,5,4,3967.6,30,-11140.4,Debit Card,Returned
7788,2024-08-19,159,56,20,1,2589.3,30,-1763.7,Debit Card,Cancelled
7789,2024-01-14,80,31,2,2,8323.2,15,6055.2,Net Banking,Delivered
7790,2024-01-23,88,6,1,5,31570.0,0,8760.0,UPI,Delivered
7791,2025-11-02,98,55,15,5,19558.0,30,14863.0,Credit Card,Returned
7792,2024-06-08,175,30,18,4,16063.6,30,-1460.4,Credit Card,Returned
7793,2025-10-05,327,27,8,1,2010.25,15,-970.75,Net Banking,Delivered
7794,2024-06-30,456,20,13,5,24796.0,20,4951.0,Debit Card,Delivered
7795,2024-10-08,230,35,7,1,1399.2,20,357.2,Net Banking,Delivered
7796,2024-01-17,349,17,15,1,3674.6,5,2531.6,UPI,Delivered
7797,2023-01-11,50,62,20,3,11875.35,15,-412.65,Debit Card,Delivered
7798,2023-04-21,343,12,4,4,13811.2,20,12399.2,UPI,Returned
7799,2024-02-28,5,61,8,3,9071.55,5,3845.55,UPI,Delivered
7800,2025-04-03,82,42,20,5,16908.0,20,-7827.0,Cash,Delivered
7801,2023-12-05,500,34,2,2,4970.0,0,2152.0,Credit Card,Delivered
7802,2024-06-26,337,12,1,4,15537.6,10,14125.6,UPI,Delivered
7803,2023-08-29,288,54,3,1,1001.3,15,-1549.7,Debit Card,Delivered
7804,2024-01-04,109,38,10,1,4743.9,30,3291.9,Cash,Delivered
7805,2023-08-29,374,16,17,2,5842.0,0,-1400.0,Credit Card,Returned
7806,2024-03-16,285,19,16,5,25258.5,10,17223.5,UPI,Cancelled
7807,2023-02-15,78,6,4,3,18942.0,0,5256.0,Debit Card,Delivered
7808,2025-12-24,370,46,3,2,2218.0,0,-5386.0,Credit Card,Returned
7809,2025-02-26,196,50,9,1,809.9,30,-3546.1,Net Banking,Delivered
7810,2025-12-18,386,36,16,1,1949.4,10,-346.6,UPI,Returned
7811,2024-05-01,183,22,5,1,1133.6,20,-2643.4,UPI,Delivered
7812,2024-08-12,497,6,17,3,15153.6,20,1467.6,Cash,Delivered
7813,2025-06-27,164,25,12,5,17064.0,10,12844.0,Cash,Cancelled
7814,2025-12-12,119,59,3,4,16089.2,5,13945.2,Credit Card,Delivered
7815,2024-11-01,478,4,5,3,4475.25,25,-6705.75,Credit Card,Cancelled
7816,2023-06-23,68,1,12,1,2913.3,10,342.3,Net Banking,Delivered
7817,2024-01-20,138,19,15,4,21329.4,5,14901.4,Net Banking,Delivered
7818,2023-09-27,212,54,10,4,4240.8,10,-5963.2,Net Banking,Delivered
7819,2024-12-04,191,22,17,1,1133.6,20,-2643.4,Credit Card,Delivered
7820,2025-08-14,14,32,15,3,4810.5,25,-8320.5,Cash,Cancelled
7821,2023-06-12,62,24,14,5,18157.5,25,757.5,Debit Card,Delivered
7822,2024-05-14,490,37,11,5,27420.0,0,19315.0,UPI,Cancelled
7823,2025-05-16,382,61,7,1,2546.4,20,804.4,Net Banking,Delivered
7824,2025-10-24,8,3,9,3,18006.3,10,5184.3,Cash,Delivered
7825,2024-11-24,308,12,1,1,3237.0,25,2884.0,UPI,Returned
7826,2024-07-30,333,62,10,3,11176.8,20,-1111.2,Net Banking,Returned
7827,2024-10-28,255,20,8,1,4649.25,25,680.25,UPI,Cancelled
7828,2024-06-06,112,60,2,5,27972.75,5,3557.75,Debit Card,Delivered
7829,2024-05-01,365,10,16,3,19884.0,0,9528.0,Debit Card,Delivered
7830,2025-04-25,363,36,13,4,6064.8,30,-3119.2,Net Banking,Delivered
7831,2024-12-22,270,16,5,3,6134.1,30,-4728.9,Net Banking,Returned
7832,2024-11-12,55,27,14,2,4257.0,10,-1705.0,Net Banking,Cancelled
7833,2023-05-07,230,16,14,1,2044.7,30,-1576.3,Net Banking,Returned
7834,2023-11-09,43,49,14,2,5149.5,25,3829.5,Cash,Delivered
7835,2025-07-04,65,35,17,3,4722.3,10,1596.3,Cash,Returned
7836,2024-07-10,414,19,13,4,19084.2,15,12656.2,Debit Card,Cancelled
7837,2024-08-04,308,40,20,2,7830.0,10,-664.0,UPI,Delivered
7838,2025-07-05,31,40,5,2,6960.0,20,-1534.0,Credit Card,Delivered
7839,2024-05-23,498,17,2,5,13538.0,30,7823.0,Cash,Cancelled
7840,2023-03-20,314,38,16,4,21686.4,20,15878.4,UPI,Delivered
7841,2024-08-06,170,2,3,1,459.75,25,-722.25,Debit Card,Delivered
7842,2024-09-27,52,38,5,5,30496.5,10,23236.5,Net Banking,Returned
7843,2024-06-27,126,28,13,4,23568.8,15,11856.8,UPI,Delivered
7844,2024-02-09,250,38,4,4,25752.6,5,19944.6,Net Banking,Delivered
7845,2025-09-27,458,5,18,4,10992.0,25,5960.0,UPI,Delivered
7846,2024-03-28,359,41,19,3,18289.8,10,3835.8,Debit Card,Delivered
7847,2025-07-11,247,59,10,2,5927.6,30,4855.6,Cash,Delivered
7848,2023-02-12,392,54,14,3,2827.2,20,-4825.8,Cash,Delivered
7849,2023-11-14,436,4,5,1,1392.3,30,-2334.7,Credit Card,Delivered
7850,2025-09-15,471,1,7,2,4855.5,25,-286.5,Cash,Delivered
7851,2023-05-09,302,5,7,2,5129.6,30,2613.6,Debit Card,Delivered
7852,2024-02-18,451,26,2,1,4994.25,25,2253.25,Debit Card,Delivered
7853,2023-04-12,374,39,15,4,6003.0,25,2735.0,UPI,Delivered
7854,2024-11-19,166,19,5,3,15155.1,10,10334.1,Net Banking,Delivered
7855,2024-12-29,409,15,7,3,10430.1,10,-4260.9,Net Banking,Delivered
7856,2024-01-19,46,46,15,3,2827.95,15,-8578.05,UPI,Delivered
7857,2024-03-15,254,58,11,5,24761.25,25,1061.25,Credit Card,Delivered
7858,2025-04-29,60,52,8,4,2574.0,25,-13034.0,Cash,Cancelled
7859,2024-12-30,74,15,4,1,3090.4,20,-1806.6,UPI,Delivered
7860,2023-03-03,40,14,7,5,20330.0,0,-4250.0,Net Banking,Delivered
7861,2024-02-16,200,40,17,1,3915.0,10,-332.0,UPI,Delivered
7862,2024-11-06,49,24,2,1,4357.8,10,877.8,Cash,Cancelled
7863,2023-11-21,62,39,11,3,4202.1,30,1751.1,UPI,Returned
7864,2024-04-19,374,2,19,5,2605.25,15,-3304.75,Credit Card,Delivered
7865,2023-04-05,116,48,9,5,11900.0,15,-1500.0,Net Banking,Returned
7866,2023-05-21,125,29,10,2,1645.0,30,-1509.0,Cash,Delivered
7867,2025-11-26,350,29,19,5,4700.0,20,-3185.0,Net Banking,Cancelled
7868,2023-02-20,132,45,8,3,4018.5,25,-4348.5,UPI,Delivered
7869,2024-02-08,174,12,14,3,11653.2,10,10594.2,Net Banking,Delivered
7870,2025-01-26,83,31,2,1,4896.0,0,3762.0,Credit Card,Delivered
7871,2025-04-11,255,33,13,1,3254.7,5,192.7,Debit Card,Delivered
7872,2024-01-24,35,57,20,1,4243.2,20,253.2,Credit Card,Returned
7873,2025-06-06,295,57,20,2,8486.4,20,506.4,Credit Card,Delivered
7874,2024-01-14,128,22,10,5,7085.0,0,-11800.0,UPI,Returned
7875,2025-07-05,23,45,15,2,2857.6,20,-2720.4,Net Banking,Delivered
7876,2025-12-26,305,42,5,1,3381.6,20,-1565.4,Net Banking,Delivered
7877,2024-08-03,399,17,3,5,17406.0,10,11691.0,Cash,Cancelled
7878,2025-04-24,416,21,16,1,889.7,30,-2274.3,Cash,Delivered
7879,2024-07-13,222,23,10,4,15652.2,5,6880.2,Credit Card,Returned
7880,2024-04-21,416,59,11,1,3387.2,20,2851.2,Debit Card,Cancelled
7881,2024-08-25,63,40,6,1,4132.5,5,-114.5,Credit Card,Returned
7882,2024-08-21,458,14,14,4,13824.4,15,-5839.6,Cash,Delivered
7883,2025-04-25,55,57,18,2,7956.0,25,-24.0,Debit Card,Delivered
7884,2025-08-06,73,40,20,1,3915.0,10,-332.0,Net Banking,Delivered
7885,2025-10-10,326,17,1,2,5415.2,30,3129.2,Net Banking,Delivered
7886,2025-06-24,131,56,2,4,14056.2,5,-3355.8,Net Banking,Returned
7887,2023-07-10,180,53,3,3,8568.0,20,6570.0,Net Banking,Delivered
7888,2024-09-11,370,40,17,4,12180.0,30,-4808.0,Debit Card,Cancelled
7889,2024-09-29,419,26,5,5,31630.25,5,17925.25,Cash,Cancelled
7890,2023-06-30,442,65,6,4,19203.0,25,7151.0,Debit Card,Delivered
7891,2024-03-20,396,51,15,4,12129.6,30,1161.6,Net Banking,Cancelled
7892,2023-07-08,45,20,20,3,17667.15,5,5760.15,Debit Card,Delivered
7893,2024-09-28,296,63,9,4,3590.4,15,-2149.6,Credit Card,Delivered
7894,2023-01-21,88,6,4,5,28413.0,10,5603.0,Credit Card,Returned
7895,2023-01-23,465,6,9,4,17679.2,30,-568.8,Net Banking,Cancelled
7896,2025-03-06,94,27,2,4,8514.0,10,-3410.0,Cash,Delivered
7897,2023-09-07,385,20,8,5,30995.0,0,11150.0,Net Banking,Delivered
7898,2023-10-26,17,3,16,2,10670.4,20,2122.4,Credit Card,Returned
7899,2025-02-24,173,41,19,2,12193.2,10,2557.2,Net Banking,Delivered
7900,2023-04-18,5,16,15,2,5549.9,5,-1692.1,Credit Card,Delivered
7901,2025-09-22,426,26,14,2,12652.1,5,7170.1,Net Banking,Delivered
7902,2023-05-12,366,15,2,1,3283.55,15,-1613.45,Credit Card,Cancelled
7903,2024-09-08,256,5,11,4,12457.6,15,7425.6,Net Banking,Delivered
7904,2024-05-15,133,63,7,4,3379.2,20,-2360.8,UPI,Delivered
7905,2025-02-27,275,58,1,3,17828.1,10,3608.1,Debit Card,Returned
7906,2025-03-28,124,57,17,4,15912.0,25,-48.0,Debit Card,Delivered
7907,2023-01-05,147,8,6,5,25593.5,15,1708.5,UPI,Delivered
7908,2023-09-27,217,11,11,3,12369.0,0,10731.0,Cash,Returned
7909,2025-05-19,498,31,2,4,14688.0,25,10152.0,Debit Card,Returned
7910,2024-06-24,108,51,17,3,10396.8,20,2170.8,Credit Card,Delivered
7911,2025-08-14,124,54,16,2,2238.2,5,-2863.8,UPI,Delivered
7912,2024-06-06,215,1,2,4,12948.0,0,2664.0,Cash,Delivered
7913,2024-06-02,13,41,14,2,12193.2,10,2557.2,Credit Card,Delivered
7914,2023-11-06,181,48,9,1,2520.0,10,-160.0,UPI,Returned
7915,2025-06-26,491,66,7,5,19902.75,15,15452.75,Debit Card,Delivered
7916,2025-01-25,401,53,19,1,2499.0,30,1833.0,Credit Card,Delivered
7917,2023-06-19,429,31,3,2,8812.8,10,6544.8,Net Banking,Delivered
7918,2024-12-12,50,62,5,5,18628.0,20,-1852.0,UPI,Delivered
7919,2023-07-27,332,44,1,4,20476.8,10,9088.8,Credit Card,Delivered
7920,2024-10-16,450,64,2,3,2933.7,30,-8736.3,UPI,Cancelled
7921,2024-06-22,480,39,3,1,1500.75,25,683.75,Credit Card,Delivered
7922,2025-10-22,468,40,11,2,6525.0,25,-1969.0,Cash,Delivered
7923,2024-02-24,497,2,7,4,1839.0,25,-2889.0,Credit Card,Delivered
7924,2023-04-08,297,19,3,5,21048.75,25,13013.75,Debit Card,Delivered
7925,2023-07-16,75,39,12,2,3801.9,5,2167.9,UPI,Delivered
7926,2025-11-01,81,64,2,1,1047.75,25,-2842.25,Net Banking,Delivered
7927,2023-03-20,209,50,5,4,4628.0,0,-12796.0,Debit Card,Delivered
7928,2023-06-16,291,32,2,2,3420.8,20,-5333.2,Net Banking,Delivered
7929,2024-08-28,238,31,20,3,12484.8,15,9082.8,Net Banking,Delivered
7930,2023-02-12,247,7,14,3,11155.2,20,4900.2,Debit Card,Delivered
7931,2024-01-05,127,36,1,4,8664.0,0,-520.0,Debit Card,Cancelled
7932,2023-07-15,487,40,12,5,18487.5,15,-2747.5,UPI,Delivered
7933,2025-10-28,98,62,6,2,8382.6,10,190.6,Credit Card,Delivered
7934,2023-01-13,215,46,11,3,2328.9,30,-9077.1,Cash,Delivered
7935,2024-03-28,440,49,14,3,10299.0,0,8319.0,UPI,Delivered
7936,2023-11-10,141,1,4,1,3237.0,0,666.0,Credit Card,Delivered
7937,2025-07-22,81,48,20,4,8960.0,20,-1760.0,Debit Card,Delivered
7938,2025-07-30,399,46,6,2,1552.6,30,-6051.4,UPI,Delivered
7939,2023-11-14,486,16,15,4,11099.8,5,-3384.2,UPI,Delivered
7940,2023-09-16,463,43,16,2,11634.0,0,1986.0,Cash,Delivered
7941,2023-06-28,202,51,1,2,6064.8,30,580.8,Credit Card,Delivered
7942,2024-12-20,253,30,19,4,19505.8,15,1981.8,Cash,Delivered
7943,2024-02-17,175,38,11,2,12876.3,5,9972.3,Cash,Delivered
7944,2024-11-26,95,55,7,4,20116.8,10,16360.8,Net Banking,Delivered
7945,2023-10-26,28,17,18,4,10830.4,30,6258.4,Debit Card,Delivered
7946,2024-11-23,236,58,17,3,17828.1,10,3608.1,Credit Card,Delivered
7947,2023-04-21,89,36,6,4,8230.8,5,-953.2,Credit Card,Delivered
7948,2023-04-28,346,48,1,4,8400.0,25,-2320.0,Credit Card,Delivered
7949,2023-01-16,259,60,2,3,17667.0,0,3018.0,UPI,Delivered
7950,2025-09-25,195,19,19,4,17961.6,20,11533.6,UPI,Delivered
7951,2024-10-15,35,43,7,5,29085.0,0,4965.0,Cash,Delivered
7952,2023-06-20,214,34,3,1,2360.75,5,951.75,Net Banking,Delivered
7953,2024-02-19,112,6,15,4,21467.6,15,3219.6,Credit Card,Delivered
7954,2024-01-20,453,5,17,3,7694.4,30,3920.4,Net Banking,Delivered
7955,2025-01-28,379,55,18,2,11176.0,0,9298.0,Debit Card,Cancelled
7956,2024-10-16,176,57,6,3,11934.0,25,-36.0,UPI,Delivered
7957,2023-04-25,259,4,6,3,5071.95,15,-6109.05,Cash,Cancelled
7958,2023-10-25,283,42,8,3,12046.95,5,-2794.05,UPI,Returned
7959,2023-03-07,379,2,19,5,2911.75,5,-2998.25,Credit Card,Delivered
7960,2024-06-26,307,25,4,2,6446.4,15,4758.4,Cash,Returned
7961,2024-11-15,256,31,3,5,17136.0,30,11466.0,Debit Card,Returned
7962,2023-02-20,354,34,17,1,1988.0,20,579.0,Credit Card,Returned
7963,2023-05-21,241,54,8,1,1060.2,10,-1490.8,UPI,Delivered
7964,2025-10-30,430,50,12,3,2776.8,20,-10291.2,UPI,Delivered
7965,2024-03-29,35,50,17,1,1157.0,0,-3199.0,Credit Card,Delivered
7966,2025-01-17,184,5,18,4,10259.2,30,5227.2,Credit Card,Delivered
7967,2024-05-02,212,37,18,4,20839.2,5,14355.2,UPI,Delivered
7968,2025-01-24,92,53,14,4,10710.0,25,8046.0,Debit Card,Delivered
7969,2023-04-19,259,27,18,4,7095.0,25,-4829.0,UPI,Cancelled
7970,2023-09-02,497,14,12,5,18297.0,10,-6283.0,Cash,Delivered
7971,2025-07-08,337,6,8,2,10733.8,15,1609.8,UPI,Returned
7972,2025-08-05,153,2,8,2,1226.0,0,-1138.0,UPI,Returned
7973,2023-05-06,248,35,16,3,4459.95,15,1333.95,UPI,Delivered
7974,2023-12-14,298,46,1,3,2495.25,25,-8910.75,Net Banking,Returned
7975,2024-03-10,329,44,14,2,7963.2,30,2269.2,Net Banking,Returned
7976,2025-07-08,380,65,20,4,25604.0,0,13552.0,Net Banking,Delivered
7977,2023-08-11,431,65,13,4,20483.2,20,8431.2,Cash,Delivered
7978,2025-02-06,154,62,10,5,19792.25,15,-687.75,UPI,Delivered
7979,2025-10-07,139,54,3,5,5890.0,0,-6865.0,Credit Card,Returned
7980,2023-03-04,7,29,8,5,5581.25,5,-2303.75,UPI,Delivered
7981,2025-01-13,402,20,7,3,13947.75,25,2040.75,Net Banking,Delivered
7982,2024-01-23,467,49,7,4,10985.6,20,8345.6,Credit Card,Returned
7983,2024-03-09,363,31,16,1,4161.6,15,3027.6,Cash,Delivered
7984,2025-11-29,138,10,11,4,26512.0,0,12704.0,Net Banking,Returned
7985,2024-09-06,472,31,5,3,11016.0,25,7614.0,UPI,Delivered
7986,2024-08-29,308,15,15,3,8691.75,25,-5999.25,Debit Card,Delivered
7987,2024-02-19,369,66,4,3,11239.2,20,8569.2,Debit Card,Delivered
7988,2025-10-15,488,12,13,1,3237.0,25,2884.0,Cash,Delivered
7989,2024-06-18,241,20,15,1,4959.2,20,990.2,Cash,Delivered
7990,2024-10-18,98,64,10,1,1187.45,15,-2702.55,Cash,Delivered
7991,2023-08-15,287,26,12,2,11320.3,15,5838.3,Net Banking,Returned
7992,2023-02-23,202,16,5,2,4965.7,15,-2276.3,Credit Card,Returned
7993,2023-05-13,466,50,10,4,3239.6,30,-14184.4,UPI,Cancelled
7994,2023-02-10,472,57,17,4,16972.8,20,1012.8,UPI,Delivered
7995,2024-03-27,3,1,14,5,11329.5,30,-1525.5,Cash,Delivered
7996,2023-05-20,497,61,3,5,11936.25,25,3226.25,Net Banking,Delivered
7997,2023-05-18,145,58,13,5,33015.0,0,9315.0,Cash,Delivered
7998,2024-02-07,316,36,18,1,1516.2,30,-779.8,Credit Card,Delivered
7999,2023-12-11,28,10,5,4,19884.0,25,6076.0,Net Banking,Delivered
8000,2025-12-08,208,2,10,3,1287.3,30,-2258.7,Cash,Delivered
8001,2025-10-12,42,60,5,4,16489.2,30,-3042.8,UPI,Delivered
8002,2025-08-08,153,62,12,3,10478.25,25,-1809.75,Credit Card,Returned
8003,2023-09-23,371,62,2,4,14902.4,20,-1481.6,UPI,Delivered
8004,2025-05-24,145,9,4,5,5130.0,10,-10375.0,Net Banking,Delivered
8005,2023-02-27,285,54,20,3,3003.9,15,-4649.1,Cash,Delivered
8006,2024-10-13,335,19,4,2,8419.5,25,5205.5,Net Banking,Delivered
8007,2023-08-18,42,32,18,4,6414.0,25,-11094.0,Net Banking,Delivered
8008,2024-12-26,48,42,19,2,8454.0,0,-1440.0,UPI,Delivered
8009,2024-05-06,171,1,2,3,8254.35,15,541.35,Net Banking,Returned
8010,2024-08-01,500,16,11,4,8178.8,30,-6305.2,Net Banking,Returned
8011,2024-12-21,229,30,10,5,27250.75,5,5345.75,UPI,Delivered
8012,2023-08-05,253,36,18,4,7797.6,10,-1386.4,Cash,Delivered
8013,2025-12-11,437,11,5,3,8658.3,30,7020.3,Cash,Returned
8014,2025-01-13,333,23,5,4,15652.2,5,6880.2,Net Banking,Delivered
8015,2023-08-20,37,45,7,5,8483.5,5,-5461.5,Cash,Returned
8016,2025-11-09,375,3,2,4,24008.4,10,6912.4,Cash,Delivered
8017,2024-05-03,207,42,18,4,14371.8,15,-5416.2,Debit Card,Cancelled
8018,2024-11-13,402,5,9,5,13740.0,25,7450.0,Net Banking,Delivered
8019,2024-04-26,164,38,4,2,10843.2,20,7939.2,Debit Card,Delivered
8020,2025-08-19,194,18,1,5,12840.0,20,10990.0,UPI,Delivered
8021,2023-03-15,300,41,5,3,19305.9,5,4851.9,UPI,Cancelled
8022,2025-02-17,265,43,15,2,11634.0,0,1986.0,Debit Card,Delivered
8023,2023-11-01,328,24,8,5,24210.0,0,6810.0,Cash,Delivered
8024,2023-07-02,382,22,8,1,1133.6,20,-2643.4,Net Banking,Delivered
8025,2024-01-23,221,49,1,5,13732.0,20,10432.0,Credit Card,Delivered
8026,2023-03-18,482,2,2,2,919.5,25,-1444.5,Credit Card,Returned
8027,2025-09-06,424,32,10,1,2031.1,5,-2345.9,Net Banking,Delivered
8028,2025-03-16,233,51,15,1,3898.8,10,1156.8,Net Banking,Delivered
8029,2025-09-04,175,23,9,5,14416.5,30,3451.5,Debit Card,Delivered
8030,2024-11-09,220,53,13,2,6426.0,10,5094.0,Credit Card,Delivered
8031,2023-10-06,272,19,6,2,11226.0,0,8012.0,Net Banking,Returned
8032,2025-10-02,184,59,4,3,8891.4,30,7283.4,Debit Card,Delivered
8033,2023-08-21,466,37,6,5,27420.0,0,19315.0,Credit Card,Cancelled
8034,2024-02-08,116,56,1,2,6288.3,15,-2417.7,Debit Card,Returned
8035,2025-07-14,241,59,16,3,12702.0,0,11094.0,Credit Card,Cancelled
8036,2023-09-19,51,35,18,2,2448.6,30,364.6,Credit Card,Cancelled
8037,2025-06-21,117,63,1,2,2112.0,0,-758.0,Cash,Cancelled
8038,2023-01-17,355,55,12,4,20116.8,10,16360.8,Credit Card,Cancelled
8039,2025-06-18,44,65,15,3,14402.25,25,5363.25,Debit Card,Returned
8040,2024-10-28,171,61,13,1,2864.7,10,1122.7,Cash,Returned
8041,2025-09-15,101,53,2,4,10710.0,25,8046.0,Net Banking,Delivered
8042,2024-02-22,326,13,6,4,11210.4,10,7862.4,UPI,Delivered
8043,2024-09-10,57,28,16,3,19756.2,5,10972.2,Debit Card,Delivered
8044,2025-10-26,24,4,6,3,5668.65,5,-5512.35,UPI,Delivered
8045,2024-12-21,477,18,1,3,8185.5,15,7075.5,UPI,Cancelled
8046,2023-11-20,149,31,11,2,8323.2,15,6055.2,UPI,Cancelled
8047,2023-03-12,307,49,19,3,8239.2,20,6259.2,Credit Card,Delivered
8048,2025-02-03,172,25,9,5,14220.0,25,10000.0,Cash,Returned
8049,2024-01-17,138,39,19,3,5102.55,15,2651.55,Net Banking,Delivered
8050,2023-07-25,60,23,7,2,7826.1,5,3440.1,Cash,Cancelled
8051,2025-08-01,109,52,11,4,2402.4,30,-13205.6,UPI,Cancelled
8052,2024-10-26,321,15,1,5,17383.5,10,-7101.5,UPI,Delivered
8053,2024-07-11,298,31,5,5,17136.0,30,11466.0,Credit Card,Cancelled
8054,2023-08-06,458,6,10,3,17047.8,10,3361.8,UPI,Returned
8055,2024-09-06,62,52,14,1,858.0,0,-3044.0,Credit Card,Delivered
8056,2024-06-17,454,21,19,5,5401.75,15,-10418.25,Net Banking,Delivered
8057,2023-11-04,402,19,17,3,15155.1,10,10334.1,UPI,Delivered
8058,2025-12-10,450,17,17,1,2707.6,30,1564.6,UPI,Cancelled
8059,2025-05-01,348,61,13,5,11936.25,25,3226.25,Net Banking,Cancelled
8060,2023-11-15,453,54,12,1,1119.1,5,-1431.9,Net Banking,Delivered
8061,2024-10-19,439,59,20,3,10796.7,15,9188.7,Credit Card,Cancelled
8062,2025-10-26,67,23,4,3,8649.9,30,2070.9,UPI,Delivered
8063,2025-10-19,143,12,11,1,3884.4,10,3531.4,UPI,Delivered
8064,2025-01-26,299,4,14,3,5071.95,15,-6109.05,Cash,Delivered
8065,2025-04-23,27,44,18,1,3981.6,30,1134.6,Debit Card,Returned
8066,2024-01-19,106,26,12,2,11320.3,15,5838.3,Debit Card,Delivered
8067,2025-05-02,217,40,16,3,11745.0,10,-996.0,Credit Card,Delivered
8068,2024-04-17,450,2,6,2,1226.0,0,-1138.0,Debit Card,Returned
8069,2025-03-08,241,31,11,3,10281.6,30,6879.6,Net Banking,Returned
8070,2024-05-26,205,29,4,2,2232.5,5,-921.5,Net Banking,Delivered
8071,2023-06-20,500,42,8,1,3592.95,15,-1354.05,Cash,Delivered
8072,2024-07-19,28,33,12,3,9764.1,5,578.1,Cash,Delivered
8073,2024-11-28,270,35,17,1,1224.3,30,182.3,Debit Card,Delivered
8074,2023-04-14,75,64,8,1,1047.75,25,-2842.25,Cash,Delivered
8075,2025-12-12,17,28,19,2,11091.2,20,5235.2,UPI,Delivered
8076,2025-01-02,455,44,12,4,18201.6,20,6813.6,UPI,Delivered
8077,2023-10-01,246,5,19,2,6595.2,10,4079.2,UPI,Delivered
8078,2023-12-30,226,57,15,1,3978.0,25,-12.0,UPI,Delivered
8079,2023-08-07,450,56,14,2,6658.2,10,-2047.8,Cash,Delivered
8080,2025-02-23,340,47,4,4,16688.0,0,524.0,Net Banking,Delivered
8081,2025-06-12,101,55,12,5,25146.0,10,20451.0,Debit Card,Returned
8082,2024-11-18,358,66,16,1,3746.4,20,2856.4,Debit Card,Delivered
8083,2024-02-08,87,66,15,2,8897.7,5,7117.7,Cash,Delivered
8084,2023-01-26,490,1,17,3,7283.25,25,-429.75,Credit Card,Cancelled
8085,2023-05-18,13,5,7,3,8793.6,20,5019.6,Debit Card,Delivered
8086,2023-08-27,468,53,19,3,8568.0,20,6570.0,Cash,Returned
8087,2025-02-03,21,61,8,5,15915.0,0,7205.0,Cash,Cancelled
8088,2023-05-02,110,14,19,2,6505.6,20,-3326.4,Debit Card,Delivered
8089,2024-01-01,212,41,12,3,16257.6,20,1803.6,Credit Card,Delivered
8090,2023-08-26,471,30,6,5,20079.5,30,-1825.5,UPI,Returned
8091,2024-07-07,417,21,20,3,3622.35,5,-5869.65,Net Banking,Delivered
8092,2024-08-05,264,5,12,3,10992.0,0,7218.0,UPI,Delivered
8093,2025-11-17,98,14,4,2,5692.4,30,-4139.6,Debit Card,Returned
8094,2024-01-24,167,59,7,4,13548.8,20,11404.8,Net Banking,Delivered
8095,2023-12-11,317,6,13,3,13259.4,30,-426.6,Cash,Delivered
8096,2023-09-05,186,41,8,2,13548.0,0,3912.0,Credit Card,Returned
8097,2025-07-11,122,44,18,1,5688.0,0,2841.0,Debit Card,Delivered
8098,2025-11-02,481,9,2,2,2280.0,0,-3922.0,Debit Card,Returned
8099,2025-10-27,168,29,8,3,2996.25,15,-1734.75,Net Banking,Cancelled
8100,2025-01-15,159,44,14,4,19339.2,15,7951.2,Net Banking,Delivered
8101,2023-10-28,360,55,9,5,27940.0,0,23245.0,Cash,Delivered
8102,2024-05-21,492,42,7,5,21135.0,0,-3600.0,Cash,Delivered
8103,2023-07-28,269,24,5,3,11620.8,20,1180.8,Cash,Delivered
8104,2023-09-11,20,5,12,3,8244.0,25,4470.0,Debit Card,Delivered
8105,2023-08-21,473,26,8,2,9988.5,25,4506.5,Net Banking,Returned
8106,2023-07-21,19,44,6,1,5688.0,0,2841.0,Credit Card,Delivered
8107,2023-10-09,200,14,5,5,18297.0,10,-6283.0,Credit Card,Delivered
8108,2025-12-28,194,18,4,3,8185.5,15,7075.5,Credit Card,Delivered
8109,2024-05-28,73,28,9,3,19756.2,5,10972.2,UPI,Returned
8110,2024-05-30,92,57,9,2,10077.6,5,2097.6,Cash,Delivered
8111,2023-06-17,152,32,6,4,7269.2,15,-10238.8,Credit Card,Delivered
8112,2024-10-03,471,62,2,1,4424.15,5,328.15,Credit Card,Delivered
8113,2025-05-18,135,41,3,2,12870.6,5,3234.6,Cash,Delivered
8114,2025-02-27,492,22,16,4,4817.8,15,-10290.2,UPI,Delivered
8115,2024-02-10,242,33,13,2,5481.6,20,-642.4,Net Banking,Cancelled
8116,2025-05-23,31,51,7,4,12996.0,25,2028.0,Cash,Delivered
8117,2025-10-19,409,55,6,3,16764.0,0,13947.0,Cash,Delivered
8118,2025-07-08,366,26,18,1,6659.0,0,3918.0,Debit Card,Delivered
8119,2023-04-17,295,14,20,3,8538.6,30,-6209.4,UPI,Delivered
8120,2023-03-15,384,5,7,2,5496.0,25,2980.0,Debit Card,Delivered
8121,2025-10-06,326,20,5,1,4649.25,25,680.25,Credit Card,Delivered
8122,2023-10-09,495,12,10,4,12084.8,30,10672.8,Debit Card,Delivered
8123,2024-12-10,370,17,2,2,6575.6,15,4289.6,Debit Card,Delivered
8124,2025-12-25,256,5,2,4,10992.0,25,5960.0,Net Banking,Returned
8125,2023-12-31,106,1,5,2,5179.2,20,37.2,Cash,Delivered
8126,2024-10-15,317,59,15,2,6774.4,20,5702.4,Credit Card,Delivered
8127,2023-07-31,446,24,10,5,18157.5,25,757.5,Net Banking,Delivered
8128,2024-01-26,131,55,15,5,22352.0,20,17657.0,Cash,Returned
8129,2023-12-07,281,37,11,2,8226.0,25,4984.0,Cash,Cancelled
8130,2023-02-13,268,12,15,4,13811.2,20,12399.2,Cash,Returned
8131,2024-01-05,478,19,3,1,5051.7,10,3444.7,Credit Card,Delivered
8132,2024-04-18,176,27,15,4,6622.0,30,-5302.0,UPI,Cancelled
8133,2025-01-22,11,23,15,5,16476.0,20,5511.0,Net Banking,Delivered
8134,2023-06-15,390,33,9,1,2398.2,30,-663.8,Cash,Returned
8135,2024-01-19,189,13,2,5,12456.0,20,8271.0,UPI,Returned
8136,2024-05-25,307,48,12,2,5040.0,10,-320.0,Debit Card,Returned
8137,2023-04-27,487,13,19,4,9342.0,25,5994.0,Debit Card,Delivered
8138,2023-01-07,183,53,13,4,9996.0,30,7332.0,Cash,Delivered
8139,2024-09-01,436,54,17,3,3534.0,0,-4119.0,Net Banking,Delivered
8140,2025-03-29,140,31,20,5,19584.0,20,13914.0,Credit Card,Delivered
8141,2025-10-30,282,52,12,4,2917.2,15,-12690.8,Cash,Returned
8142,2023-05-25,61,1,16,4,12300.6,5,2016.6,Credit Card,Cancelled
8143,2024-10-28,220,25,11,1,2654.4,30,1810.4,Net Banking,Delivered
8144,2024-06-10,22,8,5,1,4817.6,20,40.6,Net Banking,Delivered
8145,2023-12-17,62,38,20,3,18297.9,10,13941.9,Credit Card,Delivered
8146,2024-11-20,350,60,10,5,26500.5,10,2085.5,UPI,Delivered
8147,2023-03-12,6,41,17,2,10161.0,25,525.0,Debit Card,Cancelled
8148,2024-08-25,27,9,7,1,1026.0,10,-2075.0,UPI,Cancelled
8149,2024-12-26,215,18,12,4,12198.0,5,10718.0,UPI,Returned
8150,2025-04-21,489,18,9,1,3210.0,0,2840.0,Cash,Delivered
8151,2024-04-16,463,21,10,3,3813.0,0,-5679.0,Cash,Delivered
8152,2024-12-29,66,13,1,4,8719.2,30,5371.2,Net Banking,Delivered
8153,2023-03-04,389,56,3,3,8322.75,25,-4736.25,Debit Card,Delivered
8154,2025-10-14,432,7,6,4,17662.4,5,9322.4,Credit Card,Delivered
8155,2023-10-03,140,13,8,2,5605.2,10,3931.2,Cash,Returned
8156,2025-10-25,203,56,10,4,10357.2,30,-7054.8,Cash,Delivered
8157,2023-12-20,487,14,13,2,5692.4,30,-4139.6,Credit Card,Returned
8158,2023-10-14,172,39,1,5,10005.0,0,5920.0,Net Banking,Delivered
8159,2025-12-13,352,30,1,4,22948.0,0,5424.0,Net Banking,Returned
8160,2024-04-16,236,34,3,5,8697.5,30,1652.5,Debit Card,Delivered
8161,2024-10-17,35,31,5,4,14688.0,25,10152.0,Credit Card,Delivered
8162,2025-06-22,67,1,1,1,3075.15,5,504.15,Debit Card,Cancelled
8163,2025-10-16,259,14,5,4,15450.8,5,-4213.2,Credit Card,Delivered
8164,2024-02-26,133,9,14,1,1026.0,10,-2075.0,Credit Card,Delivered
8165,2025-10-28,352,36,19,1,1732.8,20,-563.2,Cash,Delivered
8166,2025-06-03,494,36,1,2,4332.0,0,-260.0,Debit Card,Cancelled
8167,2023-02-23,168,48,7,3,6300.0,25,-1740.0,UPI,Delivered
8168,2025-11-09,237,57,12,5,26520.0,0,6570.0,UPI,Delivered
8169,2025-02-01,349,49,18,4,12358.8,10,9718.8,UPI,Returned
8170,2023-09-22,398,13,7,1,3114.0,0,2277.0,UPI,Cancelled
8171,2023-06-05,307,54,2,2,2120.4,10,-2981.6,Debit Card,Delivered
8172,2025-07-05,109,5,13,5,18320.0,0,12030.0,UPI,Delivered
8173,2025-05-15,332,48,20,5,12600.0,10,-800.0,UPI,Delivered
8174,2025-12-27,78,4,11,5,8453.25,15,-10181.75,Cash,Returned
8175,2023-05-12,162,14,6,2,7725.4,5,-2106.6,Debit Card,Cancelled
8176,2025-09-06,6,15,2,5,15452.0,20,-9033.0,UPI,Delivered
8177,2024-07-27,14,10,20,2,13256.0,0,6352.0,Credit Card,Returned
8178,2025-10-11,395,27,12,3,5321.25,25,-3621.75,Debit Card,Delivered
8179,2024-09-17,121,27,3,2,4257.0,10,-1705.0,Credit Card,Delivered
8180,2025-01-09,329,64,10,1,1187.45,15,-2702.55,UPI,Delivered
8181,2025-03-20,408,28,10,1,6238.8,10,3310.8,UPI,Delivered
8182,2024-08-21,244,28,7,1,5199.0,25,2271.0,UPI,Delivered
8183,2024-11-19,162,17,1,1,3674.6,5,2531.6,Debit Card,Delivered
8184,2024-09-13,468,58,18,4,21129.6,20,2169.6,Credit Card,Delivered
8185,2023-10-28,431,48,12,4,7840.0,30,-2880.0,Credit Card,Returned
8186,2025-01-01,253,12,12,2,6905.6,20,6199.6,Cash,Returned
8187,2023-06-24,121,14,15,4,15450.8,5,-4213.2,Cash,Delivered
8188,2025-12-06,229,57,1,1,3978.0,25,-12.0,Net Banking,Cancelled
8189,2025-10-14,154,45,15,5,7144.0,20,-6801.0,Net Banking,Delivered
8190,2025-09-02,382,63,8,4,3590.4,15,-2149.6,Cash,Delivered
8191,2025-10-21,239,29,8,1,1116.25,5,-460.75,Cash,Delivered
8192,2024-03-12,399,48,12,1,2660.0,5,-20.0,Net Banking,Cancelled
8193,2024-04-02,259,60,2,1,4711.2,20,-171.8,Net Banking,Delivered
8194,2024-07-22,232,31,19,2,9792.0,0,7524.0,Net Banking,Delivered
8195,2024-07-17,61,26,1,2,13318.0,0,7836.0,Debit Card,Delivered
8196,2024-10-15,495,28,17,5,31194.0,10,16554.0,Debit Card,Returned
8197,2025-11-10,199,64,13,5,5937.25,15,-13512.75,UPI,Returned
8198,2024-04-02,274,49,6,4,9612.4,30,6972.4,Debit Card,Delivered
8199,2023-03-04,464,3,14,5,26676.0,20,5306.0,Cash,Cancelled
8200,2024-09-30,13,5,7,4,10259.2,30,5227.2,UPI,Delivered
8201,2025-09-19,190,22,15,1,1275.3,10,-2501.7,Debit Card,Cancelled
8202,2024-01-30,328,15,20,3,9271.2,20,-5419.8,Net Banking,Delivered
8203,2024-10-28,420,9,5,5,4275.0,25,-11230.0,Credit Card,Returned
8204,2023-10-15,115,62,11,4,13971.0,25,-2413.0,UPI,Delivered
8205,2024-09-18,309,7,1,3,9760.8,30,3505.8,Net Banking,Delivered
8206,2024-01-10,81,54,5,2,1884.8,20,-3217.2,Cash,Delivered
8207,2024-05-30,306,34,1,5,11182.5,10,4137.5,UPI,Delivered
8208,2024-10-05,464,24,12,2,7747.2,20,787.2,Cash,Delivered
8209,2023-04-22,391,15,19,1,3669.85,5,-1227.15,Cash,Returned
8210,2024-12-28,211,60,7,1,4122.3,30,-760.7,Credit Card,Delivered
8211,2024-07-25,387,47,1,5,15645.0,25,-4560.0,Credit Card,Delivered
8212,2024-12-14,362,37,9,3,14806.8,10,9943.8,Debit Card,Delivered
8213,2024-08-01,406,18,12,3,8667.0,10,7557.0,UPI,Delivered
8214,2025-04-26,209,43,2,5,21813.75,25,-2306.25,Cash,Delivered
8215,2025-12-12,338,50,17,5,4049.5,30,-17730.5,Net Banking,Cancelled
8216,2023-10-05,298,14,3,2,6099.0,25,-3733.0,UPI,Delivered
8217,2023-10-14,375,8,15,1,5118.7,15,341.7,UPI,Delivered
8218,2024-09-27,482,64,17,1,977.9,30,-2912.1,Cash,Delivered
8219,2023-12-22,230,61,18,1,2228.1,30,486.1,Debit Card,Delivered
8220,2025-06-27,113,31,17,1,3672.0,25,2538.0,Debit Card,Returned
8221,2023-02-01,118,55,14,4,17881.6,20,14125.6,Debit Card,Delivered
8222,2024-09-28,487,42,12,1,3170.25,25,-1776.75,Net Banking,Delivered
8223,2023-06-17,484,48,3,4,9520.0,15,-1200.0,Net Banking,Delivered
8224,2023-11-02,44,63,11,3,2851.2,10,-1453.8,Cash,Delivered
8225,2025-10-16,21,53,2,3,9639.0,10,7641.0,UPI,Returned
8226,2025-04-28,141,14,20,3,9758.4,20,-4989.6,Cash,Delivered
8227,2023-02-02,251,13,11,1,2179.8,30,1342.8,UPI,Cancelled
8228,2023-01-29,232,23,6,4,14004.6,15,5232.6,Credit Card,Delivered
8229,2025-08-06,321,60,16,2,10600.2,10,834.2,UPI,Returned
8230,2024-08-24,485,12,20,3,9711.0,25,8652.0,Credit Card,Delivered
8231,2023-10-03,40,62,20,4,17696.6,5,1312.6,Debit Card,Delivered
8232,2025-12-21,339,48,7,4,7840.0,30,-2880.0,Net Banking,Cancelled
8233,2024-06-09,26,7,14,4,13944.0,25,5604.0,Net Banking,Returned
8234,2024-03-13,225,58,3,1,4622.1,30,-117.9,UPI,Delivered
8235,2023-07-27,410,36,15,2,3465.6,20,-1126.4,Cash,Delivered
8236,2025-10-21,441,59,16,5,16936.0,20,14256.0,Net Banking,Cancelled
8237,2025-04-07,256,49,2,2,6179.4,10,4859.4,Net Banking,Delivered
8238,2023-02-15,153,29,1,3,2996.25,15,-1734.75,Debit Card,Cancelled
8239,2024-01-28,111,50,5,1,1157.0,0,-3199.0,UPI,Delivered
8240,2024-08-13,331,19,14,5,23855.25,15,15820.25,Credit Card,Delivered
8241,2024-06-25,95,34,5,2,4970.0,0,2152.0,Debit Card,Returned
8242,2025-01-31,103,58,6,4,18488.4,30,-471.6,UPI,Cancelled
8243,2025-08-07,479,2,15,1,582.35,5,-599.65,Debit Card,Cancelled
8244,2025-08-30,315,12,2,1,3021.2,30,2668.2,UPI,Delivered
8245,2024-05-10,485,37,4,2,9871.2,10,6629.2,Cash,Delivered
8246,2023-11-13,368,63,17,2,1584.0,25,-1286.0,Debit Card,Delivered
8247,2023-02-28,387,19,8,4,20206.8,10,13778.8,Debit Card,Delivered
8248,2024-10-07,61,53,16,4,13566.0,5,10902.0,UPI,Returned
8249,2023-09-10,450,56,11,2,7028.1,5,-1677.9,UPI,Delivered
8250,2023-05-17,447,11,1,3,12369.0,0,10731.0,UPI,Cancelled
8251,2023-10-09,340,59,1,1,3175.5,25,2639.5,UPI,Delivered
8252,2023-07-29,216,46,18,1,942.65,15,-2859.35,Credit Card,Returned
8253,2024-02-22,288,22,4,4,4251.0,25,-10857.0,UPI,Delivered
8254,2023-09-21,484,41,2,3,14225.4,30,-228.6,Credit Card,Delivered
8255,2023-12-02,284,47,14,3,11264.4,10,-858.6,Cash,Delivered
8256,2025-01-18,241,32,9,2,3207.0,25,-5547.0,Credit Card,Cancelled
8257,2023-10-06,341,47,2,3,9387.0,25,-2736.0,Debit Card,Delivered
8258,2025-04-18,213,33,6,1,3426.0,0,364.0,UPI,Returned
8259,2024-09-29,237,41,10,3,15241.5,25,787.5,Debit Card,Returned
8260,2023-06-24,36,17,18,2,6575.6,15,4289.6,Net Banking,Delivered
8261,2024-03-05,458,9,8,3,3078.0,10,-6225.0,Cash,Delivered
8262,2025-04-02,3,4,11,5,9447.75,5,-9187.25,Net Banking,Delivered
8263,2023-05-03,206,22,19,5,6376.5,10,-12508.5,Net Banking,Delivered
8264,2024-09-28,178,64,16,3,2933.7,30,-8736.3,UPI,Delivered
8265,2024-02-04,345,10,11,2,12593.2,5,5689.2,Debit Card,Cancelled
8266,2024-04-16,163,37,15,3,13161.6,20,8298.6,Debit Card,Cancelled
8267,2024-02-27,184,5,9,1,2748.0,25,1490.0,Debit Card,Returned
8268,2025-11-26,321,48,15,2,4480.0,20,-880.0,UPI,Delivered
8269,2025-10-12,351,46,15,1,776.3,30,-3025.7,Debit Card,Delivered
8270,2025-11-07,160,14,18,4,12198.0,25,-7466.0,UPI,Cancelled
8271,2024-03-09,230,38,6,4,18975.6,30,13167.6,Debit Card,Delivered
8272,2025-01-03,178,35,11,3,4984.65,5,1858.65,Credit Card,Delivered
8273,2025-09-27,186,7,7,4,15803.2,15,7463.2,Cash,Delivered
8274,2024-07-14,122,25,3,3,7963.2,30,5431.2,Net Banking,Delivered
8275,2024-05-17,364,45,3,3,3750.6,30,-4616.4,UPI,Delivered
8276,2023-04-19,473,2,8,4,2206.8,10,-2521.2,UPI,Delivered
8277,2025-12-25,106,1,7,1,2751.45,15,180.45,Net Banking,Delivered
8278,2025-06-08,231,55,5,4,20116.8,10,16360.8,Credit Card,Returned
8279,2025-01-17,216,3,11,4,24008.4,10,6912.4,Credit Card,Delivered
8280,2024-04-11,460,37,4,4,17548.8,20,11064.8,Net Banking,Delivered
8281,2025-02-16,222,34,18,3,5591.25,25,1364.25,UPI,Cancelled
8282,2023-09-06,435,43,20,1,5526.15,5,702.15,UPI,Delivered
8283,2023-11-18,306,29,15,1,998.75,15,-578.25,Debit Card,Delivered
8284,2024-02-10,282,32,11,3,4810.5,25,-8320.5,Net Banking,Delivered
8285,2025-06-08,118,12,13,1,4316.0,0,3963.0,UPI,Cancelled
8286,2024-03-31,295,38,13,5,23719.5,30,16459.5,Credit Card,Returned
8287,2023-03-05,392,40,12,3,11092.5,15,-1648.5,Cash,Cancelled
8288,2023-10-06,465,22,13,2,2408.9,15,-5145.1,Debit Card,Returned
8289,2025-09-03,15,22,7,1,1062.75,25,-2714.25,Debit Card,Delivered
8290,2025-03-18,374,38,20,1,5082.75,25,3630.75,UPI,Delivered
8291,2023-05-01,50,55,13,2,10058.4,10,8180.4,Credit Card,Returned
8292,2024-05-19,229,62,8,5,20956.5,10,476.5,Net Banking,Cancelled
8293,2024-07-01,360,12,1,5,19422.0,10,17657.0,Credit Card,Delivered
8294,2025-01-02,412,23,10,5,16476.0,20,5511.0,Credit Card,Returned
8295,2023-07-05,209,63,2,2,1795.2,15,-1074.8,Cash,Cancelled
8296,2025-04-28,122,6,18,3,15153.6,20,1467.6,Debit Card,Delivered
8297,2024-12-26,170,50,11,3,2776.8,20,-10291.2,Net Banking,Delivered
8298,2025-11-04,493,15,15,4,11589.0,25,-7999.0,UPI,Delivered
8299,2024-01-31,81,36,19,4,6498.0,25,-2686.0,UPI,Delivered
8300,2023-10-22,249,55,8,3,12573.0,25,9756.0,Cash,Returned
8301,2024-04-13,25,38,14,1,5421.6,20,3969.6,Credit Card,Delivered
8302,2023-11-27,309,65,20,3,19203.0,0,10164.0,Credit Card,Cancelled
8303,2023-09-22,399,42,16,2,7185.9,15,-2708.1,Cash,Delivered
8304,2025-04-16,387,61,20,1,2705.55,15,963.55,Debit Card,Returned
8305,2024-07-20,149,62,4,1,3259.9,30,-836.1,UPI,Delivered
8306,2025-01-20,296,54,17,4,4240.8,10,-5963.2,UPI,Delivered
8307,2025-02-12,349,4,7,2,3182.4,20,-4271.6,Credit Card,Cancelled
8308,2023-02-02,125,61,11,1,3183.0,0,1441.0,Debit Card,Delivered
8309,2023-09-26,153,19,14,2,8419.5,25,5205.5,Net Banking,Returned
8310,2023-03-19,96,12,7,5,20501.0,5,18736.0,Cash,Returned
8311,2024-11-24,334,61,2,3,7161.75,25,1935.75,Net Banking,Delivered
8312,2025-12-13,341,47,18,2,5840.8,30,-2241.2,Credit Card,Delivered
8313,2025-09-13,199,57,2,4,18033.6,15,2073.6,Debit Card,Delivered
8314,2024-03-06,316,10,2,2,10604.8,20,3700.8,Debit Card,Returned
8315,2024-04-14,75,49,13,3,9784.05,5,7804.05,Cash,Delivered
8316,2025-06-21,308,17,12,2,5802.0,25,3516.0,Net Banking,Delivered
8317,2024-01-19,444,24,4,5,20578.5,15,3178.5,UPI,Delivered
8318,2023-01-25,62,21,6,1,1271.0,0,-1893.0,Credit Card,Delivered
8319,2025-06-22,10,7,1,1,3950.8,15,1865.8,Credit Card,Delivered
8320,2024-05-29,496,22,14,3,4038.45,5,-7292.55,Net Banking,Delivered
8321,2025-02-22,251,31,15,5,18360.0,25,12690.0,Debit Card,Delivered
8322,2025-01-09,326,55,19,4,22352.0,0,18596.0,Debit Card,Delivered
8323,2023-02-23,370,28,10,2,13864.0,0,8008.0,Debit Card,Delivered
8324,2024-02-03,71,42,6,1,3381.6,20,-1565.4,UPI,Cancelled
8325,2023-03-04,239,14,2,4,15450.8,5,-4213.2,Net Banking,Delivered
8326,2024-03-05,30,9,9,1,969.0,15,-2132.0,Credit Card,Delivered
8327,2024-04-11,85,60,1,4,16489.2,30,-3042.8,UPI,Delivered
8328,2024-01-30,388,48,13,5,11900.0,15,-1500.0,Debit Card,Delivered
8329,2024-11-27,457,19,17,3,13471.2,20,8650.2,UPI,Delivered
8330,2025-02-03,160,66,18,4,14049.0,25,10489.0,Net Banking,Returned
8331,2023-11-02,39,47,1,1,3337.6,20,-703.4,Cash,Cancelled
8332,2023-05-01,56,34,15,1,2485.0,0,1076.0,Cash,Delivered
8333,2025-09-05,265,17,16,2,7736.0,0,5450.0,UPI,Delivered
8334,2024-07-25,313,36,12,1,1732.8,20,-563.2,Debit Card,Delivered
8335,2024-10-24,71,43,10,2,9307.2,20,-340.8,Net Banking,Delivered
8336,2024-04-25,432,59,9,1,4022.3,5,3486.3,Credit Card,Delivered
8337,2025-11-22,416,29,5,3,2467.5,30,-2263.5,Cash,Delivered
8338,2025-01-08,90,49,6,1,2918.05,15,2258.05,Cash,Cancelled
8339,2023-12-09,27,17,2,1,3674.6,5,2531.6,Credit Card,Delivered
8340,2023-04-27,436,53,6,5,14280.0,20,10950.0,Cash,Delivered
8341,2023-05-18,326,24,10,5,21789.0,10,4389.0,Cash,Delivered
8342,2024-07-26,414,10,12,1,6296.6,5,2844.6,UPI,Delivered
8343,2025-06-27,268,31,12,1,4896.0,0,3762.0,Net Banking,Returned
8344,2025-10-07,164,28,15,5,29461.0,15,14821.0,Debit Card,Cancelled
8345,2024-11-28,120,16,16,4,10515.6,10,-3968.4,Net Banking,Delivered
8346,2024-11-24,32,38,13,1,5421.6,20,3969.6,Net Banking,Delivered
8347,2023-03-30,342,46,14,3,2994.3,10,-8411.7,Debit Card,Cancelled
8348,2024-05-23,335,9,13,4,4332.0,5,-8072.0,Cash,Delivered
8349,2025-03-16,245,33,15,5,15417.0,10,107.0,Credit Card,Delivered
8350,2025-05-29,494,51,6,2,6931.2,20,1447.2,Debit Card,Delivered
8351,2024-08-12,118,64,12,5,6985.0,0,-12465.0,Credit Card,Delivered
8352,2024-04-07,119,19,17,3,11787.3,30,6966.3,Net Banking,Delivered
8353,2024-06-14,448,36,17,3,6498.0,0,-390.0,Cash,Delivered
8354,2025-03-01,42,47,18,1,3546.2,15,-494.8,Debit Card,Returned
8355,2024-02-17,305,35,7,2,3148.2,10,1064.2,Net Banking,Delivered
8356,2025-02-12,127,23,19,1,3501.15,15,1308.15,Cash,Delivered
8357,2025-05-09,401,58,17,1,5612.55,15,872.55,Net Banking,Cancelled
8358,2024-10-06,145,32,7,3,5131.2,20,-7999.8,Cash,Delivered
8359,2023-06-26,179,48,1,5,14000.0,0,600.0,UPI,Delivered
8360,2023-11-06,460,59,10,4,14395.6,15,12251.6,Cash,Delivered
8361,2025-07-05,263,36,14,1,1732.8,20,-563.2,Net Banking,Delivered
8362,2024-10-11,218,35,18,5,7433.25,15,2223.25,Credit Card,Delivered
8363,2023-05-29,49,64,13,4,5588.0,0,-9972.0,Credit Card,Delivered
8364,2023-08-13,46,33,11,5,16273.5,5,963.5,Cash,Returned
8365,2025-12-04,71,30,16,3,15489.9,10,2346.9,Credit Card,Delivered
8366,2023-01-30,226,65,20,2,10881.7,15,4855.7,Debit Card,Delivered
8367,2023-03-22,48,50,7,1,1041.3,10,-3314.7,Cash,Returned
8368,2025-03-07,345,63,17,5,5016.0,5,-2159.0,Debit Card,Delivered
8369,2025-07-04,409,6,17,5,22099.0,30,-711.0,Debit Card,Delivered
8370,2025-06-03,372,16,17,5,13874.75,5,-4230.25,Net Banking,Delivered
8371,2024-03-27,424,53,8,1,2499.0,30,1833.0,Credit Card,Delivered
8372,2025-10-13,225,10,9,2,11930.4,10,5026.4,UPI,Delivered
8373,2025-09-17,169,21,3,3,3241.05,15,-6250.95,Credit Card,Delivered
8374,2024-05-25,485,62,11,2,6519.8,30,-1672.2,UPI,Delivered
8375,2024-11-30,149,43,17,5,20359.5,30,-3760.5,Cash,Returned
8376,2024-12-15,227,30,10,5,20079.5,30,-1825.5,Net Banking,Delivered
8377,2023-10-18,409,52,15,3,2445.3,5,-9260.7,Debit Card,Delivered
8378,2025-03-06,25,49,11,3,7209.3,30,5229.3,Cash,Delivered
8379,2023-01-02,453,55,2,1,4470.4,20,3531.4,Debit Card,Delivered
8380,2025-04-14,241,26,19,5,31630.25,5,17925.25,Net Banking,Delivered
8381,2024-02-19,316,57,1,2,10608.0,0,2628.0,Debit Card,Delivered
8382,2025-04-10,342,12,12,2,6042.4,30,5336.4,Debit Card,Returned
8383,2025-11-21,101,34,8,2,4721.5,5,1903.5,Debit Card,Delivered
8384,2025-06-27,157,22,8,5,6376.5,10,-12508.5,Cash,Delivered
8385,2023-03-31,122,15,18,4,10816.4,30,-8771.6,Cash,Delivered
8386,2024-07-11,188,60,16,1,5005.65,15,122.65,Cash,Delivered
8387,2024-05-05,77,48,5,3,5880.0,30,-2160.0,Credit Card,Delivered
8388,2024-07-22,331,31,7,1,4896.0,0,3762.0,Net Banking,Delivered
8389,2024-08-04,62,41,18,4,24386.4,10,5114.4,Credit Card,Delivered
8390,2023-06-18,413,58,1,5,28062.75,15,4362.75,Cash,Delivered
8391,2025-07-27,430,16,9,5,10953.75,25,-7151.25,Cash,Delivered
8392,2025-09-05,217,37,18,1,4935.6,10,3314.6,Cash,Delivered
8393,2024-10-27,135,44,10,1,4266.0,25,1419.0,Debit Card,Delivered
8394,2025-05-28,190,1,2,5,13757.25,15,902.25,UPI,Cancelled
8395,2025-10-19,234,33,12,2,6166.8,10,42.8,Debit Card,Delivered
8396,2025-09-28,75,54,17,3,3357.3,5,-4295.7,Net Banking,Delivered
8397,2023-05-11,201,9,16,2,1710.0,25,-4492.0,Debit Card,Delivered
8398,2025-10-22,191,41,2,5,27096.0,20,3006.0,Cash,Delivered
8399,2024-06-12,396,37,3,4,20839.2,5,14355.2,Net Banking,Delivered
8400,2023-11-26,286,5,16,1,2748.0,25,1490.0,Credit Card,Delivered
8401,2025-12-09,193,3,3,2,10670.4,20,2122.4,Credit Card,Delivered
8402,2023-02-18,101,36,6,3,5198.4,20,-1689.6,UPI,Delivered
8403,2023-10-11,499,65,3,1,6080.95,5,3067.95,UPI,Delivered
8404,2024-06-13,275,49,16,3,8239.2,20,6259.2,Debit Card,Delivered
8405,2025-09-16,16,8,16,4,16861.6,30,-2246.4,UPI,Delivered
8406,2025-08-09,61,58,18,3,19809.0,0,5589.0,Cash,Delivered
8407,2024-10-08,369,15,11,1,3476.7,10,-1420.3,Cash,Cancelled
8408,2024-04-17,297,32,8,5,7483.0,30,-14402.0,Net Banking,Delivered
8409,2024-09-27,89,25,13,1,3223.2,15,2379.2,Debit Card,Delivered
8410,2025-07-10,169,7,7,4,15803.2,15,7463.2,Cash,Delivered
8411,2025-06-05,318,46,18,4,3327.0,25,-11881.0,Cash,Delivered
8412,2025-03-18,86,19,5,3,14313.15,15,9492.15,UPI,Cancelled
8413,2023-01-18,407,38,6,3,19314.45,5,14958.45,Net Banking,Returned
8414,2023-10-14,400,10,4,3,13918.8,30,3562.8,Net Banking,Delivered
8415,2024-10-18,63,32,17,3,5772.6,10,-7358.4,Credit Card,Delivered
8416,2023-05-08,257,26,13,4,23972.4,10,13008.4,Debit Card,Cancelled
8417,2025-11-29,416,65,4,5,25604.0,20,10539.0,Cash,Cancelled
8418,2025-10-23,268,63,9,2,1689.6,20,-1180.4,Cash,Delivered
8419,2024-09-04,71,28,4,4,24955.2,10,13243.2,Debit Card,Delivered
8420,2025-06-01,207,3,1,2,13338.0,0,4790.0,UPI,Returned
8421,2023-03-25,460,7,11,5,20916.0,10,10491.0,Cash,Cancelled
8422,2025-08-15,88,9,11,2,1824.0,20,-4378.0,Credit Card,Returned
8423,2024-07-18,6,37,19,5,23307.0,15,15202.0,UPI,Delivered
8424,2025-09-07,352,53,6,4,9996.0,30,7332.0,Credit Card,Delivered
8425,2025-06-03,421,26,12,4,18645.2,30,7681.2,Credit Card,Cancelled
8426,2023-11-29,12,49,2,1,3261.35,5,2601.35,UPI,Delivered
8427,2024-02-02,408,10,1,2,13256.0,0,6352.0,UPI,Cancelled
8428,2024-05-04,275,53,17,2,5712.0,20,4380.0,Credit Card,Delivered
8429,2023-08-18,102,17,19,1,3868.0,0,2725.0,Net Banking,Delivered
8430,2024-12-25,418,45,18,1,1518.1,15,-1270.9,Debit Card,Cancelled
8431,2024-12-03,164,24,6,5,21789.0,10,4389.0,Net Banking,Delivered
8432,2023-10-01,311,16,14,3,7886.7,10,-2976.3,Debit Card,Delivered
8433,2025-03-15,48,58,12,2,10564.8,20,1084.8,UPI,Delivered
8434,2024-01-30,325,3,1,1,6002.1,10,1728.1,Cash,Cancelled
8435,2024-12-10,42,64,9,4,5029.2,10,-10530.8,Cash,Returned
8436,2024-10-11,18,24,6,5,22999.5,5,5599.5,UPI,Delivered
8437,2024-02-14,192,26,5,5,26636.0,20,12931.0,Net Banking,Delivered
8438,2024-05-09,404,12,16,1,3237.0,25,2884.0,Debit Card,Delivered
8439,2025-06-03,308,33,2,4,11648.4,15,-599.6,Credit Card,Returned
8440,2024-12-28,97,57,20,2,7425.6,30,-554.4,Net Banking,Delivered
8441,2025-08-08,415,8,11,3,18066.0,0,3735.0,Net Banking,Delivered
8442,2025-03-03,358,31,5,3,11016.0,25,7614.0,UPI,Returned
8443,2023-08-16,294,48,15,1,2240.0,20,-440.0,Cash,Delivered
8444,2025-05-19,468,22,9,3,2975.7,30,-8355.3,Net Banking,Delivered
8445,2023-12-11,493,27,6,4,8041.0,15,-3883.0,Net Banking,Delivered
8446,2024-08-04,252,46,2,4,3105.2,30,-12102.8,Credit Card,Delivered
8447,2025-01-11,182,4,15,5,6961.5,30,-11673.5,UPI,Delivered
8448,2024-01-27,379,58,10,5,28062.75,15,4362.75,Cash,Delivered
8449,2023-04-10,337,51,18,5,16245.0,25,2535.0,UPI,Delivered
8450,2025-10-09,355,48,2,2,4200.0,25,-1160.0,UPI,Cancelled
8451,2024-10-02,216,36,4,1,1624.5,25,-671.5,Credit Card,Delivered
8452,2025-07-19,373,27,14,2,3784.0,20,-2178.0,Credit Card,Delivered
8453,2025-01-18,339,22,17,2,2834.0,0,-4720.0,UPI,Cancelled
8454,2024-07-15,460,40,16,1,3262.5,25,-984.5,Debit Card,Returned
8455,2024-09-16,425,61,4,4,12095.4,5,5127.4,Debit Card,Delivered
8456,2023-03-15,9,11,10,2,7833.7,5,6741.7,UPI,Delivered
8457,2025-04-15,97,35,12,3,4459.95,15,1333.95,Credit Card,Returned
8458,2024-03-10,417,35,19,2,2798.4,20,714.4,Debit Card,Delivered
8459,2024-08-12,445,27,16,5,11233.75,5,-3671.25,Credit Card,Returned
8460,2023-09-20,318,46,16,2,1885.3,15,-5718.7,Debit Card,Delivered
8461,2024-07-20,448,64,4,5,6985.0,0,-12465.0,UPI,Delivered
8462,2025-10-09,6,53,4,1,2677.5,25,2011.5,Debit Card,Delivered
8463,2025-12-15,2,6,20,5,22099.0,30,-711.0,Debit Card,Delivered
8464,2023-05-06,106,37,9,3,15629.4,5,10766.4,Credit Card,Delivered
8465,2024-01-24,165,48,17,5,12600.0,10,-800.0,Debit Card,Delivered
8466,2025-01-25,422,44,6,4,20476.8,10,9088.8,UPI,Returned
8467,2024-05-20,76,37,19,5,26049.0,5,17944.0,Credit Card,Cancelled
8468,2025-08-11,289,19,12,1,3929.1,30,2322.1,UPI,Delivered
8469,2023-01-09,242,28,11,3,18716.4,10,9932.4,Debit Card,Delivered
8470,2023-01-25,160,30,10,1,5737.0,0,1356.0,Cash,Delivered
8471,2023-12-23,64,45,4,1,1339.5,25,-1449.5,Credit Card,Returned
8472,2024-05-09,11,44,3,3,12798.0,25,4257.0,Credit Card,Delivered
8473,2024-03-27,14,32,13,4,6414.0,25,-11094.0,Cash,Delivered
8474,2024-06-10,188,38,6,3,18297.9,10,13941.9,Cash,Delivered
8475,2023-09-18,207,34,4,1,2112.25,15,703.25,Cash,Delivered
8476,2024-11-22,307,26,14,4,25304.2,5,14340.2,Debit Card,Delivered
8477,2024-08-13,131,42,16,5,21135.0,0,-3600.0,Cash,Delivered
8478,2025-04-12,282,52,8,2,1458.6,15,-6345.4,Cash,Delivered
8479,2024-05-20,456,61,8,3,7161.75,25,1935.75,Net Banking,Delivered
8480,2023-09-19,192,29,8,5,4406.25,25,-3478.75,Net Banking,Delivered
8481,2023-04-15,277,7,8,2,7901.6,15,3731.6,Credit Card,Delivered
8482,2023-07-21,88,17,1,3,11604.0,0,8175.0,Credit Card,Delivered
8483,2024-05-26,52,3,1,2,10003.5,25,1455.5,Net Banking,Delivered
8484,2025-08-25,334,16,20,4,11099.8,5,-3384.2,Net Banking,Returned
8485,2024-11-07,461,36,16,5,8664.0,20,-2816.0,Net Banking,Delivered
8486,2025-07-03,496,56,10,3,7767.9,30,-5291.1,Cash,Delivered
8487,2023-05-24,141,10,15,2,9942.0,25,3038.0,Credit Card,Cancelled
8488,2023-03-30,113,2,15,5,2145.5,30,-3764.5,Credit Card,Delivered
8489,2023-08-13,289,44,1,1,4266.0,25,1419.0,Credit Card,Delivered
8490,2024-05-11,110,28,17,3,16636.8,20,7852.8,Net Banking,Returned
8491,2025-08-04,185,5,15,3,9892.8,10,6118.8,UPI,Delivered
8492,2023-07-03,49,18,13,2,6420.0,0,5680.0,Cash,Returned
8493,2023-03-10,30,35,14,2,3323.1,5,1239.1,Cash,Returned
8494,2023-07-01,165,16,14,3,7010.4,20,-3852.6,UPI,Delivered
8495,2024-05-29,413,12,15,3,9063.6,30,8004.6,Credit Card,Delivered
8496,2025-03-14,450,42,11,3,12046.95,5,-2794.05,Debit Card,Delivered
8497,2023-11-25,244,7,1,3,13246.8,5,6991.8,Net Banking,Delivered
8498,2024-06-01,404,32,4,5,10690.0,0,-11195.0,Credit Card,Delivered
8499,2023-04-26,60,11,4,1,3092.25,25,2546.25,Cash,Returned
8500,2025-06-23,472,3,6,2,12671.1,5,4123.1,Cash,Returned
8501,2024-10-15,290,24,2,5,22999.5,5,5599.5,Credit Card,Delivered
8502,2025-11-04,94,60,16,5,29445.0,0,5030.0,Cash,Cancelled
8503,2025-09-14,333,45,10,3,4018.5,25,-4348.5,UPI,Delivered
8504,2024-01-21,25,16,1,5,13874.75,5,-4230.25,Net Banking,Delivered
8505,2023-01-30,492,42,20,2,8454.0,0,-1440.0,UPI,Cancelled
8506,2025-05-16,310,3,9,1,6669.0,0,2395.0,Credit Card,Returned
8507,2025-11-19,65,63,5,2,1900.8,10,-969.2,Cash,Returned
8508,2024-11-08,446,55,5,4,18999.2,15,15243.2,Debit Card,Delivered
8509,2025-04-26,249,64,12,3,3352.8,20,-8317.2,UPI,Delivered
8510,2024-09-24,57,53,13,2,5712.0,20,4380.0,Cash,Returned
8511,2024-08-15,101,48,3,1,2660.0,5,-20.0,Debit Card,Delivered
8512,2024-01-12,397,32,7,2,4062.2,5,-4691.8,Debit Card,Delivered
8513,2025-04-26,422,48,19,3,6300.0,25,-1740.0,Net Banking,Delivered
8514,2024-08-30,479,35,15,1,1574.1,10,532.1,Cash,Returned
8515,2023-09-05,383,21,12,2,2287.8,10,-4040.2,Cash,Delivered
8516,2024-10-04,495,60,6,4,22378.2,5,2846.2,UPI,Cancelled
8517,2025-10-20,143,48,4,3,8400.0,0,360.0,Cash,Cancelled
8518,2025-01-09,292,46,18,4,3992.4,10,-11215.6,Net Banking,Delivered
8519,2025-04-23,257,48,13,3,5880.0,30,-2160.0,UPI,Delivered
8520,2024-03-24,251,18,16,2,4815.0,25,4075.0,Cash,Returned
8521,2024-01-09,313,10,3,3,18889.8,5,8533.8,Net Banking,Delivered
8522,2024-06-08,178,23,16,3,9885.6,20,3306.6,Credit Card,Delivered
8523,2023-11-24,392,41,5,1,5419.2,20,601.2,Credit Card,Delivered
8524,2024-06-27,208,39,5,3,6003.0,0,3552.0,Debit Card,Delivered
8525,2025-01-24,55,26,14,4,21308.8,20,10344.8,Credit Card,Delivered
8526,2025-09-19,11,56,8,2,7028.1,5,-1677.9,Cash,Delivered
8527,2023-05-24,373,29,13,1,1057.5,10,-519.5,Debit Card,Delivered
8528,2024-03-14,306,8,15,4,21679.2,10,2571.2,UPI,Delivered
8529,2025-08-24,260,35,5,5,6121.5,30,911.5,UPI,Cancelled
8530,2025-09-23,382,14,19,1,3862.7,5,-1053.3,Credit Card,Delivered
8531,2023-10-20,464,60,15,5,23556.0,20,-859.0,UPI,Delivered
8532,2024-02-15,454,16,16,5,10223.5,30,-7881.5,Debit Card,Returned
8533,2024-01-25,480,59,8,2,7621.2,10,6549.2,Net Banking,Delivered
8534,2025-01-26,267,16,16,2,4673.6,20,-2568.4,UPI,Delivered
8535,2025-03-18,131,10,12,3,15907.2,20,5551.2,Credit Card,Cancelled
8536,2025-08-01,93,5,18,3,10992.0,0,7218.0,Cash,Returned
8537,2024-11-03,240,5,2,5,12824.0,30,6534.0,Credit Card,Cancelled
8538,2025-08-16,119,39,19,1,1600.8,20,783.8,Net Banking,Delivered
8539,2025-10-18,404,26,6,3,13983.9,30,5760.9,Cash,Delivered
8540,2023-04-14,289,66,19,5,23415.0,0,18965.0,Cash,Cancelled
8541,2024-09-13,9,27,17,2,4257.0,10,-1705.0,Cash,Delivered
8542,2024-09-24,85,1,12,4,11005.8,15,721.8,Net Banking,Delivered
8543,2023-01-10,184,41,15,4,20322.0,25,1050.0,Net Banking,Returned
8544,2025-11-26,156,4,15,3,5668.65,5,-5512.35,Cash,Cancelled
8545,2024-12-30,381,39,9,2,3001.5,25,1367.5,UPI,Cancelled
8546,2024-01-06,238,12,9,3,11653.2,10,10594.2,Debit Card,Returned
8547,2025-09-03,387,48,6,4,10640.0,5,-80.0,Credit Card,Delivered
8548,2023-10-27,113,8,16,4,19270.4,20,162.4,Credit Card,Delivered
8549,2023-11-22,237,4,10,3,5071.95,15,-6109.05,Cash,Delivered
8550,2025-04-25,452,17,17,3,8703.0,25,5274.0,Net Banking,Returned
8551,2023-12-06,423,54,9,5,4417.5,25,-8337.5,Cash,Delivered
8552,2023-12-29,493,65,12,3,16322.55,15,7283.55,Credit Card,Returned
8553,2024-05-29,475,60,6,2,10600.2,10,834.2,Cash,Delivered
8554,2023-04-05,366,8,7,4,24088.0,0,4980.0,Debit Card,Delivered
8555,2025-03-02,229,11,5,3,9895.2,20,8257.2,UPI,Cancelled
8556,2025-11-17,138,64,4,1,1187.45,15,-2702.55,Cash,Delivered
8557,2025-03-01,492,42,18,5,14794.5,30,-9940.5,Net Banking,Returned
8558,2023-12-13,94,27,3,5,10051.25,15,-4853.75,Debit Card,Delivered
8559,2023-02-08,291,44,14,5,25596.0,10,11361.0,Credit Card,Returned
8560,2023-06-20,68,53,15,5,16065.0,10,12735.0,Net Banking,Delivered
8561,2024-10-25,258,29,17,5,4406.25,25,-3478.75,Cash,Delivered
8562,2024-09-05,216,41,7,2,10161.0,25,525.0,Debit Card,Delivered
8563,2024-04-11,439,21,12,5,5084.0,20,-10736.0,Credit Card,Delivered
8564,2023-02-26,459,28,11,5,32927.0,5,18287.0,UPI,Delivered
8565,2024-01-26,247,3,20,5,25008.75,25,3638.75,Debit Card,Delivered
8566,2023-05-20,436,49,10,4,10985.6,20,8345.6,Credit Card,Returned
8567,2025-10-08,381,31,1,2,8323.2,15,6055.2,Net Banking,Delivered
8568,2023-01-05,195,19,6,5,22452.0,20,14417.0,UPI,Returned
8569,2023-02-26,4,17,9,2,7349.2,5,5063.2,UPI,Delivered
8570,2025-10-23,417,8,15,2,12044.0,0,2490.0,Debit Card,Delivered
8571,2023-11-10,113,27,10,1,2365.0,0,-616.0,Credit Card,Cancelled
8572,2023-11-08,46,8,12,1,5419.8,10,642.8,Credit Card,Delivered
8573,2025-03-19,426,47,7,2,7926.8,5,-155.2,Credit Card,Returned
8574,2023-01-10,148,1,6,1,2913.3,10,342.3,Net Banking,Cancelled
8575,2023-12-10,335,22,11,2,2834.0,0,-4720.0,Cash,Delivered
8576,2023-09-08,336,1,18,2,6150.3,5,1008.3,Net Banking,Cancelled
8577,2024-01-19,260,9,5,4,3876.0,15,-8528.0,UPI,Delivered
8578,2024-12-13,98,56,10,2,5918.4,20,-2787.6,Net Banking,Delivered
8579,2025-07-23,279,10,8,2,13256.0,0,6352.0,Cash,Returned
8580,2023-01-29,401,35,16,3,4459.95,15,1333.95,UPI,Returned
8581,2023-08-04,57,10,9,1,4971.0,25,1519.0,Net Banking,Returned
8582,2025-02-09,417,24,14,1,4115.7,15,635.7,Debit Card,Delivered
8583,2024-09-24,151,54,20,2,2120.4,10,-2981.6,Net Banking,Delivered
8584,2025-11-11,487,17,15,3,11023.8,5,7594.8,Cash,Delivered
8585,2024-10-02,233,14,4,3,12198.0,0,-2550.0,Debit Card,Returned
8586,2025-06-10,351,59,5,4,15242.4,10,13098.4,Net Banking,Delivered
8587,2023-04-30,118,46,10,1,942.65,15,-2859.35,Net Banking,Delivered
8588,2025-09-15,312,6,12,1,5998.3,5,1436.3,Credit Card,Cancelled
8589,2024-06-05,416,53,4,2,7140.0,0,5808.0,UPI,Delivered
8590,2025-11-30,376,24,1,5,22999.5,5,5599.5,UPI,Cancelled
8591,2023-08-22,65,15,5,2,6953.4,10,-2840.6,Credit Card,Delivered
8592,2025-02-18,44,15,13,2,7726.0,0,-2068.0,UPI,Delivered
8593,2024-03-15,115,42,15,3,8876.7,30,-5964.3,Credit Card,Delivered
8594,2024-04-23,191,9,9,1,912.0,20,-2189.0,Credit Card,Returned
8595,2025-07-12,199,7,11,3,13246.8,5,6991.8,Cash,Delivered
8596,2023-03-29,328,30,13,3,16350.45,5,3207.45,Credit Card,Delivered
8597,2023-07-22,492,13,5,2,6228.0,0,4554.0,Cash,Delivered
8598,2024-08-17,319,31,1,5,22032.0,10,16362.0,Credit Card,Cancelled
8599,2025-03-02,191,37,13,2,10419.6,5,7177.6,Cash,Returned
8600,2023-06-20,311,19,16,1,5613.0,0,4006.0,Cash,Delivered
8601,2023-08-20,389,13,9,5,15570.0,0,11385.0,Cash,Delivered
8602,2023-10-05,401,39,1,5,8504.25,15,4419.25,Net Banking,Delivered
8603,2023-07-16,26,15,20,2,6953.4,10,-2840.6,Debit Card,Delivered
8604,2024-06-09,60,8,14,5,25593.5,15,1708.5,Credit Card,Delivered
8605,2023-02-02,296,26,1,4,25304.2,5,14340.2,Credit Card,Delivered
8606,2024-09-04,371,3,9,1,5335.2,20,1061.2,UPI,Delivered
8607,2023-02-17,72,51,10,3,12346.2,5,4120.2,Debit Card,Returned
8608,2024-02-09,486,20,14,1,5579.1,10,1610.1,UPI,Cancelled
8609,2023-06-02,24,2,14,5,2758.5,10,-3151.5,UPI,Returned
8610,2025-07-05,451,50,11,3,3471.0,0,-9597.0,Debit Card,Delivered
8611,2024-06-15,180,37,11,1,4387.2,20,2766.2,Net Banking,Delivered
8612,2024-08-19,20,25,16,2,6067.2,20,4379.2,Cash,Delivered
8613,2024-04-21,412,62,8,4,18628.0,0,2244.0,Cash,Cancelled
8614,2025-07-14,118,24,5,3,12347.1,15,1907.1,Net Banking,Delivered
8615,2023-01-15,334,54,12,1,883.5,25,-1667.5,Net Banking,Returned
8616,2025-07-09,157,49,9,2,6866.0,0,5546.0,Cash,Delivered
8617,2023-03-24,214,1,2,3,6797.7,30,-915.3,Debit Card,Cancelled
8618,2024-11-02,295,54,19,2,2120.4,10,-2981.6,UPI,Delivered
8619,2025-06-23,366,32,20,4,8124.4,5,-9383.6,Credit Card,Delivered
8620,2024-05-11,44,64,16,5,5937.25,15,-13512.75,Credit Card,Cancelled
8621,2023-02-22,237,13,10,2,4982.4,20,3308.4,UPI,Returned
8622,2023-09-25,425,4,7,5,9447.75,5,-9187.25,UPI,Delivered
8623,2023-11-19,498,13,20,1,3114.0,0,2277.0,UPI,Delivered
8624,2025-05-24,131,26,6,3,19977.0,0,11754.0,Credit Card,Delivered
8625,2023-05-30,90,56,8,5,18495.0,0,-3270.0,Net Banking,Cancelled
8626,2023-03-02,186,57,4,1,4773.6,10,783.6,Credit Card,Delivered
8627,2024-10-06,333,63,1,1,897.6,15,-537.4,UPI,Delivered
8628,2024-07-13,99,27,15,4,7095.0,25,-4829.0,Cash,Delivered
8629,2023-04-11,134,60,9,1,5005.65,15,122.65,Cash,Delivered
8630,2025-06-19,90,5,15,5,16488.0,10,10198.0,Net Banking,Delivered
8631,2025-04-10,337,54,1,5,4712.0,20,-8043.0,Credit Card,Returned
8632,2024-06-05,111,64,19,1,1327.15,5,-2562.85,UPI,Delivered
8633,2024-09-22,181,28,16,5,34660.0,0,20020.0,Debit Card,Cancelled
8634,2025-12-03,398,60,6,1,5594.55,5,711.55,UPI,Cancelled
8635,2023-07-24,66,43,6,1,5817.0,0,993.0,Debit Card,Delivered
8636,2025-04-03,22,30,10,4,19505.8,15,1981.8,Cash,Delivered
8637,2024-11-23,400,50,13,4,4628.0,0,-12796.0,Credit Card,Delivered
8638,2023-03-01,22,23,11,5,17505.75,15,6540.75,UPI,Delivered
8639,2023-11-10,225,60,9,1,4711.2,20,-171.8,UPI,Delivered
8640,2024-11-09,138,20,16,4,22316.4,10,6440.4,UPI,Delivered
8641,2023-03-24,496,62,11,4,13039.6,30,-3344.4,Credit Card,Delivered
8642,2023-01-09,118,26,8,2,10654.4,20,5172.4,Debit Card,Returned
8643,2024-09-17,328,37,13,3,15629.4,5,10766.4,Cash,Cancelled
8644,2025-07-31,423,6,19,2,10733.8,15,1609.8,Credit Card,Delivered
8645,2023-11-01,127,60,4,2,8833.5,25,-932.5,UPI,Cancelled
8646,2024-01-09,307,27,15,3,5321.25,25,-3621.75,Net Banking,Delivered
8647,2025-08-29,227,50,8,5,4628.0,20,-17152.0,Credit Card,Delivered
8648,2023-12-24,473,27,3,5,10051.25,15,-4853.75,Cash,Delivered
8649,2024-01-25,24,50,14,5,4628.0,20,-17152.0,Credit Card,Returned
8650,2025-08-25,47,57,9,3,11934.0,25,-36.0,UPI,Delivered
8651,2024-05-12,148,5,20,3,10992.0,0,7218.0,Net Banking,Cancelled
8652,2025-05-17,174,21,14,4,3813.0,25,-8843.0,Credit Card,Returned
8653,2025-12-18,486,37,15,5,19194.0,30,11089.0,Debit Card,Delivered
8654,2024-08-08,361,44,12,3,13651.2,20,5110.2,Debit Card,Delivered
8655,2024-04-21,23,29,16,4,4465.0,5,-1843.0,Debit Card,Returned
8656,2024-12-11,325,11,13,4,11544.4,30,9360.4,Credit Card,Returned
8657,2023-06-08,316,61,12,2,5092.8,20,1608.8,Net Banking,Returned
8658,2025-07-18,384,58,19,5,28062.75,15,4362.75,Cash,Delivered
8659,2024-05-24,53,65,4,2,10881.7,15,4855.7,Debit Card,Delivered
8660,2024-09-30,350,45,13,2,2500.4,30,-3077.6,UPI,Delivered
8661,2023-08-02,422,44,16,2,11376.0,0,5682.0,Cash,Delivered
8662,2024-07-07,143,29,16,2,2232.5,5,-921.5,UPI,Delivered
8663,2023-09-30,326,34,18,3,5591.25,25,1364.25,UPI,Delivered
8664,2024-02-06,399,51,3,4,12996.0,25,2028.0,Debit Card,Returned
8665,2025-05-01,1,19,8,3,15997.05,5,11176.05,Credit Card,Delivered
8666,2025-12-17,96,1,19,2,4531.8,30,-610.2,Net Banking,Delivered
8667,2024-02-04,287,31,15,2,9302.4,5,7034.4,Debit Card,Delivered
8668,2024-07-19,369,34,13,1,2236.5,10,827.5,Debit Card,Delivered
8669,2023-08-29,43,66,13,3,9834.3,30,7164.3,Debit Card,Delivered
8670,2024-08-17,459,52,8,3,1801.8,30,-9904.2,Credit Card,Delivered
8671,2025-08-14,181,15,12,1,3863.0,0,-1034.0,Debit Card,Delivered
8672,2024-08-23,360,10,16,5,29826.0,10,12566.0,Net Banking,Delivered
8673,2024-08-14,210,6,9,4,18942.0,25,694.0,Credit Card,Delivered
8674,2024-09-04,359,48,17,5,11200.0,20,-2200.0,Credit Card,Returned
8675,2024-05-01,137,30,11,3,14629.35,15,1486.35,Net Banking,Delivered
8676,2023-11-27,355,31,19,3,14688.0,0,11286.0,Net Banking,Delivered
8677,2024-07-13,135,33,8,1,2912.1,15,-149.9,Cash,Returned
8678,2024-05-30,442,1,12,5,15375.75,5,2520.75,Cash,Delivered
8679,2025-10-23,79,13,16,2,4982.4,20,3308.4,Cash,Delivered
8680,2024-02-23,474,46,15,3,2827.95,15,-8578.05,Debit Card,Delivered
8681,2025-12-17,198,43,5,5,23268.0,20,-852.0,Cash,Delivered
8682,2023-08-31,309,52,7,5,3003.0,30,-16507.0,Debit Card,Delivered
8683,2025-08-09,330,17,12,1,3868.0,0,2725.0,Debit Card,Delivered
8684,2023-06-04,95,18,7,3,8667.0,10,7557.0,Net Banking,Delivered
8685,2023-12-30,333,35,13,3,4459.95,15,1333.95,Credit Card,Delivered
8686,2023-12-18,19,53,14,3,9103.5,15,7105.5,Debit Card,Delivered
8687,2023-02-22,318,2,1,2,1226.0,0,-1138.0,Net Banking,Delivered
8688,2025-04-08,424,54,12,2,2120.4,10,-2981.6,Debit Card,Delivered
8689,2025-02-25,448,51,15,4,13862.4,20,2894.4,Credit Card,Delivered
8690,2023-04-08,82,2,10,2,919.5,25,-1444.5,UPI,Delivered
8691,2025-05-21,366,55,2,4,22352.0,0,18596.0,Cash,Returned
8692,2023-08-22,186,51,9,5,18411.0,15,4701.0,UPI,Delivered
8693,2025-04-26,47,64,5,5,5238.75,25,-14211.25,Credit Card,Returned
8694,2023-07-29,76,31,2,4,17625.6,10,13089.6,Credit Card,Delivered
8695,2023-03-17,303,20,11,5,26345.75,15,6500.75,Cash,Delivered
8696,2023-06-08,402,32,16,1,1817.3,15,-2559.7,Debit Card,Delivered
8697,2023-01-19,41,29,12,1,1057.5,10,-519.5,UPI,Delivered
8698,2023-01-05,301,35,13,2,3148.2,10,1064.2,Credit Card,Returned
8699,2025-04-30,103,46,1,2,2218.0,0,-5386.0,UPI,Delivered
8700,2023-04-18,45,7,16,3,9760.8,30,3505.8,Credit Card,Delivered
8701,2025-05-01,450,49,3,2,5492.8,20,4172.8,Net Banking,Delivered
8702,2023-12-20,475,33,10,2,6852.0,0,728.0,UPI,Cancelled
8703,2024-06-25,400,41,11,4,27096.0,0,7824.0,Net Banking,Cancelled
8704,2025-01-31,203,55,2,3,15925.8,5,13108.8,UPI,Delivered
8705,2025-02-18,418,22,19,5,6022.25,15,-12862.75,Net Banking,Cancelled
8706,2024-06-19,418,48,12,4,8960.0,20,-1760.0,Credit Card,Delivered
8707,2023-05-19,395,65,17,1,4800.75,25,1787.75,Debit Card,Delivered
8708,2024-07-06,383,28,2,3,14557.2,30,5773.2,Credit Card,Delivered
8709,2025-09-01,192,18,20,4,12840.0,0,11360.0,Credit Card,Delivered
8710,2025-12-28,408,54,16,2,2238.2,5,-2863.8,Cash,Delivered
8711,2025-01-24,50,66,2,3,11239.2,20,8569.2,Credit Card,Cancelled
8712,2024-07-13,209,25,10,3,8532.0,25,6000.0,Cash,Delivered
8713,2025-06-13,273,29,11,4,3525.0,25,-2783.0,Credit Card,Delivered
8714,2023-12-16,446,5,2,5,14656.0,20,8366.0,Net Banking,Delivered
8715,2024-10-05,327,27,13,1,2128.5,10,-852.5,Cash,Delivered
8716,2025-12-30,339,42,19,5,17964.75,15,-6770.25,Credit Card,Delivered
8717,2023-02-02,219,58,8,4,22450.2,15,3490.2,Cash,Delivered
8718,2025-01-25,131,3,14,1,6669.0,0,2395.0,Net Banking,Delivered
8719,2023-07-31,382,41,5,5,30483.0,10,6393.0,Debit Card,Delivered
8720,2024-04-15,463,11,3,3,8658.3,30,7020.3,Net Banking,Delivered
8721,2025-06-07,386,52,1,2,1544.4,10,-6259.6,UPI,Delivered
8722,2025-04-19,226,1,6,5,14566.5,10,1711.5,Net Banking,Returned
8723,2023-01-31,54,62,1,4,15833.8,15,-550.2,Net Banking,Delivered
8724,2024-09-21,311,44,11,2,10238.4,10,4544.4,Cash,Delivered
8725,2024-10-30,490,24,15,1,4115.7,15,635.7,UPI,Delivered
8726,2023-07-01,107,45,19,1,1786.0,0,-1003.0,Net Banking,Delivered
8727,2023-12-05,103,2,6,2,1042.1,15,-1321.9,Credit Card,Delivered
8728,2024-08-08,429,25,10,3,7963.2,30,5431.2,UPI,Cancelled
8729,2023-09-25,400,49,13,1,2403.1,30,1743.1,Debit Card,Delivered
8730,2023-05-05,134,43,4,5,26176.5,10,2056.5,Net Banking,Delivered
8731,2024-04-24,43,40,18,5,16312.5,25,-4922.5,Debit Card,Delivered
8732,2024-11-19,233,11,6,3,11750.55,5,10112.55,Credit Card,Delivered
8733,2025-07-17,70,43,10,2,9888.9,15,240.9,Net Banking,Delivered
8734,2025-07-04,108,9,20,1,798.0,30,-2303.0,Cash,Returned
8735,2024-10-22,440,55,7,3,11734.8,30,8917.8,Cash,Delivered
8736,2024-05-31,396,34,20,4,6958.0,30,1322.0,Net Banking,Returned
8737,2023-11-13,210,36,13,3,4873.5,25,-2014.5,Debit Card,Delivered
8738,2024-11-08,157,5,10,2,6961.6,5,4445.6,Net Banking,Delivered
8739,2023-04-16,431,35,10,4,5946.6,15,1778.6,UPI,Returned
8740,2024-10-26,466,10,17,4,18558.4,30,4750.4,Credit Card,Delivered
8741,2023-12-25,102,17,1,4,12377.6,20,7805.6,Net Banking,Delivered
8742,2025-05-26,473,21,17,5,4766.25,25,-11053.75,Debit Card,Delivered
8743,2025-03-24,177,23,12,2,5766.6,30,1380.6,Cash,Delivered
8744,2023-04-19,215,29,15,5,4700.0,20,-3185.0,Credit Card,Delivered
8745,2025-11-24,406,66,17,2,7024.5,25,5244.5,Debit Card,Delivered
8746,2023-01-02,44,62,5,1,3958.45,15,-137.55,UPI,Cancelled
8747,2023-07-03,58,11,13,3,8658.3,30,7020.3,Debit Card,Cancelled
8748,2024-08-02,357,13,15,1,2958.3,5,2121.3,Credit Card,Delivered
8749,2024-10-17,395,19,11,5,21048.75,25,13013.75,Cash,Delivered
8750,2024-11-28,392,28,5,2,9704.8,30,3848.8,UPI,Returned
8751,2025-09-14,416,5,6,2,5496.0,25,2980.0,Cash,Returned
8752,2023-11-26,366,37,20,2,9871.2,10,6629.2,Net Banking,Delivered
8753,2024-10-01,440,59,14,4,16936.0,0,14792.0,Credit Card,Returned
8754,2023-12-10,411,33,15,4,10278.0,25,-1970.0,UPI,Delivered
8755,2024-12-26,490,48,4,1,2240.0,20,-440.0,Credit Card,Delivered
8756,2024-05-18,148,47,2,4,11681.6,30,-4482.4,Credit Card,Delivered
8757,2023-05-22,360,23,20,4,16476.0,0,7704.0,Net Banking,Cancelled
8758,2025-10-12,337,1,11,4,10358.4,20,74.4,Credit Card,Delivered
8759,2024-01-03,362,26,13,2,10654.4,20,5172.4,Cash,Delivered
8760,2024-01-22,192,57,8,5,18564.0,30,-1386.0,Credit Card,Returned
8761,2024-08-10,209,37,12,5,27420.0,0,19315.0,UPI,Returned
8762,2025-09-12,260,22,3,5,7085.0,0,-11800.0,UPI,Delivered
8763,2024-02-19,225,20,1,1,5889.05,5,1920.05,Credit Card,Delivered
8764,2025-02-04,234,55,7,5,19558.0,30,14863.0,Debit Card,Delivered
8765,2024-09-09,154,13,19,1,2491.2,20,1654.2,Credit Card,Delivered
8766,2024-01-06,425,48,3,4,11200.0,0,480.0,UPI,Returned
8767,2023-06-28,411,50,13,5,5495.75,5,-16284.25,Credit Card,Delivered
8768,2023-04-09,172,65,7,5,25604.0,20,10539.0,Credit Card,Returned
8769,2024-05-07,219,21,7,1,1271.0,0,-1893.0,Cash,Delivered
8770,2025-07-26,150,51,3,4,14728.8,15,3760.8,Cash,Delivered
8771,2025-05-02,102,28,9,2,9704.8,30,3848.8,Debit Card,Delivered
8772,2025-01-01,142,27,20,4,8514.0,10,-3410.0,Debit Card,Delivered
8773,2023-04-30,170,24,17,3,11620.8,20,1180.8,Credit Card,Delivered
8774,2024-11-08,359,6,3,5,31570.0,0,8760.0,Debit Card,Delivered
8775,2023-08-16,337,34,13,3,5218.5,30,991.5,UPI,Delivered
8776,2024-02-23,310,6,18,2,10733.8,15,1609.8,Net Banking,Delivered
8777,2024-04-26,205,46,19,3,3160.65,5,-8245.35,UPI,Cancelled
8778,2023-10-05,500,56,8,5,13871.25,25,-7893.75,Credit Card,Returned
8779,2023-06-18,183,38,4,2,12876.3,5,9972.3,Credit Card,Delivered
8780,2025-12-01,29,65,14,1,5760.9,10,2747.9,Debit Card,Delivered
8781,2023-02-16,251,35,4,1,1486.65,15,444.65,Credit Card,Delivered
8782,2025-06-04,312,29,2,3,3525.0,0,-1206.0,Credit Card,Delivered
8783,2025-06-20,94,11,12,1,3504.55,15,2958.55,Debit Card,Returned
8784,2023-09-10,484,62,8,1,4191.3,10,95.3,Debit Card,Delivered
8785,2025-06-13,479,34,13,5,10561.25,15,3516.25,Credit Card,Delivered
8786,2024-05-16,466,14,3,4,14637.6,10,-5026.4,Debit Card,Returned
8787,2025-07-17,241,6,20,2,10733.8,15,1609.8,Credit Card,Delivered
8788,2024-07-31,433,3,14,2,10670.4,20,2122.4,UPI,Delivered
8789,2025-09-05,264,50,10,5,5206.5,10,-16573.5,Credit Card,Delivered
8790,2023-03-10,89,5,9,2,5496.0,25,2980.0,Credit Card,Delivered
8791,2024-02-27,246,57,12,3,12729.6,20,759.6,Cash,Delivered
8792,2025-02-05,74,66,12,1,4448.85,5,3558.85,Net Banking,Delivered
8793,2025-12-22,110,58,20,5,29713.5,10,6013.5,Net Banking,Cancelled
8794,2024-09-06,351,2,9,1,490.4,20,-691.6,Net Banking,Delivered
8795,2024-11-14,86,53,17,1,3034.5,15,2368.5,Net Banking,Cancelled
8796,2024-07-19,402,14,5,1,3049.5,25,-1866.5,Debit Card,Delivered
8797,2025-06-04,360,34,12,3,6709.5,10,2482.5,Debit Card,Delivered
8798,2023-01-13,110,59,3,2,8044.6,5,6972.6,UPI,Delivered
8799,2023-12-14,75,40,16,1,3915.0,10,-332.0,Debit Card,Delivered
8800,2025-10-11,331,5,8,5,15572.0,15,9282.0,Net Banking,Delivered
8801,2025-10-08,318,35,12,3,4722.3,10,1596.3,UPI,Delivered
8802,2025-08-20,71,33,20,5,13704.0,20,-1606.0,Cash,Cancelled
8803,2023-04-03,228,50,5,3,2429.7,30,-10638.3,UPI,Returned
8804,2025-07-13,215,6,20,3,16100.7,15,2414.7,UPI,Returned
8805,2024-04-12,253,60,17,5,22083.75,25,-2331.25,Cash,Delivered
8806,2024-12-04,199,24,17,2,6778.8,30,-181.2,UPI,Returned
8807,2023-02-27,273,56,15,2,5918.4,20,-2787.6,UPI,Returned
8808,2023-06-07,373,53,13,3,8032.5,25,6034.5,Cash,Delivered
8809,2025-10-11,130,16,5,1,2044.7,30,-1576.3,Credit Card,Delivered
8810,2024-05-23,316,38,6,4,27108.0,0,21300.0,UPI,Delivered
8811,2024-09-02,246,40,10,1,4132.5,5,-114.5,UPI,Returned
8812,2023-09-19,242,65,8,4,20483.2,20,8431.2,UPI,Delivered
8813,2025-09-12,11,16,8,3,7886.7,10,-2976.3,Debit Card,Delivered
8814,2024-08-14,90,43,5,4,20941.2,10,1645.2,Credit Card,Returned
8815,2024-02-17,138,54,13,5,4417.5,25,-8337.5,Credit Card,Cancelled
8816,2025-10-25,493,49,8,4,11672.2,15,9032.2,Debit Card,Delivered
8817,2023-04-17,402,53,14,3,8032.5,25,6034.5,Cash,Delivered
8818,2023-05-24,335,55,9,5,22352.0,20,17657.0,Debit Card,Delivered
8819,2024-10-27,31,36,13,4,8664.0,0,-520.0,Debit Card,Delivered
8820,2025-05-12,189,14,10,4,16264.0,0,-3400.0,Cash,Cancelled
8821,2023-03-30,339,6,16,5,28413.0,10,5603.0,Net Banking,Delivered
8822,2024-05-04,104,57,8,4,15912.0,25,-48.0,Cash,Delivered
8823,2023-01-29,47,64,9,4,4191.0,25,-11369.0,Debit Card,Cancelled
8824,2023-09-02,204,10,18,3,17895.6,10,7539.6,Cash,Delivered
8825,2024-02-29,357,10,12,1,6296.6,5,2844.6,Net Banking,Delivered
8826,2024-01-19,464,41,14,4,25741.2,5,6469.2,Credit Card,Delivered
8827,2025-11-12,289,24,13,3,14526.0,0,4086.0,Credit Card,Delivered
8828,2025-04-07,426,57,12,4,16972.8,20,1012.8,UPI,Cancelled
8829,2023-10-25,370,21,10,2,2542.0,0,-3786.0,Cash,Cancelled
8830,2024-09-30,335,8,3,4,16861.6,30,-2246.4,Net Banking,Returned
8831,2025-09-22,178,44,2,4,18201.6,20,6813.6,Net Banking,Delivered
8832,2025-11-05,175,23,2,5,17505.75,15,6540.75,Net Banking,Delivered
8833,2025-05-20,369,39,18,2,4002.0,0,2368.0,Credit Card,Delivered
8834,2025-10-10,340,50,15,3,3297.45,5,-9770.55,UPI,Delivered
8835,2024-01-11,12,62,5,2,7916.9,15,-275.1,Credit Card,Delivered
8836,2023-06-10,476,7,17,5,17430.0,25,7005.0,Cash,Delivered
8837,2023-01-09,64,4,10,2,3779.1,5,-3674.9,UPI,Delivered
8838,2025-04-10,449,44,17,4,20476.8,10,9088.8,Net Banking,Returned
8839,2025-09-26,250,41,16,1,6774.0,0,1956.0,Cash,Delivered
8840,2023-07-05,112,16,12,1,2044.7,30,-1576.3,Net Banking,Cancelled
8841,2025-08-13,152,46,18,4,4214.2,5,-10993.8,UPI,Cancelled
8842,2024-12-09,397,14,11,3,9148.5,25,-5599.5,Credit Card,Delivered
8843,2023-11-04,312,10,7,1,5633.8,15,2181.8,Credit Card,Delivered
8844,2024-01-22,305,54,17,1,1001.3,15,-1549.7,Debit Card,Delivered
8845,2024-12-23,332,3,8,4,25342.2,5,8246.2,Cash,Delivered
8846,2024-08-15,285,47,12,3,10638.6,15,-1484.4,Credit Card,Cancelled
8847,2023-05-13,264,18,7,5,14445.0,10,12595.0,UPI,Delivered
8848,2023-03-14,90,42,14,1,2958.9,30,-1988.1,Credit Card,Returned
8849,2024-02-21,59,17,19,2,6575.6,15,4289.6,UPI,Delivered
8850,2025-12-08,247,39,5,2,3601.8,10,1967.8,Credit Card,Returned
8851,2025-02-19,427,56,7,4,13316.4,10,-4095.6,Credit Card,Returned
8852,2024-04-14,51,9,14,3,3249.0,5,-6054.0,Debit Card,Delivered
8853,2025-11-20,431,20,17,1,6199.0,0,2230.0,Credit Card,Delivered
8854,2023-01-07,282,45,1,2,2500.4,30,-3077.6,Cash,Returned
8855,2025-11-01,109,45,18,5,8037.0,10,-5908.0,Cash,Delivered
8856,2024-11-16,276,4,19,1,1591.2,20,-2135.8,Credit Card,Returned
8857,2023-07-30,289,13,7,1,2335.5,25,1498.5,UPI,Returned
8858,2023-06-10,432,36,12,2,3465.6,20,-1126.4,Cash,Delivered
8859,2024-03-04,221,27,17,5,11825.0,0,-3080.0,Cash,Delivered
8860,2024-04-13,95,30,6,4,19505.8,15,1981.8,Cash,Returned
8861,2025-09-10,388,47,5,5,18774.0,10,-1431.0,Credit Card,Cancelled
8862,2024-05-19,260,55,13,1,4191.0,25,3252.0,Credit Card,Delivered
8863,2025-11-21,277,24,9,3,11620.8,20,1180.8,Debit Card,Delivered
8864,2024-02-16,458,39,7,1,1900.95,5,1083.95,Cash,Cancelled
8865,2023-12-21,44,12,4,1,3237.0,25,2884.0,Net Banking,Delivered
8866,2024-04-05,189,37,3,1,3838.8,30,2217.8,Cash,Delivered
8867,2024-02-10,85,6,19,2,11365.2,10,2241.2,UPI,Returned
8868,2024-05-28,119,65,16,2,12161.9,5,6135.9,Debit Card,Delivered
8869,2024-11-06,389,17,20,4,11604.0,25,7032.0,Cash,Delivered
8870,2024-12-02,207,4,8,1,1591.2,20,-2135.8,UPI,Returned
8871,2025-01-26,428,58,9,2,13206.0,0,3726.0,Cash,Cancelled
8872,2023-05-07,127,13,5,4,9964.8,20,6616.8,Cash,Delivered
8873,2025-03-26,181,60,16,2,8833.5,25,-932.5,Debit Card,Delivered
8874,2024-08-21,203,15,13,3,8112.3,30,-6578.7,Net Banking,Cancelled
8875,2024-12-29,43,4,16,1,1591.2,20,-2135.8,Credit Card,Returned
8876,2024-05-02,65,12,7,5,17264.0,20,15499.0,Net Banking,Cancelled
8877,2023-06-01,144,1,15,2,6474.0,0,1332.0,Debit Card,Delivered
8878,2025-08-14,415,38,10,3,16264.8,20,11908.8,Cash,Delivered
8879,2023-07-02,174,66,9,4,16858.8,10,13298.8,Credit Card,Delivered
8880,2024-12-21,119,44,8,1,4834.8,15,1987.8,Cash,Delivered
8881,2025-11-06,95,39,11,3,5702.85,5,3251.85,Credit Card,Delivered
8882,2024-11-02,263,56,5,4,14796.0,0,-2616.0,Debit Card,Returned
8883,2023-02-18,159,57,3,5,19890.0,25,-60.0,Credit Card,Cancelled
8884,2024-06-23,342,53,18,3,8568.0,20,6570.0,Net Banking,Delivered
8885,2024-06-08,356,28,17,2,10398.0,25,4542.0,Debit Card,Delivered
8886,2025-04-18,19,7,16,4,13014.4,30,4674.4,Cash,Delivered
8887,2025-06-13,367,2,6,2,980.8,20,-1383.2,Debit Card,Returned
8888,2023-03-11,122,15,12,3,11589.0,0,-3102.0,Net Banking,Delivered
8889,2024-12-10,494,53,17,3,8568.0,20,6570.0,Cash,Returned
8890,2024-01-20,452,63,1,4,3379.2,20,-2360.8,Credit Card,Delivered
8891,2025-01-16,220,16,15,5,10953.75,25,-7151.25,Net Banking,Delivered
8892,2023-02-01,134,45,8,4,5000.8,30,-6155.2,UPI,Cancelled
8893,2023-11-12,458,38,3,3,20331.0,0,15975.0,Cash,Delivered
8894,2023-08-06,333,22,9,4,4817.8,15,-10290.2,Net Banking,Delivered
8895,2023-03-12,256,39,14,2,3401.7,15,1767.7,Net Banking,Delivered
8896,2025-06-16,431,33,11,5,17130.0,0,1820.0,Credit Card,Delivered
8897,2024-04-02,26,7,3,2,9296.0,0,5126.0,Credit Card,Cancelled
8898,2023-05-17,116,7,19,5,23240.0,0,12815.0,Credit Card,Delivered
8899,2025-05-24,287,18,16,5,12840.0,20,10990.0,Cash,Delivered
8900,2025-06-26,130,13,17,4,11833.2,5,8485.2,Credit Card,Delivered
8901,2025-06-27,146,60,8,2,8833.5,25,-932.5,Credit Card,Delivered
8902,2024-04-03,339,7,8,3,11155.2,20,4900.2,Cash,Delivered
8903,2023-01-02,202,57,16,4,18033.6,15,2073.6,Cash,Returned
8904,2023-01-06,144,3,1,1,5335.2,20,1061.2,Debit Card,Delivered
8905,2024-08-10,169,66,6,3,11941.65,15,9271.65,Credit Card,Cancelled
8906,2025-09-06,88,39,20,4,6803.4,15,3535.4,UPI,Delivered
8907,2025-07-11,169,17,5,3,9863.4,15,6434.4,Credit Card,Cancelled
8908,2025-03-14,111,63,18,2,2112.0,0,-758.0,Debit Card,Returned
8909,2024-11-30,44,37,1,5,27420.0,0,19315.0,Debit Card,Delivered
8910,2025-12-26,397,18,4,5,12037.5,25,10187.5,Cash,Returned
8911,2023-04-13,227,3,11,2,10003.5,25,1455.5,Debit Card,Cancelled
8912,2025-12-29,456,34,6,5,10561.25,15,3516.25,UPI,Delivered
8913,2024-03-10,141,1,17,2,5826.6,10,684.6,UPI,Delivered
8914,2023-12-27,403,57,1,5,18564.0,30,-1386.0,Cash,Delivered
8915,2024-07-11,289,32,14,2,3848.4,10,-4905.6,Cash,Cancelled
8916,2023-03-08,120,37,1,1,4113.0,25,2492.0,Net Banking,Delivered
8917,2024-09-18,294,18,13,5,16050.0,0,14200.0,UPI,Delivered
8918,2023-09-08,499,44,8,3,14504.4,15,5963.4,Debit Card,Cancelled
8919,2023-01-27,53,33,9,4,9592.8,30,-2655.2,UPI,Delivered
8920,2023-04-24,299,1,8,1,2589.6,20,18.6,UPI,Delivered
8921,2025-11-03,245,12,18,2,6905.6,20,6199.6,Debit Card,Delivered
8922,2024-04-19,226,8,9,4,20474.8,15,1366.8,Debit Card,Returned
8923,2024-05-14,364,55,19,4,20116.8,10,16360.8,Cash,Cancelled
8924,2023-03-08,400,53,18,2,4998.0,30,3666.0,Net Banking,Cancelled
8925,2024-03-07,494,31,2,3,14688.0,0,11286.0,UPI,Cancelled
8926,2025-02-13,183,7,5,5,20916.0,10,10491.0,Cash,Delivered
8927,2023-10-21,450,29,8,5,5581.25,5,-2303.75,UPI,Delivered
8928,2024-08-24,47,16,13,1,2628.9,10,-992.1,Credit Card,Returned
8929,2024-06-02,338,58,7,5,24761.25,25,1061.25,Credit Card,Delivered
8930,2023-06-27,240,52,9,1,858.0,0,-3044.0,Net Banking,Returned
8931,2024-12-24,479,5,7,1,3480.8,5,2222.8,Net Banking,Delivered
8932,2024-08-24,441,4,14,1,1591.2,20,-2135.8,Credit Card,Returned
8933,2023-05-10,193,2,18,5,2758.5,10,-3151.5,Credit Card,Delivered
8934,2023-03-16,441,64,8,5,5937.25,15,-13512.75,Credit Card,Delivered
8935,2025-07-05,209,55,2,2,8940.8,20,7062.8,Cash,Delivered
8936,2025-05-31,351,57,11,4,14851.2,30,-1108.8,UPI,Returned
8937,2023-12-05,454,35,19,4,4897.2,30,729.2,Net Banking,Cancelled
8938,2023-05-26,458,3,16,3,14004.9,30,1182.9,Credit Card,Delivered
8939,2024-03-11,8,62,6,1,3492.75,25,-603.25,Net Banking,Cancelled
8940,2024-03-22,484,64,15,4,4470.4,20,-11089.6,Net Banking,Delivered
8941,2024-02-03,409,12,15,3,11653.2,10,10594.2,UPI,Cancelled
8942,2024-02-07,108,58,15,1,5282.4,20,542.4,Cash,Delivered
8943,2024-02-23,459,58,14,2,9904.5,25,424.5,Net Banking,Returned
8944,2023-01-18,42,57,2,4,15912.0,25,-48.0,Credit Card,Delivered
8945,2025-11-10,303,4,18,4,7558.2,5,-7349.8,Credit Card,Delivered
8946,2024-12-14,465,22,19,4,5668.0,0,-9440.0,Debit Card,Cancelled
8947,2024-10-29,465,29,8,1,940.0,20,-637.0,UPI,Delivered
8948,2023-08-04,40,2,17,2,858.2,30,-1505.8,UPI,Delivered
8949,2023-04-26,249,23,10,5,17505.75,15,6540.75,Debit Card,Delivered
8950,2025-07-15,190,45,17,4,6072.4,15,-5083.6,Cash,Delivered
8951,2023-10-04,104,54,1,5,5595.5,5,-7159.5,UPI,Delivered
8952,2025-12-22,316,27,20,1,2246.75,5,-734.25,Cash,Delivered
8953,2023-03-10,30,56,3,4,13316.4,10,-4095.6,Debit Card,Cancelled
8954,2024-01-16,468,17,9,5,13538.0,30,7823.0,Credit Card,Returned
8955,2025-05-05,217,6,8,1,5998.3,5,1436.3,UPI,Delivered
8956,2025-12-21,118,25,18,4,12892.8,15,9516.8,Cash,Delivered
8957,2023-12-14,252,61,1,5,11140.5,30,2430.5,Debit Card,Cancelled
8958,2023-12-25,4,41,9,4,20322.0,25,1050.0,Cash,Delivered
8959,2025-08-11,498,13,7,3,6539.4,30,4028.4,UPI,Delivered
8960,2025-04-28,337,14,2,4,14637.6,10,-5026.4,Cash,Delivered
8961,2024-09-25,231,63,4,3,3168.0,0,-1137.0,Debit Card,Delivered
8962,2023-12-30,455,33,1,4,12333.6,10,85.6,Debit Card,Delivered
8963,2024-08-31,39,11,10,3,8658.3,30,7020.3,Net Banking,Cancelled
8964,2024-10-23,338,51,17,2,6064.8,30,580.8,Credit Card,Returned
8965,2023-04-10,142,26,5,4,19977.0,25,9013.0,UPI,Cancelled
8966,2023-07-30,324,20,14,3,18597.0,0,6690.0,UPI,Delivered
8967,2024-05-26,277,39,15,4,6803.4,15,3535.4,Credit Card,Cancelled
8968,2024-10-16,206,19,13,3,16839.0,0,12018.0,Cash,Delivered
8969,2025-05-11,351,55,2,3,12573.0,25,9756.0,Cash,Delivered
8970,2025-04-27,84,63,17,3,3168.0,0,-1137.0,Net Banking,Delivered
8971,2024-02-19,375,45,5,5,7144.0,20,-6801.0,Net Banking,Returned
8972,2024-04-02,8,65,18,2,12802.0,0,6776.0,Debit Card,Delivered
8973,2023-05-04,319,27,20,3,5321.25,25,-3621.75,Credit Card,Delivered
8974,2025-05-27,389,51,9,3,10396.8,20,2170.8,UPI,Delivered
8975,2024-12-05,411,48,12,3,6300.0,25,-1740.0,Cash,Delivered
8976,2024-02-28,219,19,12,2,7858.2,30,4644.2,Net Banking,Cancelled
8977,2024-09-07,186,35,13,2,3323.1,5,1239.1,Net Banking,Delivered
8978,2024-10-19,407,38,15,2,12198.6,10,9294.6,Cash,Delivered
8979,2024-10-10,274,62,6,3,13971.0,0,1683.0,Debit Card,Returned
8980,2025-12-22,26,56,3,4,10357.2,30,-7054.8,Credit Card,Delivered
8981,2023-01-16,498,24,7,2,7747.2,20,787.2,Credit Card,Delivered
8982,2023-10-25,290,18,10,3,7222.5,25,6112.5,Cash,Delivered
8983,2025-12-11,172,13,4,4,12456.0,0,9108.0,Cash,Delivered
8984,2025-02-12,441,30,4,5,21513.75,25,-391.25,Net Banking,Delivered
8985,2025-05-05,380,8,4,3,15356.1,15,1025.1,Credit Card,Delivered
8986,2024-03-04,249,22,3,4,5668.0,0,-9440.0,Net Banking,Delivered
8987,2025-06-28,226,41,20,3,17273.7,15,2819.7,Credit Card,Delivered
8988,2024-01-23,408,51,3,5,21660.0,0,7950.0,UPI,Cancelled
8989,2024-07-28,131,5,17,2,6961.6,5,4445.6,UPI,Returned
8990,2024-04-01,244,3,2,2,10003.5,25,1455.5,Credit Card,Cancelled
8991,2025-03-13,88,63,15,1,739.2,30,-695.8,Credit Card,Delivered
8992,2024-05-28,57,16,9,2,4381.5,25,-2860.5,UPI,Cancelled
8993,2024-11-30,17,23,4,3,11121.3,10,4542.3,Debit Card,Delivered
8994,2023-12-03,120,10,19,1,4639.6,30,1187.6,Debit Card,Cancelled
8995,2023-06-25,197,32,12,5,10155.5,5,-11729.5,Debit Card,Delivered
8996,2024-12-11,74,30,1,1,5450.15,5,1069.15,Cash,Delivered
8997,2023-11-21,132,49,11,1,3261.35,5,2601.35,Net Banking,Delivered
8998,2024-01-26,15,52,14,4,2917.2,15,-12690.8,Debit Card,Returned
8999,2023-01-19,364,65,1,3,13442.1,30,4403.1,Debit Card,Delivered
9000,2025-02-17,208,36,18,5,7581.0,30,-3899.0,Debit Card,Delivered
9001,2025-10-28,322,42,20,1,3592.95,15,-1354.05,Net Banking,Returned
9002,2023-10-13,456,36,7,4,6498.0,25,-2686.0,UPI,Delivered
9003,2025-01-20,84,30,9,2,8031.8,30,-730.2,UPI,Cancelled
9004,2025-04-15,464,41,8,4,25741.2,5,6469.2,Net Banking,Delivered
9005,2024-03-06,292,61,10,4,11458.8,10,4490.8,Debit Card,Delivered
9006,2025-12-08,185,63,13,4,4224.0,0,-1516.0,Net Banking,Delivered
9007,2023-12-15,122,57,15,2,10608.0,0,2628.0,Debit Card,Cancelled
9008,2025-12-02,35,43,3,4,22104.6,5,2808.6,Net Banking,Returned
9009,2025-08-14,252,1,19,3,8254.35,15,541.35,Credit Card,Delivered
9010,2025-03-23,458,50,15,2,2314.0,0,-6398.0,Credit Card,Delivered
9011,2024-08-24,236,65,18,1,4480.7,30,1467.7,Cash,Delivered
9012,2023-11-19,109,20,17,1,5269.15,15,1300.15,Cash,Delivered
9013,2023-01-30,336,56,19,5,12946.5,30,-8818.5,Credit Card,Delivered
9014,2023-04-11,339,43,20,4,20941.2,10,1645.2,Net Banking,Delivered
9015,2023-06-15,426,31,4,4,17625.6,10,13089.6,UPI,Delivered
9016,2024-03-31,99,48,1,2,5040.0,10,-320.0,UPI,Delivered
9017,2023-07-20,142,22,6,1,1417.0,0,-2360.0,Cash,Delivered
9018,2025-02-07,150,10,4,2,9279.2,30,2375.2,Cash,Delivered
9019,2024-07-15,469,30,5,2,9179.2,20,417.2,Debit Card,Delivered
9020,2024-08-17,183,38,3,3,20331.0,0,15975.0,UPI,Cancelled
9021,2025-02-13,334,16,10,3,7448.55,15,-3414.45,Credit Card,Delivered
9022,2023-06-05,427,37,3,5,24678.0,10,16573.0,UPI,Returned
9023,2024-10-01,368,62,15,1,3725.6,20,-370.4,Net Banking,Delivered
9024,2025-02-22,136,27,2,1,2365.0,0,-616.0,Cash,Returned
9025,2023-05-04,182,19,14,1,4209.75,25,2602.75,Credit Card,Delivered
9026,2025-05-07,321,61,6,1,2864.7,10,1122.7,Net Banking,Delivered
9027,2024-06-20,360,16,13,1,2482.85,15,-1138.15,Net Banking,Returned
9028,2025-11-12,391,39,11,3,5702.85,5,3251.85,Net Banking,Delivered
9029,2023-10-02,373,49,5,4,9612.4,30,6972.4,Debit Card,Delivered
9030,2025-05-02,368,17,2,1,3868.0,0,2725.0,Cash,Returned
9031,2024-08-12,80,22,2,4,4534.4,20,-10573.6,Debit Card,Delivered
9032,2023-10-30,418,29,6,2,1645.0,30,-1509.0,UPI,Delivered
9033,2023-12-30,390,17,19,3,11604.0,0,8175.0,Debit Card,Delivered
9034,2025-12-10,422,66,14,2,6556.2,30,4776.2,Net Banking,Delivered
9035,2024-06-04,284,60,18,3,15900.3,10,1251.3,UPI,Delivered
9036,2023-05-19,104,22,5,1,991.9,30,-2785.1,UPI,Returned
9037,2023-12-18,166,65,20,4,17922.8,30,5870.8,Net Banking,Cancelled
9038,2023-12-12,218,17,11,3,11604.0,0,8175.0,Credit Card,Returned
9039,2023-03-04,286,53,19,1,3213.0,10,2547.0,Cash,Delivered
9040,2024-06-01,457,64,9,4,5588.0,0,-9972.0,Net Banking,Delivered
9041,2024-02-12,335,34,8,2,4721.5,5,1903.5,UPI,Delivered
9042,2025-07-21,437,15,19,1,3476.7,10,-1420.3,Net Banking,Delivered
9043,2023-05-16,45,43,14,3,15705.9,10,1233.9,Credit Card,Cancelled
9044,2023-12-06,69,21,12,5,4766.25,25,-11053.75,Debit Card,Cancelled
9045,2023-01-12,452,28,8,2,13170.8,5,7314.8,Credit Card,Cancelled
9046,2024-12-31,321,27,4,5,11825.0,0,-3080.0,Credit Card,Delivered
9047,2024-12-26,270,25,6,5,15168.0,20,10948.0,Credit Card,Delivered
9048,2025-03-14,198,62,2,4,13039.6,30,-3344.4,Net Banking,Delivered
9049,2023-11-20,43,59,1,1,2963.8,30,2427.8,Cash,Cancelled
9050,2024-11-15,269,53,5,4,13566.0,5,10902.0,UPI,Delivered
9051,2024-04-11,205,65,2,1,5440.85,15,2427.85,Credit Card,Delivered
9052,2024-04-19,371,49,4,5,17165.0,0,13865.0,Net Banking,Delivered
9053,2024-05-20,124,40,17,2,8700.0,0,206.0,Credit Card,Delivered
9054,2023-12-11,481,19,6,1,4209.75,25,2602.75,Cash,Delivered
9055,2023-11-08,61,48,13,5,11900.0,15,-1500.0,Credit Card,Cancelled
9056,2024-07-30,214,37,15,2,8774.4,20,5532.4,Debit Card,Delivered
9057,2025-03-15,211,39,19,2,3401.7,15,1767.7,Debit Card,Delivered
9058,2024-06-28,87,30,10,2,9179.2,20,417.2,Credit Card,Returned
9059,2024-12-30,44,24,5,5,16947.0,30,-453.0,Net Banking,Delivered
9060,2023-02-23,321,1,17,2,6150.3,5,1008.3,Net Banking,Delivered
9061,2023-07-16,254,13,13,3,6539.4,30,4028.4,Debit Card,Cancelled
9062,2024-05-18,476,15,4,4,11589.0,25,-7999.0,Credit Card,Cancelled
9063,2024-10-15,383,31,15,1,3916.8,20,2782.8,UPI,Delivered
9064,2024-07-11,391,22,17,1,991.9,30,-2785.1,Net Banking,Delivered
9065,2023-02-26,155,53,12,1,3213.0,10,2547.0,Debit Card,Delivered
9066,2024-03-08,327,6,1,5,29991.5,5,7181.5,Cash,Delivered
9067,2023-05-02,92,22,5,2,2834.0,0,-4720.0,Net Banking,Delivered
9068,2024-08-14,82,36,19,4,7797.6,10,-1386.4,Debit Card,Delivered
9069,2024-04-19,339,54,8,5,4417.5,25,-8337.5,Net Banking,Delivered
9070,2023-09-13,112,36,17,1,1841.1,15,-454.9,Cash,Delivered
9071,2024-02-15,263,65,20,1,6401.0,0,3388.0,Debit Card,Delivered
9072,2025-10-29,421,37,11,4,17548.8,20,11064.8,Debit Card,Cancelled
9073,2025-09-23,16,49,9,4,12358.8,10,9718.8,Credit Card,Delivered
9074,2024-07-23,35,24,12,3,10168.2,30,-271.8,Net Banking,Delivered
9075,2023-01-11,64,45,13,4,6072.4,15,-5083.6,Cash,Delivered
9076,2025-02-14,470,24,13,2,8231.4,15,1271.4,UPI,Delivered
9077,2023-08-01,496,4,18,4,7160.4,10,-7747.6,Credit Card,Delivered
9078,2023-01-04,178,44,12,5,28440.0,0,14205.0,Credit Card,Delivered
9079,2024-03-07,368,36,14,5,8664.0,20,-2816.0,Net Banking,Returned
9080,2023-09-29,380,48,17,2,5040.0,10,-320.0,Net Banking,Returned
9081,2024-07-31,96,57,1,5,19890.0,25,-60.0,UPI,Delivered
9082,2024-05-20,472,31,7,2,7833.6,20,5565.6,Debit Card,Delivered
9083,2023-10-08,190,48,14,4,11200.0,0,480.0,Cash,Cancelled
9084,2025-06-22,43,50,4,3,2950.35,15,-10117.65,Debit Card,Delivered
9085,2024-08-16,149,24,5,4,16462.8,15,2542.8,Net Banking,Delivered
9086,2023-07-22,144,36,8,2,3249.0,25,-1343.0,Cash,Delivered
9087,2025-12-07,348,22,12,4,4817.8,15,-10290.2,UPI,Delivered
9088,2024-06-19,41,36,5,3,6173.1,5,-714.9,Net Banking,Delivered
9089,2024-05-14,112,12,19,2,7768.8,10,7062.8,Cash,Delivered
9090,2025-11-21,14,32,5,3,6093.3,5,-7037.7,Credit Card,Cancelled
9091,2024-03-04,495,36,20,2,4332.0,0,-260.0,Net Banking,Delivered
9092,2025-01-20,429,31,19,2,7833.6,20,5565.6,Credit Card,Returned
9093,2025-12-04,76,49,3,4,13732.0,0,11092.0,Net Banking,Delivered
9094,2025-08-16,124,46,8,2,2107.1,5,-5496.9,Credit Card,Delivered
9095,2023-06-22,91,1,2,1,3237.0,0,666.0,Debit Card,Cancelled
9096,2024-09-15,325,59,4,5,17994.5,15,15314.5,Cash,Delivered
9097,2025-09-29,2,21,4,3,2859.75,25,-6632.25,Credit Card,Returned
9098,2025-08-06,240,60,3,4,16489.2,30,-3042.8,UPI,Delivered
9099,2023-03-23,124,53,12,5,14280.0,20,10950.0,Net Banking,Delivered
9100,2023-05-19,315,8,2,4,19270.4,20,162.4,Net Banking,Delivered
9101,2025-03-08,209,30,13,3,12047.7,30,-1095.3,Debit Card,Cancelled
9102,2024-04-22,127,57,11,4,18033.6,15,2073.6,Net Banking,Delivered
9103,2023-03-06,498,61,6,1,2228.1,30,486.1,Credit Card,Returned
9104,2024-12-03,354,41,3,3,20322.0,0,5868.0,Cash,Delivered
9105,2023-07-17,118,33,18,4,10963.2,20,-1284.8,UPI,Cancelled
9106,2023-08-13,39,43,19,1,5235.3,10,411.3,Cash,Delivered
9107,2024-07-23,71,2,20,4,1961.6,20,-2766.4,Credit Card,Delivered
9108,2023-11-27,270,56,18,4,10357.2,30,-7054.8,UPI,Returned
9109,2025-11-02,62,64,10,5,5238.75,25,-14211.25,Cash,Returned
9110,2023-05-20,344,39,19,4,5602.8,30,2334.8,Cash,Cancelled
9111,2025-03-03,142,15,12,5,19315.0,0,-5170.0,Debit Card,Cancelled
9112,2024-04-19,218,12,1,4,16400.8,5,14988.8,Cash,Delivered
9113,2023-05-24,394,40,3,3,9135.0,30,-3606.0,UPI,Delivered
9114,2024-11-10,341,13,16,3,7473.6,20,4962.6,Cash,Cancelled
9115,2023-08-15,62,14,12,4,13824.4,15,-5839.6,Credit Card,Delivered
9116,2025-09-04,462,24,7,3,10168.2,30,-271.8,Credit Card,Cancelled
9117,2023-10-22,333,40,7,1,3480.0,20,-767.0,Net Banking,Delivered
9118,2025-10-01,470,2,15,2,858.2,30,-1505.8,Net Banking,Cancelled
9119,2025-01-21,2,22,19,5,5668.0,20,-13217.0,Credit Card,Delivered
9120,2023-05-12,331,36,20,5,8122.5,25,-3357.5,Net Banking,Delivered
9121,2025-12-21,369,59,14,1,3175.5,25,2639.5,Debit Card,Delivered
9122,2024-11-16,282,58,10,3,14856.75,25,636.75,Debit Card,Delivered
9123,2024-04-09,152,38,16,4,20331.0,25,14523.0,UPI,Returned
9124,2025-07-22,136,52,15,3,2445.3,5,-9260.7,Cash,Delivered
9125,2024-10-19,162,62,14,1,3725.6,20,-370.4,Debit Card,Cancelled
9126,2023-02-14,334,6,3,4,21467.6,15,3219.6,Cash,Delivered
9127,2024-06-07,234,66,14,4,13112.4,30,9552.4,Debit Card,Cancelled
9128,2024-09-17,143,46,1,1,998.1,10,-2803.9,UPI,Delivered
9129,2024-07-10,75,58,16,1,4952.25,25,212.25,UPI,Delivered
9130,2023-04-03,197,17,1,3,9863.4,15,6434.4,Credit Card,Delivered
9131,2025-05-15,222,57,4,1,5304.0,0,1314.0,Debit Card,Delivered
9132,2025-09-22,11,42,14,4,11835.6,30,-7952.4,Credit Card,Cancelled
9133,2023-11-27,477,25,13,4,12134.4,20,8758.4,Credit Card,Returned
9134,2024-11-07,91,46,9,5,4436.0,20,-14574.0,Debit Card,Delivered
9135,2024-07-01,366,47,10,4,15853.6,5,-310.4,Debit Card,Cancelled
9136,2023-11-02,256,44,4,4,18201.6,20,6813.6,Debit Card,Delivered
9137,2024-02-04,136,26,2,5,28300.75,15,14595.75,Cash,Delivered
9138,2025-07-01,300,47,12,3,11264.4,10,-858.6,Debit Card,Cancelled
9139,2024-05-13,251,33,3,4,9592.8,30,-2655.2,Cash,Delivered
9140,2024-10-22,243,45,7,1,1250.2,30,-1538.8,Credit Card,Cancelled
9141,2023-04-23,208,25,4,2,6825.6,10,5137.6,Cash,Returned
9142,2023-09-04,90,14,8,4,13824.4,15,-5839.6,Net Banking,Delivered
9143,2025-04-01,285,64,14,2,2095.5,25,-5684.5,UPI,Returned
9144,2024-08-15,209,17,17,1,3287.8,15,2144.8,Credit Card,Returned
9145,2023-05-06,475,54,6,1,1060.2,10,-1490.8,Credit Card,Delivered
9146,2023-05-01,247,55,8,4,15646.4,30,11890.4,UPI,Delivered
9147,2023-07-23,62,18,2,1,3049.5,5,2679.5,Cash,Returned
9148,2025-10-09,118,32,10,4,5986.4,30,-11521.6,Cash,Delivered
9149,2023-01-02,459,27,5,2,4020.5,15,-1941.5,Cash,Delivered
9150,2025-08-17,67,6,16,2,10733.8,15,1609.8,UPI,Delivered
9151,2024-10-29,390,17,5,4,14698.4,5,10126.4,UPI,Delivered
9152,2025-07-28,485,4,16,3,5668.65,5,-5512.35,Credit Card,Cancelled
9153,2024-08-25,113,50,2,5,5785.0,0,-15995.0,Credit Card,Cancelled
9154,2023-07-26,160,46,8,5,4158.75,25,-14851.25,Cash,Returned
9155,2025-03-25,187,38,8,4,23041.8,15,17233.8,Credit Card,Delivered
9156,2023-10-22,10,24,4,4,19368.0,0,5448.0,Debit Card,Delivered
9157,2025-03-22,192,64,3,2,2794.0,0,-4986.0,Credit Card,Cancelled
9158,2025-11-11,303,52,10,1,772.2,10,-3129.8,Debit Card,Delivered
9159,2023-09-16,248,15,20,3,9850.65,15,-4840.35,Debit Card,Delivered
9160,2024-08-02,136,19,8,1,3929.1,30,2322.1,Cash,Delivered
9161,2023-04-02,267,50,6,5,5495.75,5,-16284.25,Credit Card,Delivered
9162,2025-03-11,22,38,4,5,33885.0,0,26625.0,UPI,Delivered
9163,2024-01-14,370,14,17,3,12198.0,0,-2550.0,Cash,Delivered
9164,2023-03-02,305,8,19,2,10839.6,10,1285.6,Net Banking,Delivered
9165,2023-10-04,203,46,17,2,2218.0,0,-5386.0,Credit Card,Returned
9166,2025-06-03,70,8,1,1,4215.4,30,-561.6,Cash,Delivered
9167,2024-10-23,260,54,6,4,4005.2,15,-6198.8,Debit Card,Returned
9168,2024-04-24,431,43,1,1,5235.3,10,411.3,Credit Card,Delivered
9169,2023-08-22,189,63,10,2,1584.0,25,-1286.0,Cash,Cancelled
9170,2024-11-16,268,11,1,3,11750.55,5,10112.55,Credit Card,Returned
9171,2025-06-08,3,8,16,2,9635.2,20,81.2,UPI,Delivered
9172,2023-01-25,54,53,11,5,13387.5,25,10057.5,Debit Card,Cancelled
9173,2025-11-29,259,50,14,1,1099.15,5,-3256.85,UPI,Delivered
9174,2024-01-18,196,15,11,4,14679.4,5,-4908.6,UPI,Delivered
9175,2025-06-27,351,16,4,4,8178.8,30,-6305.2,Net Banking,Returned
9176,2024-08-30,5,12,18,5,18343.0,15,16578.0,Debit Card,Delivered
9177,2025-04-17,468,6,2,3,17994.9,5,4308.9,UPI,Delivered
9178,2025-06-21,285,42,14,1,4227.0,0,-720.0,UPI,Returned
9179,2025-01-18,318,48,12,3,6300.0,25,-1740.0,Cash,Delivered
9180,2025-02-03,100,54,19,3,3357.3,5,-4295.7,UPI,Cancelled
9181,2025-10-06,254,24,6,4,15494.4,20,1574.4,Debit Card,Delivered
9182,2024-01-27,79,50,5,1,1099.15,5,-3256.85,Debit Card,Returned
9183,2025-06-07,340,24,15,5,19368.0,20,1968.0,Credit Card,Delivered
9184,2023-11-05,465,16,6,5,12414.25,15,-5690.75,Cash,Delivered
9185,2023-02-21,215,27,11,3,6030.75,15,-2912.25,UPI,Delivered
9186,2024-12-09,40,18,3,2,5778.0,10,5038.0,UPI,Delivered
9187,2025-07-03,352,4,13,1,1690.65,15,-2036.35,Debit Card,Delivered
9188,2025-08-30,174,63,2,5,5016.0,5,-2159.0,Net Banking,Delivered
9189,2024-03-22,288,64,17,5,6286.5,10,-13163.5,UPI,Delivered
9190,2024-02-10,421,61,11,4,8912.4,30,1944.4,Debit Card,Delivered
9191,2023-02-10,118,4,18,3,4773.6,20,-6407.4,UPI,Cancelled
9192,2023-11-23,253,24,15,4,16462.8,15,2542.8,UPI,Delivered
9193,2023-07-02,105,58,5,3,16837.65,15,2617.65,Cash,Delivered
9194,2024-10-17,43,21,1,4,5084.0,0,-7572.0,Credit Card,Returned
9195,2024-11-17,33,35,18,4,4897.2,30,729.2,Credit Card,Delivered
9196,2024-06-19,353,14,7,2,7725.4,5,-2106.6,Cash,Delivered
9197,2023-01-05,197,16,14,5,14605.0,0,-3500.0,UPI,Delivered
9198,2023-08-10,428,12,14,5,16185.0,25,14420.0,Credit Card,Cancelled
9199,2024-07-12,466,50,6,4,4628.0,0,-12796.0,UPI,Cancelled
9200,2024-05-29,143,27,17,5,8868.75,25,-6036.25,Credit Card,Delivered
9201,2023-09-02,479,25,20,3,9100.8,20,6568.8,Credit Card,Delivered
9202,2025-09-25,189,17,6,5,19340.0,0,13625.0,Net Banking,Delivered
9203,2023-01-30,344,33,8,1,2569.5,25,-492.5,Net Banking,Delivered
9204,2023-01-25,371,45,20,3,4286.4,20,-4080.6,Debit Card,Returned
9205,2023-09-05,62,44,2,5,28440.0,0,14205.0,Debit Card,Delivered
9206,2024-08-01,268,55,3,2,10617.2,5,8739.2,UPI,Delivered
9207,2023-08-19,284,33,3,1,2740.8,20,-321.2,UPI,Delivered
9208,2024-03-29,411,46,3,4,3327.0,25,-11881.0,Debit Card,Returned
9209,2025-06-03,483,39,7,5,7503.75,25,3418.75,Net Banking,Cancelled
9210,2024-01-13,285,14,12,1,3049.5,25,-1866.5,UPI,Delivered
9211,2025-04-21,161,42,16,1,4227.0,0,-720.0,Cash,Cancelled
9212,2023-02-15,302,34,18,3,6336.75,15,2109.75,Credit Card,Returned
9213,2024-08-18,29,30,6,1,5450.15,5,1069.15,Cash,Delivered
9214,2024-06-12,499,6,16,4,17679.2,30,-568.8,Credit Card,Cancelled
9215,2024-12-11,48,51,5,1,4115.4,5,1373.4,Net Banking,Cancelled
9216,2023-11-22,366,49,4,2,5836.1,15,4516.1,UPI,Delivered
9217,2025-11-08,352,52,9,3,2059.2,20,-9646.8,Net Banking,Delivered
9218,2024-10-19,333,53,1,5,13387.5,25,10057.5,Net Banking,Delivered
9219,2023-01-10,378,9,4,2,1938.0,15,-4264.0,Net Banking,Delivered
9220,2024-04-03,467,44,14,1,5403.6,5,2556.6,UPI,Returned
9221,2025-06-05,467,40,9,3,9787.5,25,-2953.5,Debit Card,Delivered
9222,2023-09-03,173,37,20,3,13984.2,15,9121.2,Cash,Delivered
9223,2025-11-15,427,56,10,3,9432.45,15,-3626.55,UPI,Delivered
9224,2024-12-08,123,9,17,1,1026.0,10,-2075.0,UPI,Delivered
9225,2025-03-22,171,25,1,2,6067.2,20,4379.2,Debit Card,Returned
9226,2024-07-08,386,34,15,1,2112.25,15,703.25,Debit Card,Delivered
9227,2023-10-23,175,60,14,5,25028.25,15,613.25,Net Banking,Delivered
9228,2023-09-24,8,62,7,2,6519.8,30,-1672.2,Credit Card,Delivered
9229,2023-10-30,427,24,5,1,4115.7,15,635.7,Debit Card,Returned
9230,2025-02-28,246,55,9,5,23749.0,15,19054.0,Debit Card,Delivered
9231,2023-07-22,185,57,6,2,9016.8,15,1036.8,Credit Card,Returned
9232,2025-01-13,485,8,6,5,27099.0,10,3214.0,Cash,Delivered
9233,2025-03-23,121,31,5,3,11750.4,20,8348.4,UPI,Cancelled
9234,2024-10-23,395,35,2,1,1311.75,25,269.75,Net Banking,Delivered
9235,2024-10-01,15,4,6,5,9447.75,5,-9187.25,UPI,Cancelled
9236,2024-07-09,356,48,9,2,5040.0,10,-320.0,Debit Card,Delivered
9237,2025-12-22,466,20,14,4,19836.8,20,3960.8,Debit Card,Cancelled
9238,2023-09-13,174,25,15,5,15168.0,20,10948.0,Net Banking,Delivered
9239,2025-02-23,144,58,10,1,5612.55,15,872.55,Debit Card,Delivered
9240,2023-12-31,474,26,2,5,31630.25,5,17925.25,Debit Card,Returned
9241,2023-10-18,290,28,13,5,29461.0,15,14821.0,Cash,Delivered
9242,2024-05-06,208,52,3,2,1630.2,5,-6173.8,Cash,Cancelled
9243,2023-12-23,167,35,12,2,3498.0,0,1414.0,Cash,Delivered
9244,2023-09-09,443,41,14,2,12193.2,10,2557.2,Net Banking,Delivered
9245,2024-12-06,188,16,15,5,10953.75,25,-7151.25,Debit Card,Returned
9246,2023-03-09,320,51,12,4,12129.6,30,1161.6,Credit Card,Delivered
9247,2023-06-30,106,34,2,5,12425.0,0,5380.0,Cash,Delivered
9248,2023-02-24,149,4,14,1,1491.75,25,-2235.25,Cash,Delivered
9249,2025-01-13,29,29,16,5,5287.5,10,-2597.5,UPI,Delivered
9250,2024-08-09,87,60,11,4,17667.0,25,-1865.0,Debit Card,Delivered
9251,2025-01-17,420,24,9,2,6778.8,30,-181.2,Credit Card,Delivered
9252,2024-07-31,269,49,10,1,2403.1,30,1743.1,Credit Card,Cancelled
9253,2024-03-20,198,33,20,1,3426.0,0,364.0,Credit Card,Delivered
9254,2025-12-18,397,66,16,1,3278.1,30,2388.1,Cash,Returned
9255,2023-04-13,250,36,10,4,7364.4,15,-1819.6,Cash,Delivered
9256,2024-06-10,62,64,16,4,4191.0,25,-11369.0,Cash,Delivered
9257,2023-04-16,283,45,10,2,2500.4,30,-3077.6,UPI,Delivered
9258,2023-01-04,197,64,19,1,1257.3,10,-2632.7,Net Banking,Delivered
9259,2024-05-20,459,33,19,5,15417.0,10,107.0,Cash,Cancelled
9260,2023-02-06,268,11,2,2,7009.1,15,5917.1,UPI,Returned
9261,2025-08-18,233,57,14,5,22542.0,15,2592.0,Cash,Cancelled
9262,2024-03-30,446,9,6,3,2565.0,25,-6738.0,Credit Card,Returned
9263,2023-09-30,200,20,12,3,17667.15,5,5760.15,Debit Card,Delivered
9264,2023-09-23,187,37,14,5,26049.0,5,17944.0,Credit Card,Delivered
9265,2025-10-05,328,55,17,2,10058.4,10,8180.4,Cash,Delivered
9266,2025-07-23,177,54,12,2,2002.6,15,-3099.4,Debit Card,Delivered
9267,2024-11-25,251,54,14,4,3534.0,25,-6670.0,UPI,Delivered
9268,2025-12-03,253,57,6,1,3978.0,25,-12.0,Net Banking,Delivered
9269,2023-07-24,144,50,5,2,2314.0,0,-6398.0,Debit Card,Cancelled
9270,2023-03-13,175,33,11,3,8736.3,15,-449.7,Credit Card,Returned
9271,2025-12-23,154,27,19,4,8987.0,5,-2937.0,Credit Card,Cancelled
9272,2025-12-30,346,60,9,4,17667.0,25,-1865.0,Cash,Cancelled
9273,2024-09-01,460,43,20,5,20359.5,30,-3760.5,Credit Card,Delivered
9274,2024-11-09,27,55,17,3,14249.4,15,11432.4,Net Banking,Cancelled
9275,2025-10-27,232,30,16,2,10326.6,10,1564.6,Net Banking,Delivered
9276,2025-08-30,22,65,10,4,17922.8,30,5870.8,UPI,Delivered
9277,2024-05-15,230,50,4,5,4338.75,25,-17441.25,Net Banking,Delivered
9278,2024-05-09,228,57,6,5,23868.0,10,3918.0,Credit Card,Returned
9279,2024-10-11,200,9,17,1,1083.0,5,-2018.0,Debit Card,Delivered
9280,2025-05-09,282,30,1,1,4015.9,30,-365.1,Cash,Cancelled
9281,2025-06-30,364,38,8,3,17281.35,15,12925.35,Cash,Cancelled
9282,2025-11-24,25,5,8,1,2931.2,20,1673.2,Cash,Delivered
9283,2023-06-10,14,20,7,4,18597.0,25,2721.0,Credit Card,Cancelled
9284,2024-08-18,353,25,1,3,9100.8,20,6568.8,Debit Card,Cancelled
9285,2023-05-13,87,62,17,2,6985.5,25,-1206.5,UPI,Returned
9286,2025-06-16,295,5,16,5,16488.0,10,10198.0,Credit Card,Delivered
9287,2023-04-16,274,39,8,3,4502.25,25,2051.25,UPI,Cancelled
9288,2024-03-13,107,66,9,3,11941.65,15,9271.65,Cash,Delivered
9289,2023-10-09,500,34,20,5,10561.25,15,3516.25,Cash,Returned
9290,2025-02-15,410,48,5,2,4480.0,20,-880.0,Debit Card,Delivered
9291,2025-10-07,29,27,1,5,9460.0,20,-5445.0,Cash,Cancelled
9292,2025-09-07,452,26,8,1,4994.25,25,2253.25,Net Banking,Returned
9293,2023-10-04,183,8,6,2,8430.8,30,-1123.2,UPI,Delivered
9294,2023-09-10,377,47,19,5,15645.0,25,-4560.0,UPI,Delivered
9295,2024-06-07,86,27,15,1,1773.75,25,-1207.25,Credit Card,Cancelled
9296,2025-05-02,241,63,3,4,3168.0,25,-2572.0,Net Banking,Delivered
9297,2024-10-16,140,62,10,4,17696.6,5,1312.6,UPI,Delivered
9298,2024-11-27,318,3,6,4,24008.4,10,6912.4,UPI,Delivered
9299,2023-03-29,272,41,18,5,23709.0,30,-381.0,Net Banking,Returned
9300,2023-07-21,416,51,1,4,14728.8,15,3760.8,UPI,Returned
9301,2023-01-04,434,20,4,5,30995.0,0,11150.0,Debit Card,Returned
9302,2025-09-17,152,5,8,3,8793.6,20,5019.6,Credit Card,Delivered
9303,2023-12-24,399,48,18,2,4200.0,25,-1160.0,Cash,Returned
9304,2025-03-18,331,36,20,3,4873.5,25,-2014.5,Cash,Delivered
9305,2024-09-01,100,41,4,2,10838.4,20,1202.4,Net Banking,Delivered
9306,2023-08-24,332,61,13,1,2864.7,10,1122.7,Cash,Delivered
9307,2023-11-15,58,64,16,5,5937.25,15,-13512.75,Debit Card,Delivered
9308,2024-03-20,401,1,8,2,4855.5,25,-286.5,Debit Card,Delivered
9309,2024-04-20,236,18,11,2,5778.0,10,5038.0,Cash,Delivered
9310,2025-07-05,198,22,16,3,3188.25,25,-8142.75,Cash,Delivered
9311,2024-05-28,389,19,20,4,21329.4,5,14901.4,Credit Card,Delivered
9312,2025-09-14,407,58,2,3,15847.2,20,1627.2,Debit Card,Delivered
9313,2023-05-23,381,25,10,2,5688.0,25,4000.0,UPI,Delivered
9314,2023-07-08,69,25,1,5,16116.0,15,11896.0,Debit Card,Delivered
9315,2023-06-03,283,43,6,4,19777.8,15,481.8,Credit Card,Cancelled
9316,2025-04-25,95,10,15,1,4639.6,30,1187.6,UPI,Returned
9317,2023-03-14,400,22,20,5,5668.0,20,-13217.0,Cash,Delivered
9318,2025-04-24,235,12,13,4,14674.4,15,13262.4,Net Banking,Delivered
9319,2023-11-07,11,38,10,3,17281.35,15,12925.35,UPI,Delivered
9320,2023-12-15,212,22,20,1,991.9,30,-2785.1,Debit Card,Delivered
9321,2025-05-16,141,46,14,3,2827.95,15,-8578.05,Net Banking,Returned
9322,2023-04-14,7,51,17,2,6064.8,30,580.8,Credit Card,Delivered
9323,2024-02-08,492,63,20,3,2217.6,30,-2087.4,Cash,Cancelled
9324,2023-10-23,86,57,18,3,11934.0,25,-36.0,Debit Card,Delivered
9325,2025-02-16,469,18,4,5,13642.5,15,11792.5,Cash,Delivered
9326,2023-01-22,205,4,4,3,4475.25,25,-6705.75,Cash,Cancelled
9327,2023-04-24,252,21,14,1,953.25,25,-2210.75,Cash,Delivered
9328,2024-04-03,401,34,6,5,9318.75,25,2273.75,Net Banking,Delivered
9329,2025-03-01,500,3,11,4,18673.2,30,1577.2,Debit Card,Returned
9330,2023-05-28,117,50,16,4,3471.0,25,-13953.0,Credit Card,Returned
9331,2024-06-17,44,60,2,4,23556.0,0,4024.0,Net Banking,Returned
9332,2025-04-09,101,42,13,5,20078.25,5,-4656.75,Credit Card,Delivered
9333,2023-12-27,232,4,14,5,8453.25,15,-10181.75,Cash,Delivered
9334,2024-09-02,484,47,7,4,12516.0,25,-3648.0,Debit Card,Delivered
9335,2023-03-20,245,35,13,5,6121.5,30,911.5,Net Banking,Delivered
9336,2024-11-20,57,46,16,1,831.75,25,-2970.25,Cash,Delivered
9337,2023-05-07,23,54,17,2,2356.0,0,-2746.0,Cash,Delivered
9338,2023-08-30,468,19,9,4,21329.4,5,14901.4,UPI,Delivered
9339,2024-06-14,283,6,8,1,5366.9,15,804.9,UPI,Delivered
9340,2023-04-24,211,63,12,5,4488.0,15,-2687.0,Debit Card,Cancelled
9341,2024-02-23,104,5,10,1,3664.0,0,2406.0,Debit Card,Delivered
9342,2024-05-19,38,38,17,4,20331.0,25,14523.0,Net Banking,Delivered
9343,2025-09-15,65,45,20,3,5090.1,5,-3276.9,Credit Card,Cancelled
9344,2025-03-14,359,30,12,3,13768.8,20,625.8,Cash,Delivered
9345,2023-05-06,69,47,20,4,12516.0,25,-3648.0,Debit Card,Delivered
9346,2023-03-17,234,2,17,3,1471.2,20,-2074.8,Cash,Delivered
9347,2025-02-25,6,44,9,2,8532.0,25,2838.0,Net Banking,Cancelled
9348,2024-08-21,103,26,17,1,5993.1,10,3252.1,Net Banking,Delivered
9349,2023-04-12,108,6,4,4,25256.0,0,7008.0,Credit Card,Cancelled
9350,2023-08-03,457,16,14,2,5549.9,5,-1692.1,Credit Card,Delivered
9351,2024-02-04,56,6,2,4,20204.8,20,1956.8,Cash,Delivered
9352,2023-11-17,165,18,7,4,12840.0,0,11360.0,UPI,Delivered
9353,2024-08-11,454,30,20,4,16063.6,30,-1460.4,UPI,Delivered
9354,2023-06-21,492,16,3,4,9931.4,15,-4552.6,Credit Card,Returned
9355,2025-12-13,235,26,10,5,33295.0,0,19590.0,Debit Card,Delivered
9356,2024-12-24,92,30,8,3,17211.0,0,4068.0,Cash,Delivered
9357,2025-01-16,95,51,8,4,14728.8,15,3760.8,Debit Card,Cancelled
9358,2023-11-14,95,44,19,5,27018.0,5,12783.0,Credit Card,Returned
9359,2023-09-23,308,53,5,3,9639.0,10,7641.0,Net Banking,Delivered
9360,2023-02-22,430,43,10,5,24722.25,15,602.25,Cash,Delivered
9361,2023-11-06,394,54,8,1,824.6,30,-1726.4,Credit Card,Cancelled
9362,2024-04-01,88,57,1,2,8486.4,20,506.4,Credit Card,Delivered
9363,2025-06-17,396,13,12,2,4982.4,20,3308.4,Net Banking,Cancelled
9364,2025-02-06,234,23,18,4,16476.0,0,7704.0,Credit Card,Delivered
9365,2025-04-19,208,25,11,5,14220.0,25,10000.0,Debit Card,Delivered
9366,2025-12-13,187,17,13,2,6575.6,15,4289.6,Debit Card,Returned
9367,2025-04-24,364,15,7,4,13906.8,10,-5681.2,Debit Card,Returned
9368,2023-03-11,8,39,17,3,5402.7,10,2951.7,Cash,Returned
9369,2024-05-17,326,4,12,2,3182.4,20,-4271.6,UPI,Delivered
9370,2024-12-24,146,15,1,1,3090.4,20,-1806.6,UPI,Cancelled
9371,2025-09-10,91,5,12,5,18320.0,0,12030.0,Debit Card,Delivered
9372,2024-12-19,67,28,4,3,14557.2,30,5773.2,UPI,Returned
9373,2023-08-16,275,33,13,3,8222.4,20,-963.6,UPI,Delivered
9374,2023-08-11,50,66,11,5,23415.0,0,18965.0,UPI,Cancelled
9375,2025-05-11,225,19,15,5,21048.75,25,13013.75,Cash,Cancelled
9376,2024-06-16,425,33,15,4,9592.8,30,-2655.2,Debit Card,Delivered
9377,2024-03-10,15,3,2,4,26676.0,0,9580.0,Cash,Cancelled
9378,2025-02-10,429,42,2,5,17964.75,15,-6770.25,Credit Card,Delivered
9379,2024-11-07,359,30,11,3,14629.35,15,1486.35,Credit Card,Delivered
9380,2025-06-28,70,40,15,2,7830.0,10,-664.0,Cash,Delivered
9381,2024-04-13,152,18,4,5,13642.5,15,11792.5,Credit Card,Delivered
9382,2023-10-30,280,52,19,5,3003.0,30,-16507.0,Credit Card,Returned
9383,2025-10-25,11,28,17,4,26341.6,5,14629.6,UPI,Cancelled
9384,2023-01-02,262,15,11,1,3476.7,10,-1420.3,Credit Card,Delivered
9385,2024-02-28,42,65,12,4,23043.6,10,10991.6,Net Banking,Returned
9386,2024-08-13,377,37,4,4,20839.2,5,14355.2,Debit Card,Delivered
9387,2023-08-25,271,17,16,3,11023.8,5,7594.8,Net Banking,Delivered
9388,2023-01-08,233,14,6,1,3659.4,10,-1256.6,Debit Card,Delivered
9389,2025-05-03,201,13,16,2,4359.6,30,2685.6,UPI,Cancelled
9390,2025-05-24,131,11,10,4,11544.4,30,9360.4,Credit Card,Cancelled
9391,2024-12-28,58,1,9,1,2913.3,10,342.3,Net Banking,Delivered
9392,2025-04-19,65,50,12,4,4396.6,5,-13027.4,Cash,Delivered
9393,2024-10-11,479,53,13,5,14280.0,20,10950.0,Net Banking,Delivered
9394,2023-07-10,295,52,17,5,3432.0,20,-16078.0,Cash,Delivered
9395,2024-04-19,281,61,6,4,9549.0,25,2581.0,Cash,Delivered
9396,2025-06-22,418,3,4,3,19006.65,5,6184.65,Net Banking,Cancelled
9397,2025-07-11,387,59,7,3,10161.6,20,8553.6,Debit Card,Cancelled
9398,2024-12-10,453,46,20,5,4158.75,25,-14851.25,Debit Card,Delivered
9399,2023-08-20,471,18,11,1,3049.5,5,2679.5,Net Banking,Cancelled
9400,2024-06-24,65,59,16,3,11431.8,10,9823.8,Net Banking,Delivered
9401,2024-05-12,471,12,9,1,3668.6,15,3315.6,Net Banking,Delivered
9402,2025-09-07,144,9,12,2,2052.0,10,-4150.0,Debit Card,Delivered
9403,2024-07-22,154,16,16,4,9931.4,15,-4552.6,Credit Card,Delivered
9404,2023-10-18,46,43,10,2,11634.0,0,1986.0,Credit Card,Cancelled
9405,2025-07-21,337,36,1,3,5198.4,20,-1689.6,Cash,Delivered
9406,2023-05-29,453,14,11,4,11384.8,30,-8279.2,Net Banking,Delivered
9407,2025-11-29,259,38,6,5,23719.5,30,16459.5,Cash,Delivered
9408,2024-03-28,84,58,16,3,16837.65,15,2617.65,Credit Card,Returned
9409,2023-03-24,298,64,14,2,1955.8,30,-5824.2,UPI,Delivered
9410,2023-01-26,347,36,5,3,5198.4,20,-1689.6,Debit Card,Delivered
9411,2023-08-21,8,38,9,3,15248.25,25,10892.25,Cash,Delivered
9412,2025-01-16,316,49,12,4,12358.8,10,9718.8,Debit Card,Delivered
9413,2023-05-18,311,10,13,3,14913.0,25,4557.0,Net Banking,Delivered
9414,2024-01-14,95,1,4,3,8739.9,10,1026.9,Debit Card,Delivered
9415,2025-08-19,23,3,1,2,9336.6,30,788.6,UPI,Delivered
9416,2024-04-24,491,42,12,2,6763.2,20,-3130.8,Credit Card,Delivered
9417,2024-04-29,66,64,9,4,5029.2,10,-10530.8,Credit Card,Delivered
9418,2025-01-24,335,3,19,2,10003.5,25,1455.5,Net Banking,Delivered
9419,2023-02-11,488,18,3,3,6741.0,30,5631.0,Net Banking,Delivered
9420,2024-01-16,393,7,6,2,7436.8,20,3266.8,UPI,Cancelled
9421,2025-12-11,103,60,5,4,23556.0,0,4024.0,Cash,Cancelled
9422,2024-10-28,432,38,4,4,18975.6,30,13167.6,Cash,Cancelled
9423,2025-09-02,485,39,1,5,9504.75,5,5419.75,Credit Card,Delivered
9424,2023-04-08,371,39,15,4,7603.8,5,4335.8,Net Banking,Delivered
9425,2025-11-21,86,5,12,4,13923.2,5,8891.2,Credit Card,Delivered
9426,2023-02-25,277,28,6,4,23568.8,15,11856.8,Net Banking,Delivered
9427,2025-10-27,144,26,16,5,28300.75,15,14595.75,Debit Card,Delivered
9428,2023-04-24,7,27,16,1,1655.5,30,-1325.5,Debit Card,Delivered
9429,2023-04-05,362,5,17,3,8244.0,25,4470.0,Cash,Returned
9430,2025-03-29,439,58,19,2,10564.8,20,1084.8,Credit Card,Cancelled
9431,2023-06-17,334,43,13,1,4362.75,25,-461.25,UPI,Delivered
9432,2024-01-08,290,58,2,5,31364.25,5,7664.25,Credit Card,Delivered
9433,2025-07-07,35,52,15,3,2445.3,5,-9260.7,Net Banking,Delivered
9434,2025-03-01,34,22,6,3,3825.9,10,-7505.1,Credit Card,Delivered
9435,2024-09-15,54,29,2,3,2820.0,20,-1911.0,UPI,Returned
9436,2025-10-20,180,31,8,3,12484.8,15,9082.8,UPI,Delivered
9437,2024-10-16,483,1,11,4,11005.8,15,721.8,Credit Card,Cancelled
9438,2025-06-24,218,25,6,5,13272.0,30,9052.0,Credit Card,Delivered
9439,2023-07-05,27,11,9,3,9895.2,20,8257.2,Net Banking,Cancelled
9440,2023-03-12,28,45,7,4,5358.0,25,-5798.0,Net Banking,Returned
9441,2023-01-15,435,1,2,5,14566.5,10,1711.5,Cash,Delivered
9442,2024-02-15,476,19,20,3,11787.3,30,6966.3,Net Banking,Delivered
9443,2025-03-13,483,17,19,3,11023.8,5,7594.8,Debit Card,Cancelled
9444,2025-06-14,458,44,13,4,21614.4,5,10226.4,Net Banking,Delivered
9445,2023-03-10,162,52,16,5,3861.0,10,-15649.0,Cash,Returned
9446,2023-06-18,128,58,11,1,5942.7,10,1202.7,Credit Card,Delivered
9447,2025-04-30,369,22,20,4,4534.4,20,-10573.6,Cash,Delivered
9448,2023-09-21,42,16,9,1,2044.7,30,-1576.3,Net Banking,Delivered
9449,2024-05-11,171,24,16,3,12347.1,15,1907.1,Net Banking,Delivered
9450,2024-01-11,201,26,19,1,4661.3,30,1920.3,Cash,Cancelled
9451,2025-07-10,317,41,19,3,19305.9,5,4851.9,Net Banking,Cancelled
9452,2024-08-14,490,7,3,2,9296.0,0,5126.0,Net Banking,Delivered
9453,2024-04-01,439,17,7,3,11604.0,0,8175.0,Cash,Delivered
9454,2023-01-06,168,55,7,4,21234.4,5,17478.4,Cash,Returned
9455,2023-03-14,364,4,13,2,3182.4,20,-4271.6,Net Banking,Delivered
9456,2023-03-10,393,2,2,5,2911.75,5,-2998.25,Cash,Cancelled
9457,2025-10-24,148,39,9,3,4502.25,25,2051.25,Credit Card,Delivered
9458,2025-05-17,491,18,14,5,16050.0,0,14200.0,Cash,Delivered
9459,2025-03-19,471,31,15,2,7833.6,20,5565.6,Cash,Delivered
9460,2025-03-28,108,50,14,4,4628.0,0,-12796.0,Cash,Delivered
9461,2024-12-29,250,52,12,3,2316.6,10,-9389.4,Cash,Delivered
9462,2023-07-25,433,50,4,3,3123.9,10,-9944.1,UPI,Delivered
9463,2023-09-25,279,51,16,4,14728.8,15,3760.8,Debit Card,Delivered
9464,2024-01-02,216,65,5,3,19203.0,0,10164.0,Debit Card,Returned
9465,2025-10-25,320,23,2,5,15446.25,25,4481.25,Net Banking,Delivered
9466,2024-10-17,379,29,18,1,881.25,25,-695.75,Debit Card,Cancelled
9467,2024-03-08,287,30,14,4,21800.6,5,4276.6,Debit Card,Delivered
9468,2025-01-06,132,18,15,5,14445.0,10,12595.0,Cash,Returned
9469,2025-12-14,162,42,18,2,8454.0,0,-1440.0,UPI,Delivered
9470,2023-02-03,493,50,11,3,3471.0,0,-9597.0,Debit Card,Delivered
9471,2025-08-14,242,32,6,3,6414.0,0,-6717.0,Debit Card,Cancelled
9472,2025-04-11,473,24,12,2,9684.0,0,2724.0,Cash,Delivered
9473,2023-09-01,157,8,10,5,22582.5,25,-1302.5,Cash,Returned
9474,2024-12-04,388,7,2,1,4648.0,0,2563.0,Debit Card,Returned
9475,2023-07-02,66,59,20,4,14395.6,15,12251.6,Credit Card,Returned
9476,2024-07-18,351,44,9,3,17064.0,0,8523.0,Cash,Returned
9477,2023-03-28,492,14,6,3,12198.0,0,-2550.0,UPI,Delivered
9478,2024-09-08,177,65,5,3,15362.4,20,6323.4,UPI,Returned
9479,2023-10-10,140,44,10,5,22752.0,20,8517.0,Credit Card,Returned
9480,2025-04-11,19,39,3,4,8004.0,0,4736.0,Net Banking,Cancelled
9481,2025-02-26,433,13,13,1,2335.5,25,1498.5,Debit Card,Cancelled
9482,2024-05-10,315,41,7,3,16257.6,20,1803.6,Debit Card,Delivered
9483,2025-11-02,114,56,1,3,8322.75,25,-4736.25,UPI,Returned
9484,2025-03-17,338,2,1,2,858.2,30,-1505.8,Credit Card,Cancelled
9485,2024-08-22,416,15,2,2,6567.1,15,-3226.9,Cash,Delivered
9486,2025-01-13,203,24,8,2,8715.6,10,1755.6,Debit Card,Cancelled
9487,2023-03-20,293,34,16,1,2112.25,15,703.25,Net Banking,Returned
9488,2024-12-16,58,23,19,2,7826.1,5,3440.1,UPI,Delivered
9489,2024-07-11,316,30,16,2,10326.6,10,1564.6,Net Banking,Returned
9490,2024-05-22,139,52,18,4,2917.2,15,-12690.8,Net Banking,Delivered
9491,2023-03-13,120,59,3,1,3175.5,25,2639.5,Debit Card,Delivered
9492,2023-02-07,479,6,11,2,10102.4,20,978.4,Debit Card,Returned
9493,2025-05-04,344,17,7,5,13538.0,30,7823.0,Cash,Returned
9494,2024-10-09,299,57,4,2,7425.6,30,-554.4,UPI,Delivered
9495,2025-02-10,260,26,10,1,4994.25,25,2253.25,UPI,Returned
9496,2025-10-25,466,28,12,4,27728.0,0,16016.0,Cash,Delivered
9497,2023-01-29,358,31,17,1,4161.6,15,3027.6,Net Banking,Cancelled
9498,2025-04-12,256,60,10,1,5005.65,15,122.65,Net Banking,Cancelled
9499,2023-02-06,218,31,16,1,4651.2,5,3517.2,Credit Card,Returned
9500,2025-02-16,313,52,14,5,3861.0,10,-15649.0,Net Banking,Delivered
9501,2023-07-16,176,8,16,2,9635.2,20,81.2,Debit Card,Delivered
9502,2024-05-31,2,14,13,1,3456.1,15,-1459.9,Debit Card,Delivered
9503,2023-11-11,418,66,13,4,15922.2,15,12362.2,Debit Card,Delivered
9504,2023-11-14,477,5,2,2,7328.0,0,4812.0,Debit Card,Delivered
9505,2023-09-18,144,61,2,4,12732.0,0,5764.0,Cash,Delivered
9506,2025-07-15,1,27,14,5,9460.0,20,-5445.0,Cash,Delivered
9507,2024-12-27,160,33,20,2,4796.4,30,-1327.6,Cash,Returned
9508,2025-09-27,204,22,7,5,6376.5,10,-12508.5,Debit Card,Delivered
9509,2023-05-03,234,45,7,1,1428.8,20,-1360.2,Net Banking,Returned
9510,2025-07-13,389,46,17,5,4436.0,20,-14574.0,UPI,Delivered
9511,2024-03-27,145,25,14,2,5688.0,25,4000.0,UPI,Delivered
9512,2025-05-18,312,15,13,4,15452.0,0,-4136.0,UPI,Delivered
9513,2023-06-18,10,13,13,2,5293.8,15,3619.8,Debit Card,Delivered
9514,2025-05-04,161,8,19,4,24088.0,0,4980.0,Debit Card,Delivered
9515,2023-08-03,336,11,8,3,11132.1,10,9494.1,Debit Card,Delivered
9516,2024-08-04,13,21,16,4,4575.6,10,-8080.4,Debit Card,Returned
9517,2023-10-21,453,51,19,5,16245.0,25,2535.0,Net Banking,Delivered
9518,2025-01-25,301,6,7,5,28413.0,10,5603.0,Debit Card,Delivered
9519,2023-08-23,322,10,7,5,23198.0,30,5938.0,Credit Card,Returned
9520,2023-04-02,294,43,9,4,18614.4,20,-681.6,Debit Card,Cancelled
9521,2025-05-27,276,23,9,5,17505.75,15,6540.75,Credit Card,Delivered
9522,2024-01-29,193,25,12,5,18012.0,5,13792.0,Cash,Delivered
9523,2024-10-28,358,27,13,5,10051.25,15,-4853.75,Credit Card,Delivered
9524,2025-08-31,156,40,17,2,6090.0,30,-2404.0,Cash,Delivered
9525,2023-09-05,203,50,12,4,4165.2,10,-13258.8,Debit Card,Delivered
9526,2024-07-07,307,58,19,3,13866.3,30,-353.7,UPI,Delivered
9527,2023-09-11,459,37,14,4,16452.0,25,9968.0,Credit Card,Delivered
9528,2023-11-14,360,64,15,2,2514.6,10,-5265.4,Debit Card,Delivered
9529,2023-06-26,409,16,2,3,7448.55,15,-3414.45,Net Banking,Delivered
9530,2025-05-31,119,45,1,2,2500.4,30,-3077.6,Credit Card,Delivered
9531,2024-06-07,70,25,15,2,6067.2,20,4379.2,UPI,Returned
9532,2023-05-29,70,55,6,3,15087.6,10,12270.6,UPI,Cancelled
9533,2023-09-29,382,39,17,3,5402.7,10,2951.7,Debit Card,Delivered
9534,2023-01-14,131,26,16,4,23972.4,10,13008.4,Debit Card,Delivered
9535,2023-05-07,310,27,19,5,9460.0,20,-5445.0,Net Banking,Delivered
9536,2023-01-28,81,44,3,5,27018.0,5,12783.0,Cash,Delivered
9537,2023-11-06,494,26,15,4,26636.0,0,15672.0,Cash,Delivered
9538,2023-03-08,314,8,14,2,10839.6,10,1285.6,Credit Card,Returned
9539,2025-09-27,128,35,4,5,8307.75,5,3097.75,Net Banking,Delivered
9540,2025-04-12,60,54,20,2,2238.2,5,-2863.8,Cash,Delivered
9541,2024-05-14,6,51,16,4,16461.6,5,5493.6,Credit Card,Delivered
9542,2025-07-04,222,24,10,2,8231.4,15,1271.4,Cash,Delivered
9543,2024-11-18,326,60,7,3,15016.95,15,367.95,Net Banking,Cancelled
9544,2024-08-22,427,63,11,1,844.8,20,-590.2,Cash,Cancelled
9545,2025-07-26,7,20,4,4,18597.0,25,2721.0,Debit Card,Cancelled
9546,2024-08-15,360,20,3,2,9918.4,20,1980.4,Debit Card,Cancelled
9547,2023-05-30,164,55,19,5,26543.0,5,21848.0,Credit Card,Delivered
9548,2025-10-10,91,45,5,4,6429.6,10,-4726.4,Credit Card,Returned
9549,2025-10-30,311,6,16,4,21467.6,15,3219.6,Debit Card,Returned
9550,2024-11-07,467,39,13,5,10005.0,0,5920.0,Credit Card,Delivered
9551,2025-10-23,320,52,12,4,2917.2,15,-12690.8,Credit Card,Delivered
9552,2023-06-04,472,66,4,1,4448.85,5,3558.85,Cash,Delivered
9553,2023-08-08,72,54,19,2,1649.2,30,-3452.8,Cash,Delivered
9554,2024-11-30,475,53,1,5,17850.0,0,14520.0,Credit Card,Delivered
9555,2025-12-29,209,6,20,1,5998.3,5,1436.3,Credit Card,Delivered
9556,2024-10-15,297,63,20,2,2112.0,0,-758.0,UPI,Cancelled
9557,2025-03-26,293,34,15,1,2485.0,0,1076.0,Cash,Delivered
9558,2023-01-24,448,19,2,5,19645.5,30,11610.5,Credit Card,Delivered
9559,2023-04-30,188,30,12,4,21800.6,5,4276.6,UPI,Cancelled
9560,2025-12-18,89,31,11,2,7833.6,20,5565.6,Net Banking,Returned
9561,2023-05-28,321,10,15,3,18889.8,5,8533.8,UPI,Delivered
9562,2024-05-08,99,24,14,3,10168.2,30,-271.8,Net Banking,Delivered
9563,2025-01-06,432,47,4,5,20860.0,0,655.0,Cash,Delivered
9564,2023-06-27,124,43,6,3,12215.7,30,-2256.3,Debit Card,Cancelled
9565,2025-02-12,68,45,4,1,1786.0,0,-1003.0,Cash,Delivered
9566,2024-01-11,349,65,12,5,27204.25,15,12139.25,Credit Card,Returned
9567,2023-05-03,381,41,14,4,24386.4,10,5114.4,Debit Card,Delivered
9568,2025-04-20,356,37,20,1,5209.8,5,3588.8,Credit Card,Delivered
9569,2025-10-09,281,1,10,3,6797.7,30,-915.3,Net Banking,Returned
9570,2023-10-24,401,63,19,5,5016.0,5,-2159.0,Debit Card,Delivered
9571,2023-10-27,475,60,17,5,22083.75,25,-2331.25,Cash,Returned
9572,2024-05-16,124,33,11,1,2398.2,30,-663.8,Debit Card,Delivered
9573,2023-05-14,486,56,12,4,14056.2,5,-3355.8,UPI,Cancelled
9574,2023-06-08,183,31,6,3,14688.0,0,11286.0,Debit Card,Delivered
9575,2025-10-13,191,51,15,5,17328.0,20,3618.0,UPI,Delivered
9576,2025-12-08,388,6,18,2,9471.0,25,347.0,UPI,Delivered
9577,2025-09-05,233,28,2,5,27728.0,20,13088.0,Debit Card,Delivered
9578,2025-03-21,443,10,19,4,21209.6,20,7401.6,Cash,Delivered
9579,2024-03-15,354,36,9,1,1732.8,20,-563.2,Cash,Cancelled
9580,2025-03-12,285,20,3,1,4339.3,30,370.3,Net Banking,Returned
9581,2024-08-18,285,38,2,2,13554.0,0,10650.0,UPI,Delivered
9582,2024-02-06,351,51,10,2,7364.4,15,1880.4,UPI,Cancelled
9583,2024-07-28,288,62,10,4,18628.0,0,2244.0,Credit Card,Cancelled
9584,2023-01-21,248,1,19,1,3075.15,5,504.15,Net Banking,Delivered
9585,2024-11-29,265,43,17,1,5817.0,0,993.0,Cash,Delivered
9586,2023-03-23,459,57,7,4,14851.2,30,-1108.8,Cash,Delivered
9587,2024-08-05,50,12,14,2,6474.0,25,5768.0,Cash,Delivered
9588,2024-10-30,31,5,9,5,12824.0,30,6534.0,Cash,Cancelled
9589,2025-12-30,16,56,20,5,13871.25,25,-7893.75,Net Banking,Cancelled
9590,2024-04-18,486,37,9,2,10968.0,0,7726.0,Credit Card,Delivered
9591,2023-08-29,410,3,3,2,10670.4,20,2122.4,Debit Card,Delivered
9592,2024-02-29,184,17,16,2,6188.8,20,3902.8,Credit Card,Delivered
9593,2023-12-24,399,1,9,5,13757.25,15,902.25,Debit Card,Delivered
9594,2024-08-30,296,19,6,1,5613.0,0,4006.0,Net Banking,Returned
9595,2024-08-28,228,33,7,2,5481.6,20,-642.4,Cash,Delivered
9596,2023-06-24,325,20,15,3,17667.15,5,5760.15,Net Banking,Cancelled
9597,2024-09-29,336,23,10,4,11533.2,30,2761.2,Debit Card,Cancelled
9598,2023-04-17,170,31,8,3,12484.8,15,9082.8,UPI,Delivered
9599,2024-07-06,434,5,18,5,17404.0,5,11114.0,Cash,Delivered
9600,2025-12-07,95,66,14,4,15922.2,15,12362.2,Credit Card,Delivered
9601,2025-01-18,162,22,14,3,3825.9,10,-7505.1,UPI,Delivered
9602,2024-05-14,291,14,19,3,9758.4,20,-4989.6,Net Banking,Delivered
9603,2023-01-28,104,8,20,3,18066.0,0,3735.0,Cash,Returned
9604,2023-04-22,377,35,19,4,6996.0,0,2828.0,Credit Card,Delivered
9605,2023-10-24,250,21,7,4,3558.8,30,-9097.2,UPI,Returned
9606,2024-04-09,258,29,14,1,822.5,30,-754.5,Debit Card,Cancelled
9607,2024-08-02,103,20,15,5,30995.0,0,11150.0,Credit Card,Delivered
9608,2025-02-06,139,23,13,2,8238.0,0,3852.0,Cash,Cancelled
9609,2023-02-07,416,7,20,4,16732.8,10,8392.8,UPI,Delivered
9610,2025-04-10,251,32,10,1,1924.2,10,-2452.8,UPI,Delivered
9611,2024-02-14,476,38,15,5,25413.75,25,18153.75,Credit Card,Delivered
9612,2025-06-09,76,27,20,2,4730.0,0,-1232.0,Credit Card,Delivered
9613,2024-02-29,127,15,20,4,15452.0,0,-4136.0,UPI,Delivered
9614,2025-03-02,317,37,15,3,15629.4,5,10766.4,Cash,Delivered
9615,2025-02-15,45,22,3,2,2834.0,0,-4720.0,UPI,Delivered
9616,2023-11-16,293,4,9,1,1591.2,20,-2135.8,Credit Card,Delivered
9617,2025-08-31,417,14,15,1,4066.0,0,-850.0,UPI,Returned
9618,2024-08-27,337,22,11,4,5668.0,0,-9440.0,Debit Card,Delivered
9619,2024-11-15,463,26,12,3,19977.0,0,11754.0,UPI,Cancelled
9620,2023-03-01,392,22,8,5,6376.5,10,-12508.5,Net Banking,Delivered
9621,2023-01-24,103,31,14,5,18360.0,25,12690.0,UPI,Delivered
9622,2025-06-22,103,1,13,4,9063.6,30,-1220.4,Credit Card,Returned
9623,2025-05-04,124,59,19,3,12066.9,5,10458.9,Credit Card,Delivered
9624,2023-06-28,132,10,17,5,29826.0,10,12566.0,Cash,Delivered
9625,2024-01-08,79,35,12,2,3148.2,10,1064.2,Debit Card,Delivered
9626,2023-02-27,177,24,8,2,7263.0,25,303.0,Credit Card,Returned
9627,2025-12-15,161,31,11,2,6854.4,30,4586.4,Cash,Delivered
9628,2025-03-23,277,44,4,1,5688.0,0,2841.0,Cash,Delivered
9629,2023-12-12,95,27,5,4,9460.0,0,-2464.0,Debit Card,Cancelled
9630,2025-01-20,90,16,4,2,5549.9,5,-1692.1,Cash,Delivered
9631,2023-06-16,277,11,18,4,14842.8,10,12658.8,Debit Card,Cancelled
9632,2025-08-22,165,16,16,1,2628.9,10,-992.1,UPI,Delivered
9633,2023-11-06,13,66,19,3,13346.55,5,10676.55,Credit Card,Returned
9634,2025-10-07,62,45,3,4,5000.8,30,-6155.2,Debit Card,Delivered
9635,2024-10-08,78,1,8,4,12948.0,0,2664.0,Net Banking,Delivered
9636,2025-12-09,299,61,18,5,12732.0,20,4022.0,Net Banking,Returned
9637,2024-05-25,415,35,16,1,1486.65,15,444.65,UPI,Delivered
9638,2023-08-21,338,58,3,1,5942.7,10,1202.7,UPI,Delivered
9639,2024-06-22,157,54,8,3,3357.3,5,-4295.7,UPI,Delivered
9640,2025-10-22,25,10,8,3,14913.0,25,4557.0,Debit Card,Delivered
9641,2025-06-19,229,24,19,3,12347.1,15,1907.1,Credit Card,Delivered
9642,2023-06-02,319,11,3,2,7009.1,15,5917.1,Cash,Returned
9643,2023-01-02,352,41,7,3,20322.0,0,5868.0,Cash,Delivered
9644,2024-09-27,212,45,4,5,8037.0,10,-5908.0,Debit Card,Returned
9645,2024-12-21,461,30,1,1,4589.6,20,208.6,Cash,Returned
9646,2024-06-04,141,24,12,1,4599.9,5,1119.9,UPI,Delivered
9647,2025-04-05,353,33,17,1,2912.1,15,-149.9,UPI,Delivered
9648,2023-08-02,28,7,4,1,3950.8,15,1865.8,Credit Card,Returned
9649,2023-08-01,437,54,19,1,1178.0,0,-1373.0,Credit Card,Delivered
9650,2024-03-29,66,12,10,2,6905.6,20,6199.6,UPI,Returned
9651,2023-06-29,70,29,13,5,4406.25,25,-3478.75,Cash,Delivered
9652,2024-10-13,349,28,3,1,6585.4,5,3657.4,Cash,Cancelled
9653,2025-05-14,208,60,2,4,21200.4,10,1668.4,Debit Card,Delivered
9654,2023-05-11,129,4,17,1,1989.0,0,-1738.0,Debit Card,Delivered
9655,2025-03-27,342,61,18,2,4456.2,30,972.2,UPI,Returned
9656,2023-11-01,471,54,5,4,3769.6,20,-6434.4,Debit Card,Delivered
9657,2024-07-27,52,66,6,1,3980.55,15,3090.55,Credit Card,Delivered
9658,2023-05-23,188,21,1,2,2287.8,10,-4040.2,UPI,Delivered
9659,2024-08-20,299,14,12,4,14637.6,10,-5026.4,Cash,Delivered
9660,2025-12-17,311,33,14,2,6166.8,10,42.8,Credit Card,Delivered
9661,2023-05-08,308,53,11,2,4998.0,30,3666.0,Cash,Delivered
9662,2023-05-31,3,24,10,2,7263.0,25,303.0,UPI,Delivered
9663,2025-03-30,86,49,4,5,15448.5,10,12148.5,UPI,Delivered
9664,2024-12-13,218,61,7,5,11140.5,30,2430.5,UPI,Returned
9665,2023-11-01,149,19,16,3,13471.2,20,8650.2,Credit Card,Delivered
9666,2024-10-14,299,27,10,4,8041.0,15,-3883.0,Credit Card,Delivered
9667,2025-05-19,380,50,13,4,4165.2,10,-13258.8,Debit Card,Delivered
9668,2024-04-23,26,26,20,2,9322.6,30,3840.6,UPI,Delivered
9669,2024-10-06,225,57,4,3,12729.6,20,759.6,UPI,Delivered
9670,2024-10-24,337,49,3,1,2403.1,30,1743.1,Debit Card,Delivered
9671,2024-03-12,150,25,20,1,2844.0,25,2000.0,Cash,Returned
9672,2024-08-18,20,23,7,1,3913.05,5,1720.05,Cash,Returned
9673,2023-08-04,429,52,7,2,1287.0,25,-6517.0,UPI,Delivered
9674,2023-04-04,482,44,9,5,22752.0,20,8517.0,Cash,Cancelled
9675,2024-10-19,85,45,13,4,5715.2,20,-5440.8,Cash,Returned
9676,2023-08-17,174,63,18,4,4224.0,0,-1516.0,Net Banking,Cancelled
9677,2024-07-15,224,15,15,2,7726.0,0,-2068.0,UPI,Returned
9678,2024-07-23,22,58,20,3,14856.75,25,636.75,Debit Card,Delivered
9679,2025-10-17,241,7,7,3,9760.8,30,3505.8,Credit Card,Delivered
9680,2024-04-01,169,10,11,3,14913.0,25,4557.0,Debit Card,Returned
9681,2024-05-24,129,40,12,5,18487.5,15,-2747.5,Cash,Cancelled
9682,2023-07-12,54,35,15,4,6996.0,0,2828.0,Cash,Cancelled
9683,2025-01-13,173,4,12,3,5668.65,5,-5512.35,Credit Card,Delivered
9684,2024-10-16,421,46,12,4,3105.2,30,-12102.8,UPI,Delivered
9685,2024-03-14,74,59,12,1,2963.8,30,2427.8,Cash,Delivered
9686,2023-08-25,144,43,1,1,4362.75,25,-461.25,Net Banking,Delivered
9687,2025-07-05,105,34,8,5,10561.25,15,3516.25,Debit Card,Returned
9688,2025-01-04,344,18,15,1,2407.5,25,2037.5,Credit Card,Cancelled
9689,2024-12-26,384,21,1,1,1143.9,10,-2020.1,UPI,Cancelled
9690,2023-11-10,329,3,15,3,17005.95,15,4183.95,Net Banking,Delivered
9691,2025-07-04,432,20,2,5,27895.5,10,8050.5,Credit Card,Delivered
9692,2023-04-12,180,9,4,4,3648.0,20,-8756.0,Cash,Delivered
9693,2023-12-19,106,32,8,5,8552.0,20,-13333.0,Debit Card,Delivered
9694,2023-07-14,291,61,10,4,9549.0,25,2581.0,UPI,Cancelled
9695,2024-07-05,359,61,7,3,6684.3,30,1458.3,UPI,Returned
9696,2025-09-26,446,47,1,4,15853.6,5,-310.4,Net Banking,Returned
9697,2025-11-11,176,11,7,5,20615.0,0,17885.0,Net Banking,Returned
9698,2025-10-25,266,22,13,1,1204.45,15,-2572.55,Credit Card,Delivered
9699,2023-08-30,158,51,17,1,4115.4,5,1373.4,Cash,Cancelled
9700,2023-10-13,366,21,1,3,3050.4,20,-6441.6,Net Banking,Delivered
9701,2024-05-09,262,59,9,2,8044.6,5,6972.6,UPI,Delivered
9702,2025-09-22,134,15,18,3,9850.65,15,-4840.35,Cash,Delivered
9703,2024-03-14,329,8,14,3,18066.0,0,3735.0,Net Banking,Delivered
9704,2025-05-19,168,39,3,4,8004.0,0,4736.0,Credit Card,Returned
9705,2023-08-26,267,11,1,4,12369.0,25,10185.0,Debit Card,Delivered
9706,2023-12-24,357,8,10,2,10839.6,10,1285.6,Cash,Returned
9707,2023-10-22,254,8,11,4,22883.6,5,3775.6,Credit Card,Delivered
9708,2025-09-30,441,7,16,4,17662.4,5,9322.4,Debit Card,Delivered
9709,2024-09-25,461,12,4,1,3237.0,25,2884.0,Credit Card,Delivered
9710,2024-01-15,56,44,5,5,25596.0,10,11361.0,UPI,Delivered
9711,2025-09-12,319,43,2,5,27630.75,5,3510.75,Debit Card,Delivered
9712,2025-11-06,34,49,5,3,7724.25,25,5744.25,Cash,Delivered
9713,2024-08-11,497,16,10,5,10953.75,25,-7151.25,Credit Card,Delivered
9714,2024-11-05,247,48,10,1,1960.0,30,-720.0,Net Banking,Delivered
9715,2023-01-05,320,41,14,3,19305.9,5,4851.9,Net Banking,Delivered
9716,2025-10-03,79,50,10,3,2603.25,25,-10464.75,Cash,Cancelled
9717,2025-03-20,191,3,11,5,31677.75,5,10307.75,Debit Card,Returned
9718,2024-03-07,71,42,6,2,7185.9,15,-2708.1,Cash,Cancelled
9719,2023-11-02,358,57,19,3,13525.2,15,1555.2,Credit Card,Cancelled
9720,2023-05-27,381,40,16,1,3697.5,15,-549.5,Credit Card,Cancelled
9721,2024-05-05,465,63,1,2,2112.0,0,-758.0,Debit Card,Delivered
9722,2023-05-31,100,37,10,1,4113.0,25,2492.0,Credit Card,Returned
9723,2023-08-07,86,6,4,2,12628.0,0,3504.0,UPI,Delivered
9724,2025-02-02,283,20,18,3,17667.15,5,5760.15,UPI,Delivered
9725,2024-07-25,423,40,2,3,11092.5,15,-1648.5,Net Banking,Delivered
9726,2024-03-08,284,48,19,1,2660.0,5,-20.0,Credit Card,Returned
9727,2024-04-12,86,11,12,2,7833.7,5,6741.7,Credit Card,Delivered
9728,2024-05-25,393,7,6,5,19754.0,15,9329.0,Net Banking,Delivered
9729,2024-09-15,403,50,4,4,4628.0,0,-12796.0,Credit Card,Cancelled
9730,2025-09-10,180,43,2,1,5526.15,5,702.15,UPI,Cancelled
9731,2025-06-19,440,31,7,3,11750.4,20,8348.4,Net Banking,Delivered
9732,2023-12-14,385,40,9,4,13920.0,20,-3068.0,UPI,Delivered
9733,2024-01-16,470,48,1,1,2380.0,15,-300.0,Credit Card,Delivered
9734,2023-01-14,448,37,16,1,4387.2,20,2766.2,Net Banking,Cancelled
9735,2023-05-19,184,5,2,2,6228.8,15,3712.8,Debit Card,Delivered
9736,2023-06-02,241,59,13,5,20111.5,5,17431.5,Cash,Cancelled
9737,2024-05-19,183,23,7,3,11121.3,10,4542.3,Net Banking,Delivered
9738,2024-07-23,383,12,13,2,7337.2,15,6631.2,Cash,Returned
9739,2023-09-10,329,30,16,2,9179.2,20,417.2,UPI,Delivered
9740,2023-05-06,315,38,1,2,11520.9,15,8616.9,Debit Card,Cancelled
9741,2023-12-13,35,1,15,3,8254.35,15,541.35,Debit Card,Delivered
9742,2023-03-05,462,22,3,3,3825.9,10,-7505.1,Cash,Delivered
9743,2024-10-19,319,43,20,1,5817.0,0,993.0,Credit Card,Delivered
9744,2025-11-05,37,11,11,3,9276.75,25,7638.75,Net Banking,Delivered
9745,2023-07-27,351,46,5,2,1996.2,10,-5607.8,UPI,Cancelled
9746,2024-01-02,296,8,20,1,4516.5,25,-260.5,Net Banking,Returned
9747,2024-10-21,403,10,1,2,10604.8,20,3700.8,UPI,Delivered
9748,2025-10-04,126,50,14,5,5206.5,10,-16573.5,Cash,Cancelled
9749,2023-12-06,344,16,20,5,10223.5,30,-7881.5,Debit Card,Cancelled
9750,2024-12-26,51,29,19,4,3525.0,25,-2783.0,Credit Card,Delivered
9751,2025-05-22,407,58,13,1,5942.7,10,1202.7,Debit Card,Delivered
9752,2024-04-25,385,64,2,3,2933.7,30,-8736.3,Credit Card,Returned
9753,2023-02-03,480,36,1,1,1841.1,15,-454.9,Cash,Delivered
9754,2025-10-07,428,31,3,4,14688.0,25,10152.0,UPI,Returned
9755,2024-04-22,86,61,7,4,12095.4,5,5127.4,UPI,Delivered
9756,2023-05-22,96,27,9,5,8277.5,30,-6627.5,Cash,Returned
9757,2024-11-11,214,36,20,1,2166.0,0,-130.0,Debit Card,Returned
9758,2024-05-16,186,5,3,2,7328.0,0,4812.0,Cash,Delivered
9759,2024-01-25,343,65,17,1,4480.7,30,1467.7,Debit Card,Returned
9760,2025-09-25,111,4,6,1,1889.55,5,-1837.45,Cash,Cancelled
9761,2023-01-18,288,47,13,1,3546.2,15,-494.8,Credit Card,Delivered
9762,2024-03-08,287,41,12,5,25402.5,25,1312.5,UPI,Delivered
9763,2023-10-08,311,54,6,1,824.6,30,-1726.4,UPI,Delivered
9764,2025-11-25,283,11,14,3,11132.1,10,9494.1,Credit Card,Delivered
9765,2023-07-17,497,50,8,4,4396.6,5,-13027.4,Cash,Delivered
9766,2024-09-03,181,51,19,3,11046.6,15,2820.6,Credit Card,Delivered
9767,2024-07-06,253,24,15,4,15494.4,20,1574.4,Cash,Delivered
9768,2024-10-19,278,54,16,2,2120.4,10,-2981.6,UPI,Delivered
9769,2023-10-03,365,3,3,3,14004.9,30,1182.9,Net Banking,Returned
9770,2024-11-17,314,36,1,5,10830.0,0,-650.0,Credit Card,Delivered
9771,2023-09-03,47,41,10,4,21676.8,20,2404.8,Credit Card,Delivered
9772,2023-03-12,169,49,1,4,13045.4,5,10405.4,Net Banking,Delivered
9773,2023-02-16,272,33,17,4,10963.2,20,-1284.8,Credit Card,Delivered
9774,2023-07-22,292,3,11,3,20007.0,0,7185.0,Net Banking,Cancelled
9775,2024-06-22,333,44,9,4,18201.6,20,6813.6,Debit Card,Delivered
9776,2025-07-03,190,58,10,4,23770.8,10,4810.8,Net Banking,Delivered
9777,2024-08-25,328,3,4,4,24008.4,10,6912.4,Credit Card,Delivered
9778,2023-04-24,229,9,8,3,3078.0,10,-6225.0,Debit Card,Delivered
9779,2024-10-29,455,17,1,3,8703.0,25,5274.0,Cash,Delivered
9780,2023-12-23,22,24,11,3,14526.0,0,4086.0,UPI,Delivered
9781,2025-10-17,54,31,1,4,14688.0,25,10152.0,Debit Card,Cancelled
9782,2024-05-12,279,58,19,5,24761.25,25,1061.25,UPI,Delivered
9783,2024-06-11,429,27,14,1,2246.75,5,-734.25,UPI,Delivered
9784,2023-04-17,261,40,15,1,3915.0,10,-332.0,Cash,Returned
9785,2023-05-28,6,51,9,4,17328.0,0,6360.0,Debit Card,Delivered
9786,2024-09-25,194,41,12,4,24386.4,10,5114.4,Net Banking,Delivered
9787,2023-01-28,154,43,19,1,5817.0,0,993.0,UPI,Delivered
9788,2024-08-22,231,12,8,1,4316.0,0,3963.0,Cash,Delivered
9789,2025-08-04,211,28,1,3,18716.4,10,9932.4,Cash,Cancelled
9790,2025-06-21,315,5,16,2,6595.2,10,4079.2,Debit Card,Delivered
9791,2023-02-08,177,18,19,3,8185.5,15,7075.5,Debit Card,Cancelled
9792,2023-10-18,1,46,5,5,4436.0,20,-14574.0,Debit Card,Delivered
9793,2024-10-09,320,4,15,4,7558.2,5,-7349.8,Cash,Delivered
9794,2024-01-30,413,52,8,1,858.0,0,-3044.0,Net Banking,Delivered
9795,2024-11-09,139,62,11,4,14902.4,20,-1481.6,UPI,Delivered
9796,2023-12-16,243,42,13,5,21135.0,0,-3600.0,UPI,Delivered
9797,2025-02-02,245,46,20,3,3160.65,5,-8245.35,UPI,Cancelled
9798,2024-11-06,408,42,12,1,3804.3,10,-1142.7,Net Banking,Delivered
9799,2023-08-11,482,63,7,3,3009.6,5,-1295.4,Debit Card,Delivered
9800,2023-05-25,247,50,14,4,3239.6,30,-14184.4,Cash,Delivered
9801,2025-06-05,457,19,19,1,4209.75,25,2602.75,Debit Card,Delivered
9802,2025-03-04,208,40,8,4,12180.0,30,-4808.0,Credit Card,Delivered
9803,2024-04-13,192,20,9,1,4649.25,25,680.25,Credit Card,Returned
9804,2025-07-28,33,42,7,2,8454.0,0,-1440.0,Cash,Delivered
9805,2025-01-11,184,65,3,1,6080.95,5,3067.95,Debit Card,Delivered
9806,2025-11-10,448,23,12,1,3501.15,15,1308.15,Debit Card,Delivered
9807,2025-05-08,51,25,2,3,9669.6,15,7137.6,Debit Card,Delivered
9808,2024-01-04,325,48,9,5,11200.0,20,-2200.0,Debit Card,Returned
9809,2024-04-11,23,29,9,3,3525.0,0,-1206.0,Credit Card,Cancelled
9810,2023-06-30,37,59,15,1,2963.8,30,2427.8,Credit Card,Delivered
9811,2024-07-25,50,15,16,2,6953.4,10,-2840.6,Cash,Returned
9812,2023-11-18,286,19,16,5,19645.5,30,11610.5,Net Banking,Delivered
9813,2023-07-09,263,60,12,3,14133.6,20,-515.4,Debit Card,Delivered
9814,2024-09-18,330,28,13,5,27728.0,20,13088.0,UPI,Delivered
9815,2024-09-25,87,51,14,5,16245.0,25,2535.0,Cash,Delivered
9816,2025-04-09,281,46,7,5,4990.5,10,-14019.5,Credit Card,Cancelled
9817,2024-08-15,162,62,12,2,6985.5,25,-1206.5,Net Banking,Returned
9818,2023-02-07,434,2,5,5,2605.25,15,-3304.75,Cash,Delivered
9819,2025-09-04,168,62,5,4,15833.8,15,-550.2,Cash,Delivered
9820,2024-02-26,392,4,6,5,8453.25,15,-10181.75,Cash,Cancelled
9821,2024-05-23,334,53,13,1,3213.0,10,2547.0,Debit Card,Delivered
9822,2023-07-24,284,20,19,3,18597.0,0,6690.0,Net Banking,Delivered
9823,2023-09-17,71,58,20,1,5612.55,15,872.55,Net Banking,Cancelled
9824,2025-06-23,500,36,9,4,7797.6,10,-1386.4,Cash,Delivered
9825,2025-03-30,416,38,3,4,23041.8,15,17233.8,UPI,Returned
9826,2023-09-04,127,1,7,5,16185.0,0,3330.0,Net Banking,Delivered
9827,2025-02-18,81,26,19,3,18978.15,5,10755.15,Debit Card,Delivered
9828,2024-03-07,103,18,12,3,7704.0,20,6594.0,UPI,Delivered
9829,2025-10-13,484,32,13,4,5986.4,30,-11521.6,UPI,Cancelled
9830,2025-07-05,142,31,18,3,12484.8,15,9082.8,Debit Card,Cancelled
9831,2025-02-06,20,13,11,1,3114.0,0,2277.0,Cash,Returned
9832,2025-05-01,444,39,17,2,2801.4,30,1167.4,Cash,Delivered
9833,2024-07-22,451,3,6,3,14004.9,30,1182.9,Cash,Delivered
9834,2023-08-16,331,11,12,4,11544.4,30,9360.4,Debit Card,Delivered
9835,2025-07-11,468,48,14,3,5880.0,30,-2160.0,Cash,Delivered
9836,2023-02-07,154,34,19,2,4473.0,10,1655.0,UPI,Delivered
9837,2024-06-08,127,42,5,3,11412.9,10,-3428.1,Net Banking,Delivered
9838,2024-10-18,305,24,9,1,3631.5,25,151.5,Cash,Delivered
9839,2025-03-08,335,37,14,2,9871.2,10,6629.2,Credit Card,Delivered
9840,2024-07-05,202,14,9,3,10978.2,10,-3769.8,Debit Card,Delivered
9841,2025-08-27,34,34,1,3,5591.25,25,1364.25,Cash,Returned
9842,2024-05-10,488,1,18,4,12300.6,5,2016.6,Debit Card,Returned
9843,2023-01-07,496,16,6,3,8324.85,5,-2538.15,Debit Card,Delivered
9844,2024-03-17,467,16,2,5,13144.5,10,-4960.5,UPI,Returned
9845,2025-08-21,434,12,16,4,16400.8,5,14988.8,Cash,Delivered
9846,2023-10-20,38,6,3,5,23677.5,25,867.5,Cash,Delivered
9847,2025-11-05,219,49,13,5,15448.5,10,12148.5,Net Banking,Delivered
9848,2024-07-12,234,32,17,1,1603.5,25,-2773.5,Credit Card,Returned
9849,2025-04-05,321,43,13,4,16287.6,30,-3008.4,UPI,Delivered
9850,2023-03-05,442,28,1,4,23568.8,15,11856.8,Credit Card,Delivered
9851,2024-09-19,236,10,1,4,19884.0,25,6076.0,Debit Card,Cancelled
9852,2024-08-07,487,29,12,2,1762.5,25,-1391.5,Credit Card,Returned
9853,2023-04-26,474,63,8,3,3168.0,0,-1137.0,Cash,Cancelled
9854,2023-07-30,329,10,3,4,18558.4,30,4750.4,Cash,Delivered
9855,2025-10-12,302,66,13,2,7961.1,15,6181.1,Cash,Returned
9856,2023-10-13,30,13,15,5,14013.0,10,9828.0,Debit Card,Delivered
9857,2024-08-12,317,32,3,1,1817.3,15,-2559.7,Net Banking,Delivered
9858,2025-03-08,219,39,19,5,10005.0,0,5920.0,Credit Card,Returned
9859,2024-11-14,279,54,8,4,3769.6,20,-6434.4,UPI,Returned
9860,2023-12-22,441,39,13,4,5602.8,30,2334.8,Debit Card,Cancelled
9861,2023-03-15,4,53,1,2,6426.0,10,5094.0,UPI,Delivered
9862,2024-12-15,474,27,4,5,11825.0,0,-3080.0,Cash,Cancelled
9863,2023-05-07,202,37,2,4,17548.8,20,11064.8,Cash,Cancelled
9864,2024-03-02,328,56,14,5,17570.25,5,-4194.75,UPI,Delivered
9865,2025-12-08,55,26,12,1,6659.0,0,3918.0,UPI,Delivered
9866,2024-09-22,176,41,5,2,9483.6,30,-152.4,Net Banking,Delivered
9867,2025-09-10,343,34,7,2,4721.5,5,1903.5,Debit Card,Delivered
9868,2025-06-04,362,30,2,2,8031.8,30,-730.2,Net Banking,Returned
9869,2024-07-24,22,11,12,2,5772.2,30,4680.2,Net Banking,Delivered
9870,2023-01-08,427,28,2,1,5545.6,20,2617.6,UPI,Returned
9871,2024-12-22,5,55,3,4,16764.0,25,13008.0,Net Banking,Cancelled
9872,2023-12-24,447,65,1,1,6401.0,0,3388.0,Net Banking,Delivered
9873,2023-03-22,151,61,19,4,11458.8,10,4490.8,Credit Card,Delivered
9874,2023-11-15,25,12,10,1,3452.8,20,3099.8,Net Banking,Delivered
9875,2024-06-22,36,32,8,5,10690.0,0,-11195.0,Cash,Delivered
9876,2023-07-16,387,5,20,5,16488.0,10,10198.0,UPI,Returned
9877,2024-01-22,27,27,9,2,4730.0,0,-1232.0,Credit Card,Cancelled
9878,2025-02-27,13,23,6,1,3707.1,10,1514.1,Cash,Returned
9879,2024-06-03,377,1,20,4,9711.0,25,-573.0,Credit Card,Delivered
9880,2024-01-22,222,25,20,5,17064.0,10,12844.0,Net Banking,Returned
9881,2025-09-13,174,37,18,2,8226.0,25,4984.0,Debit Card,Returned
9882,2025-12-21,272,43,16,3,16578.45,5,2106.45,Net Banking,Delivered
9883,2025-08-28,335,19,15,4,21329.4,5,14901.4,Cash,Delivered
9884,2024-10-26,9,45,4,3,4018.5,25,-4348.5,UPI,Returned
9885,2024-01-03,370,26,3,2,13318.0,0,7836.0,Cash,Delivered
9886,2023-06-12,427,23,20,2,6178.5,25,1792.5,Cash,Cancelled
9887,2023-06-02,276,36,6,2,3032.4,30,-1559.6,Cash,Delivered
9888,2024-11-06,229,44,7,3,17064.0,0,8523.0,Debit Card,Delivered
9889,2025-06-27,329,12,11,2,7337.2,15,6631.2,Net Banking,Cancelled
9890,2024-09-17,365,26,8,2,11986.2,10,6504.2,Net Banking,Delivered
9891,2025-03-19,147,6,10,4,23993.2,5,5745.2,Net Banking,Returned
9892,2025-09-25,105,41,16,4,18967.2,30,-304.8,Net Banking,Delivered
9893,2025-12-14,239,7,4,5,17430.0,25,7005.0,Net Banking,Delivered
9894,2023-12-18,438,27,7,5,11825.0,0,-3080.0,Net Banking,Delivered
9895,2025-11-03,30,63,10,4,4012.8,5,-1727.2,Cash,Delivered
9896,2025-02-24,367,16,11,3,7448.55,15,-3414.45,Net Banking,Delivered
9897,2023-02-06,113,11,15,1,3710.7,10,3164.7,Cash,Delivered
9898,2025-02-11,363,11,9,2,6596.8,20,5504.8,Net Banking,Delivered
9899,2024-07-30,160,9,12,3,3249.0,5,-6054.0,UPI,Returned
9900,2024-03-27,46,49,1,3,8754.15,15,6774.15,UPI,Returned
9901,2023-10-16,206,53,13,5,17850.0,0,14520.0,UPI,Delivered
9902,2023-06-08,354,62,7,1,4191.3,10,95.3,UPI,Delivered
9903,2023-05-22,152,55,13,1,4470.4,20,3531.4,Credit Card,Cancelled
9904,2024-05-23,297,3,20,3,19006.65,5,6184.65,Cash,Delivered
9905,2025-01-16,3,8,17,2,10237.4,15,683.4,Cash,Cancelled
9906,2025-03-21,247,45,20,1,1607.4,10,-1181.6,Credit Card,Delivered
9907,2023-06-11,158,58,3,3,19809.0,0,5589.0,Net Banking,Delivered
9908,2023-05-10,341,46,20,3,3160.65,5,-8245.35,UPI,Delivered
9909,2024-10-24,32,20,18,1,4649.25,25,680.25,Net Banking,Delivered
9910,2025-06-26,495,3,8,3,17005.95,15,4183.95,Credit Card,Delivered
9911,2023-04-28,473,35,16,2,2973.3,15,889.3,UPI,Returned
9912,2025-08-02,77,52,1,1,643.5,25,-3258.5,Debit Card,Cancelled
9913,2025-07-12,24,53,20,2,7140.0,0,5808.0,Debit Card,Delivered
9914,2025-10-20,378,32,8,1,1496.6,30,-2880.4,Credit Card,Delivered
9915,2025-06-30,439,63,11,2,2112.0,0,-758.0,Credit Card,Delivered
9916,2025-09-12,312,57,5,2,10077.6,5,2097.6,UPI,Delivered
9917,2024-08-15,411,61,16,1,3183.0,0,1441.0,Net Banking,Delivered
9918,2023-06-07,128,9,7,4,4332.0,5,-8072.0,Net Banking,Cancelled
9919,2023-11-23,272,57,18,2,7425.6,30,-554.4,Debit Card,Delivered
9920,2023-06-08,95,8,20,1,5118.7,15,341.7,Credit Card,Cancelled
9921,2024-07-06,294,14,13,4,14637.6,10,-5026.4,Net Banking,Delivered
9922,2023-12-17,290,35,12,4,6996.0,0,2828.0,Debit Card,Delivered
9923,2024-11-30,147,58,15,3,18818.55,5,4598.55,Net Banking,Returned
9924,2024-07-20,34,63,12,1,739.2,30,-695.8,Cash,Delivered
9925,2023-03-05,67,19,12,1,3929.1,30,2322.1,UPI,Delivered
9926,2023-06-19,115,34,18,3,7455.0,0,3228.0,Debit Card,Returned
9927,2023-08-19,378,50,13,2,2314.0,0,-6398.0,Net Banking,Delivered
9928,2025-04-12,92,21,15,5,4448.5,30,-11371.5,UPI,Delivered
9929,2024-01-26,49,41,14,4,23031.6,15,3759.6,Debit Card,Delivered
9930,2025-06-14,137,30,15,4,18358.4,20,834.4,Cash,Delivered
9931,2025-10-25,81,56,20,3,9987.3,10,-3071.7,Debit Card,Delivered
9932,2025-08-25,26,48,6,2,5040.0,10,-320.0,Debit Card,Delivered
9933,2024-01-03,339,3,6,3,19006.65,5,6184.65,Debit Card,Delivered
9934,2023-04-27,10,26,20,3,13983.9,30,5760.9,Cash,Cancelled
9935,2025-10-21,418,64,14,3,3143.25,25,-8526.75,Cash,Delivered
9936,2024-06-12,122,45,9,4,6429.6,10,-4726.4,UPI,Returned
9937,2025-10-18,163,10,17,5,31483.0,5,14223.0,Cash,Delivered
9938,2023-07-18,215,5,9,1,3297.6,10,2039.6,Cash,Delivered
9939,2023-02-13,152,42,1,3,10144.8,20,-4696.2,UPI,Cancelled
9940,2024-11-07,387,41,9,4,20322.0,25,1050.0,Debit Card,Delivered
9941,2023-12-15,61,9,5,1,912.0,20,-2189.0,Cash,Delivered
9942,2024-10-29,409,44,17,5,24174.0,15,9939.0,UPI,Delivered
9943,2024-08-16,300,8,2,3,13549.5,25,-781.5,UPI,Delivered
9944,2023-10-09,439,21,16,3,2859.75,25,-6632.25,Net Banking,Delivered
9945,2025-04-08,480,48,17,2,4200.0,25,-1160.0,Cash,Returned
9946,2023-05-05,54,48,7,1,2240.0,20,-440.0,Debit Card,Delivered
9947,2023-09-11,65,5,6,1,3297.6,10,2039.6,Credit Card,Delivered
9948,2025-04-30,273,38,20,5,25413.75,25,18153.75,Credit Card,Delivered
9949,2025-06-28,314,64,1,5,6286.5,10,-13163.5,UPI,Delivered
9950,2023-05-09,229,18,14,2,5778.0,10,5038.0,Cash,Returned
9951,2025-10-31,275,28,19,5,25995.0,25,11355.0,UPI,Delivered
9952,2023-01-12,381,9,12,2,1596.0,30,-4606.0,Cash,Delivered
9953,2025-06-18,420,50,15,5,5785.0,0,-15995.0,UPI,Delivered
9954,2023-06-09,352,32,17,4,6841.6,20,-10666.4,Debit Card,Delivered
9955,2025-08-25,346,20,15,4,22316.4,10,6440.4,Credit Card,Returned
9956,2025-08-15,499,12,18,2,6905.6,20,6199.6,Cash,Delivered
9957,2023-04-08,441,65,3,1,4800.75,25,1787.75,Debit Card,Delivered
9958,2025-07-29,223,61,20,1,2228.1,30,486.1,UPI,Delivered
9959,2025-10-09,397,17,10,1,3868.0,0,2725.0,Cash,Delivered
9960,2025-07-25,91,31,11,1,3672.0,25,2538.0,Debit Card,Delivered
9961,2023-01-12,72,30,20,5,28685.0,0,6780.0,Cash,Delivered
9962,2024-01-02,108,63,14,5,4752.0,10,-2423.0,Net Banking,Delivered
9963,2025-07-24,49,38,11,3,18297.9,10,13941.9,Cash,Delivered
9964,2025-05-26,444,19,9,5,21048.75,25,13013.75,Cash,Delivered
9965,2025-05-26,221,61,4,1,2705.55,15,963.55,Cash,Delivered
9966,2023-11-23,337,46,13,1,887.2,20,-2914.8,Credit Card,Cancelled
9967,2023-08-29,112,47,19,2,7509.6,10,-572.4,Debit Card,Delivered
9968,2023-11-06,76,62,12,1,3492.75,25,-603.25,UPI,Delivered
9969,2023-12-28,122,41,14,2,11515.8,15,1879.8,Debit Card,Cancelled
9970,2024-03-30,492,55,16,4,17881.6,20,14125.6,Credit Card,Delivered
9971,2023-04-22,171,44,7,4,20476.8,10,9088.8,Net Banking,Returned
9972,2023-12-16,386,3,16,5,33345.0,0,11975.0,UPI,Delivered
9973,2024-07-02,261,55,18,5,22352.0,20,17657.0,Debit Card,Returned
9974,2025-03-11,45,5,3,4,10992.0,25,5960.0,Net Banking,Returned
9975,2023-03-01,424,10,16,5,23198.0,30,5938.0,UPI,Delivered
9976,2025-04-09,185,19,11,2,10103.4,10,6889.4,Credit Card,Delivered
9977,2025-04-29,330,24,15,5,22999.5,5,5599.5,UPI,Returned
9978,2023-03-20,417,64,13,1,977.9,30,-2912.1,Credit Card,Delivered
9979,2023-03-20,272,8,10,4,16861.6,30,-2246.4,UPI,Delivered
9980,2023-04-07,410,44,19,2,8532.0,25,2838.0,Cash,Returned
9981,2023-05-08,42,65,14,2,10881.7,15,4855.7,Credit Card,Delivered
9982,2024-12-21,391,57,13,3,12729.6,20,759.6,Net Banking,Delivered
9983,2025-03-12,285,58,5,3,19809.0,0,5589.0,Cash,Delivered
9984,2025-04-26,250,10,7,1,5633.8,15,2181.8,Credit Card,Cancelled
9985,2024-12-12,377,64,13,4,3911.6,30,-11648.4,Net Banking,Delivered
9986,2023-04-22,61,54,10,2,2002.6,15,-3099.4,Credit Card,Delivered
9987,2025-02-08,37,58,9,2,9244.2,30,-235.8,Net Banking,Delivered
9988,2023-05-05,59,36,16,2,4115.4,5,-476.6,Net Banking,Delivered
9989,2024-07-19,160,53,4,2,6426.0,10,5094.0,Debit Card,Delivered
9990,2025-03-04,245,28,8,5,34660.0,0,20020.0,Net Banking,Delivered
9991,2025-06-18,277,53,1,1,2856.0,20,2190.0,Net Banking,Delivered
9992,2025-10-16,468,15,14,2,5408.2,30,-4385.8,UPI,Cancelled
9993,2024-08-11,241,56,13,2,5548.5,25,-3157.5,UPI,Delivered
9994,2023-01-10,235,20,18,1,4649.25,25,680.25,Cash,Delivered
9995,2024-08-22,234,11,3,3,9895.2,20,8257.2,Net Banking,Delivered
9996,2024-04-18,277,48,11,2,3920.0,30,-1440.0,UPI,Delivered
9997,2023-05-07,53,22,8,3,3613.35,15,-7717.65,Credit Card,Returned
9998,2025-04-28,320,66,1,3,9834.3,30,7164.3,UPI,Returned
9999,2025-10-13,82,47,8,5,16688.0,20,-3517.0,UPI,Delivered
10000,2024-05-16,63,45,14,3,4286.4,20,-4080.6,Cash,Delivered
